# vtk DataFile Version 2.0
Re1000
ASCII
DATASET UNSTRUCTURED_GRID
POINTS 8450 float
0 0 0 0.015625 0 0 0.03125 0 0 0.046875 0
0 0.0625 0 0 0.078125 0 0 0.09375 0 0
0.109375 0 0 0.125 0 0 0.140625 0 0 0.15625
0 0 0.171875 0 0 0.1875 0 0 0.203125 0
0 0.21875 0 0 0.234375 0 0 0.25 0 0
0.265625 0 0 0.28125 0 0 0.296875 0 0 0.3125
0 0 0.328125 0 0 0.34375 0 0 0.359375 0
0 0.375 0 0 0.390625 0 0 0.40625 0 0
0.421875 0 0 0.4375 0 0 0.453125 0 0 0.46875
0 0 0.484375 0 0 0.5 0 0 0.515625 0
0 0.53125 0 0 0.546875 0 0 0.5625 0 0
0.578125 0 0 0.59375 0 0 0.609375 0 0 0.625
0 0 0.640625 0 0 0.65625 0 0 0.671875 0
0 0.6875 0 0 0.703125 0 0 0.71875 0 0
0.734375 0 0 0.75 0 0 0.765625 0 0 0.78125
0 0 0.796875 0 0 0.8125 0 0 0.828125 0
0 0.84375 0 0 0.859375 0 0 0.875 0 0
0.890625 0 0 0.90625 0 0 0.921875 0 0 0.9375
0 0 0.953125 0 0 0.96875 0 0 0.984375 0
0 1 0 0 0 0.015625 0 0.015625 0.015625 0
0.03125 0.015625 0 0.046875 0.015625 0 0.0625 0.015625 0 0.078125
0.015625 0 0.09375 0.015625 0 0.109375 0.015625 0 0.125 0.015625
0 0.140625 0.015625 0 0.15625 0.015625 0 0.171875 0.015625 0
0.1875 0.015625 0 0.203125 0.015625 0 0.21875 0.015625 0 0.234375
0.015625 0 0.25 0.015625 0 0.265625 0.015625 0 0.28125 0.015625
0 0.296875 0.015625 0 0.3125 0.015625 0 0.328125 0.015625 0
0.34375 0.015625 0 0.359375 0.015625 0 0.375 0.015625 0 0.390625
0.015625 0 0.40625 0.015625 0 0.421875 0.015625 0 0.4375 0.015625
0 0.453125 0.015625 0 0.46875 0.015625 0 0.484375 0.015625 0
0.5 0.015625 0 0.515625 0.015625 0 0.53125 0.015625 0 0.546875
0.015625 0 0.5625 0.015625 0 0.578125 0.015625 0 0.59375 0.015625
0 0.609375 0.015625 0 0.625 0.015625 0 0.640625 0.015625 0
0.65625 0.015625 0 0.671875 0.015625 0 0.6875 0.015625 0 0.703125
0.015625 0 0.71875 0.015625 0 0.734375 0.015625 0 0.75 0.015625
0 0.765625 0.015625 0 0.78125 0.015625 0 0.796875 0.015625 0
0.8125 0.015625 0 0.828125 0.015625 0 0.84375 0.015625 0 0.859375
0.015625 0 0.875 0.015625 0 0.890625 0.015625 0 0.90625 0.015625
0 0.921875 0.015625 0 0.9375 0.015625 0 0.953125 0.015625 0
0.96875 0.015625 0 0.984375 0.015625 0 1 0.015625 0 0
0.03125 0 0.015625 0.03125 0 0.03125 0.03125 0 0.046875 0.03125
0 0.0625 0.03125 0 0.078125 0.03125 0 0.09375 0.03125 0
0.109375 0.03125 0 0.125 0.03125 0 0.140625 0.03125 0 0.15625
0.03125 0 0.171875 0.03125 0 0.1875 0.03125 0 0.203125 0.03125
0 0.21875 0.03125 0 0.234375 0.03125 0 0.25 0.03125 0
0.265625 0.03125 0 0.28125 0.03125 0 0.296875 0.03125 0 0.3125
0.03125 0 0.328125 0.03125 0 0.34375 0.03125 0 0.359375 0.03125
0 0.375 0.03125 0 0.390625 0.03125 0 0.40625 0.03125 0
0.421875 0.03125 0 0.4375 0.03125 0 0.453125 0.03125 0 0.46875
0.03125 0 0.484375 0.03125 0 0.5 0.03125 0 0.515625 0.03125
0 0.53125 0.03125 0 0.546875 0.03125 0 0.5625 0.03125 0
0.578125 0.03125 0 0.59375 0.03125 0 0.609375 0.03125 0 0.625
0.03125 0 0.640625 0.03125 0 0.65625 0.03125 0 0.671875 0.03125
0 0.6875 0.03125 0 0.703125 0.03125 0 0.71875 0.03125 0
0.734375 0.03125 0 0.75 0.03125 0 0.765625 0.03125 0 0.78125
0.03125 0 0.796875 0.03125 0 0.8125 0.03125 0 0.828125 0.03125
0 0.84375 0.03125 0 0.859375 0.03125 0 0.875 0.03125 0
0.890625 0.03125 0 0.90625 0.03125 0 0.921875 0.03125 0 0.9375
0.03125 0 0.953125 0.03125 0 0.96875 0.03125 0 0.984375 0.03125
0 1 0.03125 0 0 0.046875 0 0.015625 0.046875 0
0.03125 0.046875 0 0.046875 0.046875 0 0.0625 0.046875 0 0.078125
0.046875 0 0.09375 0.046875 0 0.109375 0.046875 0 0.125 0.046875
0 0.140625 0.046875 0 0.15625 0.046875 0 0.171875 0.046875 0
0.1875 0.046875 0 0.203125 0.046875 0 0.21875 0.046875 0 0.234375
0.046875 0 0.25 0.046875 0 0.265625 0.046875 0 0.28125 0.046875
0 0.296875 0.046875 0 0.3125 0.046875 0 0.328125 0.046875 0
0.34375 0.046875 0 0.359375 0.046875 0 0.375 0.046875 0 0.390625
0.046875 0 0.40625 0.046875 0 0.421875 0.046875 0 0.4375 0.046875
0 0.453125 0.046875 0 0.46875 0.046875 0 0.484375 0.046875 0
0.5 0.046875 0 0.515625 0.046875 0 0.53125 0.046875 0 0.546875
0.046875 0 0.5625 0.046875 0 0.578125 0.046875 0 0.59375 0.046875
0 0.609375 0.046875 0 0.625 0.046875 0 0.640625 0.046875 0
0.65625 0.046875 0 0.671875 0.046875 0 0.6875 0.046875 0 0.703125
0.046875 0 0.71875 0.046875 0 0.734375 0.046875 0 0.75 0.046875
0 0.765625 0.046875 0 0.78125 0.046875 0 0.796875 0.046875 0
0.8125 0.046875 0 0.828125 0.046875 0 0.84375 0.046875 0 0.859375
0.046875 0 0.875 0.046875 0 0.890625 0.046875 0 0.90625 0.046875
0 0.921875 0.046875 0 0.9375 0.046875 0 0.953125 0.046875 0
0.96875 0.046875 0 0.984375 0.046875 0 1 0.046875 0 0
0.0625 0 0.015625 0.0625 0 0.03125 0.0625 0 0.046875 0.0625
0 0.0625 0.0625 0 0.078125 0.0625 0 0.09375 0.0625 0
0.109375 0.0625 0 0.125 0.0625 0 0.140625 0.0625 0 0.15625
0.0625 0 0.171875 0.0625 0 0.1875 0.0625 0 0.203125 0.0625
0 0.21875 0.0625 0 0.234375 0.0625 0 0.25 0.0625 0
0.265625 0.0625 0 0.28125 0.0625 0 0.296875 0.0625 0 0.3125
0.0625 0 0.328125 0.0625 0 0.34375 0.0625 0 0.359375 0.0625
0 0.375 0.0625 0 0.390625 0.0625 0 0.40625 0.0625 0
0.421875 0.0625 0 0.4375 0.0625 0 0.453125 0.0625 0 0.46875
0.0625 0 0.484375 0.0625 0 0.5 0.0625 0 0.515625 0.0625
0 0.53125 0.0625 0 0.546875 0.0625 0 0.5625 0.0625 0
0.578125 0.0625 0 0.59375 0.0625 0 0.609375 0.0625 0 0.625
0.0625 0 0.640625 0.0625 0 0.65625 0.0625 0 0.671875 0.0625
0 0.6875 0.0625 0 0.703125 0.0625 0 0.71875 0.0625 0
0.734375 0.0625 0 0.75 0.0625 0 0.765625 0.0625 0 0.78125
0.0625 0 0.796875 0.0625 0 0.8125 0.0625 0 0.828125 0.0625
0 0.84375 0.0625 0 0.859375 0.0625 0 0.875 0.0625 0
0.890625 0.0625 0 0.90625 0.0625 0 0.921875 0.0625 0 0.9375
0.0625 0 0.953125 0.0625 0 0.96875 0.0625 0 0.984375 0.0625
0 1 0.0625 0 0 0.078125 0 0.015625 0.078125 0
0.03125 0.078125 0 0.046875 0.078125 0 0.0625 0.078125 0 0.078125
0.078125 0 0.09375 0.078125 0 0.109375 0.078125 0 0.125 0.078125
0 0.140625 0.078125 0 0.15625 0.078125 0 0.171875 0.078125 0
0.1875 0.078125 0 0.203125 0.078125 0 0.21875 0.078125 0 0.234375
0.078125 0 0.25 0.078125 0 0.265625 0.078125 0 0.28125 0.078125
0 0.296875 0.078125 0 0.3125 0.078125 0 0.328125 0.078125 0
0.34375 0.078125 0 0.359375 0.078125 0 0.375 0.078125 0 0.390625
0.078125 0 0.40625 0.078125 0 0.421875 0.078125 0 0.4375 0.078125
0 0.453125 0.078125 0 0.46875 0.078125 0 0.484375 0.078125 0
0.5 0.078125 0 0.515625 0.078125 0 0.53125 0.078125 0 0.546875
0.078125 0 0.5625 0.078125 0 0.578125 0.078125 0 0.59375 0.078125
0 0.609375 0.078125 0 0.625 0.078125 0 0.640625 0.078125 0
0.65625 0.078125 0 0.671875 0.078125 0 0.6875 0.078125 0 0.703125
0.078125 0 0.71875 0.078125 0 0.734375 0.078125 0 0.75 0.078125
0 0.765625 0.078125 0 0.78125 0.078125 0 0.796875 0.078125 0
0.8125 0.078125 0 0.828125 0.078125 0 0.84375 0.078125 0 0.859375
0.078125 0 0.875 0.078125 0 0.890625 0.078125 0 0.90625 0.078125
0 0.921875 0.078125 0 0.9375 0.078125 0 0.953125 0.078125 0
0.96875 0.078125 0 0.984375 0.078125 0 1 0.078125 0 0
0.09375 0 0.015625 0.09375 0 0.03125 0.09375 0 0.046875 0.09375
0 0.0625 0.09375 0 0.078125 0.09375 0 0.09375 0.09375 0
0.109375 0.09375 0 0.125 0.09375 0 0.140625 0.09375 0 0.15625
0.09375 0 0.171875 0.09375 0 0.1875 0.09375 0 0.203125 0.09375
0 0.21875 0.09375 0 0.234375 0.09375 0 0.25 0.09375 0
0.265625 0.09375 0 0.28125 0.09375 0 0.296875 0.09375 0 0.3125
0.09375 0 0.328125 0.09375 0 0.34375 0.09375 0 0.359375 0.09375
0 0.375 0.09375 0 0.390625 0.09375 0 0.40625 0.09375 0
0.421875 0.09375 0 0.4375 0.09375 0 0.453125 0.09375 0 0.46875
0.09375 0 0.484375 0.09375 0 0.5 0.09375 0 0.515625 0.09375
0 0.53125 0.09375 0 0.546875 0.09375 0 0.5625 0.09375 0
0.578125 0.09375 0 0.59375 0.09375 0 0.609375 0.09375 0 0.625
0.09375 0 0.640625 0.09375 0 0.65625 0.09375 0 0.671875 0.09375
0 0.6875 0.09375 0 0.703125 0.09375 0 0.71875 0.09375 0
0.734375 0.09375 0 0.75 0.09375 0 0.765625 0.09375 0 0.78125
0.09375 0 0.796875 0.09375 0 0.8125 0.09375 0 0.828125 0.09375
0 0.84375 0.09375 0 0.859375 0.09375 0 0.875 0.09375 0
0.890625 0.09375 0 0.90625 0.09375 0 0.921875 0.09375 0 0.9375
0.09375 0 0.953125 0.09375 0 0.96875 0.09375 0 0.984375 0.09375
0 1 0.09375 0 0 0.109375 0 0.015625 0.109375 0
0.03125 0.109375 0 0.046875 0.109375 0 0.0625 0.109375 0 0.078125
0.109375 0 0.09375 0.109375 0 0.109375 0.109375 0 0.125 0.109375
0 0.140625 0.109375 0 0.15625 0.109375 0 0.171875 0.109375 0
0.1875 0.109375 0 0.203125 0.109375 0 0.21875 0.109375 0 0.234375
0.109375 0 0.25 0.109375 0 0.265625 0.109375 0 0.28125 0.109375
0 0.296875 0.109375 0 0.3125 0.109375 0 0.328125 0.109375 0
0.34375 0.109375 0 0.359375 0.109375 0 0.375 0.109375 0 0.390625
0.109375 0 0.40625 0.109375 0 0.421875 0.109375 0 0.4375 0.109375
0 0.453125 0.109375 0 0.46875 0.109375 0 0.484375 0.109375 0
0.5 0.109375 0 0.515625 0.109375 0 0.53125 0.109375 0 0.546875
0.109375 0 0.5625 0.109375 0 0.578125 0.109375 0 0.59375 0.109375
0 0.609375 0.109375 0 0.625 0.109375 0 0.640625 0.109375 0
0.65625 0.109375 0 0.671875 0.109375 0 0.6875 0.109375 0 0.703125
0.109375 0 0.71875 0.109375 0 0.734375 0.109375 0 0.75 0.109375
0 0.765625 0.109375 0 0.78125 0.109375 0 0.796875 0.109375 0
0.8125 0.109375 0 0.828125 0.109375 0 0.84375 0.109375 0 0.859375
0.109375 0 0.875 0.109375 0 0.890625 0.109375 0 0.90625 0.109375
0 0.921875 0.109375 0 0.9375 0.109375 0 0.953125 0.109375 0
0.96875 0.109375 0 0.984375 0.109375 0 1 0.109375 0 0
0.125 0 0.015625 0.125 0 0.03125 0.125 0 0.046875 0.125
0 0.0625 0.125 0 0.078125 0.125 0 0.09375 0.125 0
0.109375 0.125 0 0.125 0.125 0 0.140625 0.125 0 0.15625
0.125 0 0.171875 0.125 0 0.1875 0.125 0 0.203125 0.125
0 0.21875 0.125 0 0.234375 0.125 0 0.25 0.125 0
0.265625 0.125 0 0.28125 0.125 0 0.296875 0.125 0 0.3125
0.125 0 0.328125 0.125 0 0.34375 0.125 0 0.359375 0.125
0 0.375 0.125 0 0.390625 0.125 0 0.40625 0.125 0
0.421875 0.125 0 0.4375 0.125 0 0.453125 0.125 0 0.46875
0.125 0 0.484375 0.125 0 0.5 0.125 0 0.515625 0.125
0 0.53125 0.125 0 0.546875 0.125 0 0.5625 0.125 0
0.578125 0.125 0 0.59375 0.125 0 0.609375 0.125 0 0.625
0.125 0 0.640625 0.125 0 0.65625 0.125 0 0.671875 0.125
0 0.6875 0.125 0 0.703125 0.125 0 0.71875 0.125 0
0.734375 0.125 0 0.75 0.125 0 0.765625 0.125 0 0.78125
0.125 0 0.796875 0.125 0 0.8125 0.125 0 0.828125 0.125
0 0.84375 0.125 0 0.859375 0.125 0 0.875 0.125 0
0.890625 0.125 0 0.90625 0.125 0 0.921875 0.125 0 0.9375
0.125 0 0.953125 0.125 0 0.96875 0.125 0 0.984375 0.125
0 1 0.125 0 0 0.140625 0 0.015625 0.140625 0
0.03125 0.140625 0 0.046875 0.140625 0 0.0625 0.140625 0 0.078125
0.140625 0 0.09375 0.140625 0 0.109375 0.140625 0 0.125 0.140625
0 0.140625 0.140625 0 0.15625 0.140625 0 0.171875 0.140625 0
0.1875 0.140625 0 0.203125 0.140625 0 0.21875 0.140625 0 0.234375
0.140625 0 0.25 0.140625 0 0.265625 0.140625 0 0.28125 0.140625
0 0.296875 0.140625 0 0.3125 0.140625 0 0.328125 0.140625 0
0.34375 0.140625 0 0.359375 0.140625 0 0.375 0.140625 0 0.390625
0.140625 0 0.40625 0.140625 0 0.421875 0.140625 0 0.4375 0.140625
0 0.453125 0.140625 0 0.46875 0.140625 0 0.484375 0.140625 0
0.5 0.140625 0 0.515625 0.140625 0 0.53125 0.140625 0 0.546875
0.140625 0 0.5625 0.140625 0 0.578125 0.140625 0 0.59375 0.140625
0 0.609375 0.140625 0 0.625 0.140625 0 0.640625 0.140625 0
0.65625 0.140625 0 0.671875 0.140625 0 0.6875 0.140625 0 0.703125
0.140625 0 0.71875 0.140625 0 0.734375 0.140625 0 0.75 0.140625
0 0.765625 0.140625 0 0.78125 0.140625 0 0.796875 0.140625 0
0.8125 0.140625 0 0.828125 0.140625 0 0.84375 0.140625 0 0.859375
0.140625 0 0.875 0.140625 0 0.890625 0.140625 0 0.90625 0.140625
0 0.921875 0.140625 0 0.9375 0.140625 0 0.953125 0.140625 0
0.96875 0.140625 0 0.984375 0.140625 0 1 0.140625 0 0
0.15625 0 0.015625 0.15625 0 0.03125 0.15625 0 0.046875 0.15625
0 0.0625 0.15625 0 0.078125 0.15625 0 0.09375 0.15625 0
0.109375 0.15625 0 0.125 0.15625 0 0.140625 0.15625 0 0.15625
0.15625 0 0.171875 0.15625 0 0.1875 0.15625 0 0.203125 0.15625
0 0.21875 0.15625 0 0.234375 0.15625 0 0.25 0.15625 0
0.265625 0.15625 0 0.28125 0.15625 0 0.296875 0.15625 0 0.3125
0.15625 0 0.328125 0.15625 0 0.34375 0.15625 0 0.359375 0.15625
0 0.375 0.15625 0 0.390625 0.15625 0 0.40625 0.15625 0
0.421875 0.15625 0 0.4375 0.15625 0 0.453125 0.15625 0 0.46875
0.15625 0 0.484375 0.15625 0 0.5 0.15625 0 0.515625 0.15625
0 0.53125 0.15625 0 0.546875 0.15625 0 0.5625 0.15625 0
0.578125 0.15625 0 0.59375 0.15625 0 0.609375 0.15625 0 0.625
0.15625 0 0.640625 0.15625 0 0.65625 0.15625 0 0.671875 0.15625
0 0.6875 0.15625 0 0.703125 0.15625 0 0.71875 0.15625 0
0.734375 0.15625 0 0.75 0.15625 0 0.765625 0.15625 0 0.78125
0.15625 0 0.796875 0.15625 0 0.8125 0.15625 0 0.828125 0.15625
0 0.84375 0.15625 0 0.859375 0.15625 0 0.875 0.15625 0
0.890625 0.15625 0 0.90625 0.15625 0 0.921875 0.15625 0 0.9375
0.15625 0 0.953125 0.15625 0 0.96875 0.15625 0 0.984375 0.15625
0 1 0.15625 0 0 0.171875 0 0.015625 0.171875 0
0.03125 0.171875 0 0.046875 0.171875 0 0.0625 0.171875 0 0.078125
0.171875 0 0.09375 0.171875 0 0.109375 0.171875 0 0.125 0.171875
0 0.140625 0.171875 0 0.15625 0.171875 0 0.171875 0.171875 0
0.1875 0.171875 0 0.203125 0.171875 0 0.21875 0.171875 0 0.234375
0.171875 0 0.25 0.171875 0 0.265625 0.171875 0 0.28125 0.171875
0 0.296875 0.171875 0 0.3125 0.171875 0 0.328125 0.171875 0
0.34375 0.171875 0 0.359375 0.171875 0 0.375 0.171875 0 0.390625
0.171875 0 0.40625 0.171875 0 0.421875 0.171875 0 0.4375 0.171875
0 0.453125 0.171875 0 0.46875 0.171875 0 0.484375 0.171875 0
0.5 0.171875 0 0.515625 0.171875 0 0.53125 0.171875 0 0.546875
0.171875 0 0.5625 0.171875 0 0.578125 0.171875 0 0.59375 0.171875
0 0.609375 0.171875 0 0.625 0.171875 0 0.640625 0.171875 0
0.65625 0.171875 0 0.671875 0.171875 0 0.6875 0.171875 0 0.703125
0.171875 0 0.71875 0.171875 0 0.734375 0.171875 0 0.75 0.171875
0 0.765625 0.171875 0 0.78125 0.171875 0 0.796875 0.171875 0
0.8125 0.171875 0 0.828125 0.171875 0 0.84375 0.171875 0 0.859375
0.171875 0 0.875 0.171875 0 0.890625 0.171875 0 0.90625 0.171875
0 0.921875 0.171875 0 0.9375 0.171875 0 0.953125 0.171875 0
0.96875 0.171875 0 0.984375 0.171875 0 1 0.171875 0 0
0.1875 0 0.015625 0.1875 0 0.03125 0.1875 0 0.046875 0.1875
0 0.0625 0.1875 0 0.078125 0.1875 0 0.09375 0.1875 0
0.109375 0.1875 0 0.125 0.1875 0 0.140625 0.1875 0 0.15625
0.1875 0 0.171875 0.1875 0 0.1875 0.1875 0 0.203125 0.1875
0 0.21875 0.1875 0 0.234375 0.1875 0 0.25 0.1875 0
0.265625 0.1875 0 0.28125 0.1875 0 0.296875 0.1875 0 0.3125
0.1875 0 0.328125 0.1875 0 0.34375 0.1875 0 0.359375 0.1875
0 0.375 0.1875 0 0.390625 0.1875 0 0.40625 0.1875 0
0.421875 0.1875 0 0.4375 0.1875 0 0.453125 0.1875 0 0.46875
0.1875 0 0.484375 0.1875 0 0.5 0.1875 0 0.515625 0.1875
0 0.53125 0.1875 0 0.546875 0.1875 0 0.5625 0.1875 0
0.578125 0.1875 0 0.59375 0.1875 0 0.609375 0.1875 0 0.625
0.1875 0 0.640625 0.1875 0 0.65625 0.1875 0 0.671875 0.1875
0 0.6875 0.1875 0 0.703125 0.1875 0 0.71875 0.1875 0
0.734375 0.1875 0 0.75 0.1875 0 0.765625 0.1875 0 0.78125
0.1875 0 0.796875 0.1875 0 0.8125 0.1875 0 0.828125 0.1875
0 0.84375 0.1875 0 0.859375 0.1875 0 0.875 0.1875 0
0.890625 0.1875 0 0.90625 0.1875 0 0.921875 0.1875 0 0.9375
0.1875 0 0.953125 0.1875 0 0.96875 0.1875 0 0.984375 0.1875
0 1 0.1875 0 0 0.203125 0 0.015625 0.203125 0
0.03125 0.203125 0 0.046875 0.203125 0 0.0625 0.203125 0 0.078125
0.203125 0 0.09375 0.203125 0 0.109375 0.203125 0 0.125 0.203125
0 0.140625 0.203125 0 0.15625 0.203125 0 0.171875 0.203125 0
0.1875 0.203125 0 0.203125 0.203125 0 0.21875 0.203125 0 0.234375
0.203125 0 0.25 0.203125 0 0.265625 0.203125 0 0.28125 0.203125
0 0.296875 0.203125 0 0.3125 0.203125 0 0.328125 0.203125 0
0.34375 0.203125 0 0.359375 0.203125 0 0.375 0.203125 0 0.390625
0.203125 0 0.40625 0.203125 0 0.421875 0.203125 0 0.4375 0.203125
0 0.453125 0.203125 0 0.46875 0.203125 0 0.484375 0.203125 0
0.5 0.203125 0 0.515625 0.203125 0 0.53125 0.203125 0 0.546875
0.203125 0 0.5625 0.203125 0 0.578125 0.203125 0 0.59375 0.203125
0 0.609375 0.203125 0 0.625 0.203125 0 0.640625 0.203125 0
0.65625 0.203125 0 0.671875 0.203125 0 0.6875 0.203125 0 0.703125
0.203125 0 0.71875 0.203125 0 0.734375 0.203125 0 0.75 0.203125
0 0.765625 0.203125 0 0.78125 0.203125 0 0.796875 0.203125 0
0.8125 0.203125 0 0.828125 0.203125 0 0.84375 0.203125 0 0.859375
0.203125 0 0.875 0.203125 0 0.890625 0.203125 0 0.90625 0.203125
0 0.921875 0.203125 0 0.9375 0.203125 0 0.953125 0.203125 0
0.96875 0.203125 0 0.984375 0.203125 0 1 0.203125 0 0
0.21875 0 0.015625 0.21875 0 0.03125 0.21875 0 0.046875 0.21875
0 0.0625 0.21875 0 0.078125 0.21875 0 0.09375 0.21875 0
0.109375 0.21875 0 0.125 0.21875 0 0.140625 0.21875 0 0.15625
0.21875 0 0.171875 0.21875 0 0.1875 0.21875 0 0.203125 0.21875
0 0.21875 0.21875 0 0.234375 0.21875 0 0.25 0.21875 0
0.265625 0.21875 0 0.28125 0.21875 0 0.296875 0.21875 0 0.3125
0.21875 0 0.328125 0.21875 0 0.34375 0.21875 0 0.359375 0.21875
0 0.375 0.21875 0 0.390625 0.21875 0 0.40625 0.21875 0
0.421875 0.21875 0 0.4375 0.21875 0 0.453125 0.21875 0 0.46875
0.21875 0 0.484375 0.21875 0 0.5 0.21875 0 0.515625 0.21875
0 0.53125 0.21875 0 0.546875 0.21875 0 0.5625 0.21875 0
0.578125 0.21875 0 0.59375 0.21875 0 0.609375 0.21875 0 0.625
0.21875 0 0.640625 0.21875 0 0.65625 0.21875 0 0.671875 0.21875
0 0.6875 0.21875 0 0.703125 0.21875 0 0.71875 0.21875 0
0.734375 0.21875 0 0.75 0.21875 0 0.765625 0.21875 0 0.78125
0.21875 0 0.796875 0.21875 0 0.8125 0.21875 0 0.828125 0.21875
0 0.84375 0.21875 0 0.859375 0.21875 0 0.875 0.21875 0
0.890625 0.21875 0 0.90625 0.21875 0 0.921875 0.21875 0 0.9375
0.21875 0 0.953125 0.21875 0 0.96875 0.21875 0 0.984375 0.21875
0 1 0.21875 0 0 0.234375 0 0.015625 0.234375 0
0.03125 0.234375 0 0.046875 0.234375 0 0.0625 0.234375 0 0.078125
0.234375 0 0.09375 0.234375 0 0.109375 0.234375 0 0.125 0.234375
0 0.140625 0.234375 0 0.15625 0.234375 0 0.171875 0.234375 0
0.1875 0.234375 0 0.203125 0.234375 0 0.21875 0.234375 0 0.234375
0.234375 0 0.25 0.234375 0 0.265625 0.234375 0 0.28125 0.234375
0 0.296875 0.234375 0 0.3125 0.234375 0 0.328125 0.234375 0
0.34375 0.234375 0 0.359375 0.234375 0 0.375 0.234375 0 0.390625
0.234375 0 0.40625 0.234375 0 0.421875 0.234375 0 0.4375 0.234375
0 0.453125 0.234375 0 0.46875 0.234375 0 0.484375 0.234375 0
0.5 0.234375 0 0.515625 0.234375 0 0.53125 0.234375 0 0.546875
0.234375 0 0.5625 0.234375 0 0.578125 0.234375 0 0.59375 0.234375
0 0.609375 0.234375 0 0.625 0.234375 0 0.640625 0.234375 0
0.65625 0.234375 0 0.671875 0.234375 0 0.6875 0.234375 0 0.703125
0.234375 0 0.71875 0.234375 0 0.734375 0.234375 0 0.75 0.234375
0 0.765625 0.234375 0 0.78125 0.234375 0 0.796875 0.234375 0
0.8125 0.234375 0 0.828125 0.234375 0 0.84375 0.234375 0 0.859375
0.234375 0 0.875 0.234375 0 0.890625 0.234375 0 0.90625 0.234375
0 0.921875 0.234375 0 0.9375 0.234375 0 0.953125 0.234375 0
0.96875 0.234375 0 0.984375 0.234375 0 1 0.234375 0 0
0.25 0 0.015625 0.25 0 0.03125 0.25 0 0.046875 0.25
0 0.0625 0.25 0 0.078125 0.25 0 0.09375 0.25 0
0.109375 0.25 0 0.125 0.25 0 0.140625 0.25 0 0.15625
0.25 0 0.171875 0.25 0 0.1875 0.25 0 0.203125 0.25
0 0.21875 0.25 0 0.234375 0.25 0 0.25 0.25 0
0.265625 0.25 0 0.28125 0.25 0 0.296875 0.25 0 0.3125
0.25 0 0.328125 0.25 0 0.34375 0.25 0 0.359375 0.25
0 0.375 0.25 0 0.390625 0.25 0 0.40625 0.25 0
0.421875 0.25 0 0.4375 0.25 0 0.453125 0.25 0 0.46875
0.25 0 0.484375 0.25 0 0.5 0.25 0 0.515625 0.25
0 0.53125 0.25 0 0.546875 0.25 0 0.5625 0.25 0
0.578125 0.25 0 0.59375 0.25 0 0.609375 0.25 0 0.625
0.25 0 0.640625 0.25 0 0.65625 0.25 0 0.671875 0.25
0 0.6875 0.25 0 0.703125 0.25 0 0.71875 0.25 0
0.734375 0.25 0 0.75 0.25 0 0.765625 0.25 0 0.78125
0.25 0 0.796875 0.25 0 0.8125 0.25 0 0.828125 0.25
0 0.84375 0.25 0 0.859375 0.25 0 0.875 0.25 0
0.890625 0.25 0 0.90625 0.25 0 0.921875 0.25 0 0.9375
0.25 0 0.953125 0.25 0 0.96875 0.25 0 0.984375 0.25
0 1 0.25 0 0 0.265625 0 0.015625 0.265625 0
0.03125 0.265625 0 0.046875 0.265625 0 0.0625 0.265625 0 0.078125
0.265625 0 0.09375 0.265625 0 0.109375 0.265625 0 0.125 0.265625
0 0.140625 0.265625 0 0.15625 0.265625 0 0.171875 0.265625 0
0.1875 0.265625 0 0.203125 0.265625 0 0.21875 0.265625 0 0.234375
0.265625 0 0.25 0.265625 0 0.265625 0.265625 0 0.28125 0.265625
0 0.296875 0.265625 0 0.3125 0.265625 0 0.328125 0.265625 0
0.34375 0.265625 0 0.359375 0.265625 0 0.375 0.265625 0 0.390625
0.265625 0 0.40625 0.265625 0 0.421875 0.265625 0 0.4375 0.265625
0 0.453125 0.265625 0 0.46875 0.265625 0 0.484375 0.265625 0
0.5 0.265625 0 0.515625 0.265625 0 0.53125 0.265625 0 0.546875
0.265625 0 0.5625 0.265625 0 0.578125 0.265625 0 0.59375 0.265625
0 0.609375 0.265625 0 0.625 0.265625 0 0.640625 0.265625 0
0.65625 0.265625 0 0.671875 0.265625 0 0.6875 0.265625 0 0.703125
0.265625 0 0.71875 0.265625 0 0.734375 0.265625 0 0.75 0.265625
0 0.765625 0.265625 0 0.78125 0.265625 0 0.796875 0.265625 0
0.8125 0.265625 0 0.828125 0.265625 0 0.84375 0.265625 0 0.859375
0.265625 0 0.875 0.265625 0 0.890625 0.265625 0 0.90625 0.265625
0 0.921875 0.265625 0 0.9375 0.265625 0 0.953125 0.265625 0
0.96875 0.265625 0 0.984375 0.265625 0 1 0.265625 0 0
0.28125 0 0.015625 0.28125 0 0.03125 0.28125 0 0.046875 0.28125
0 0.0625 0.28125 0 0.078125 0.28125 0 0.09375 0.28125 0
0.109375 0.28125 0 0.125 0.28125 0 0.140625 0.28125 0 0.15625
0.28125 0 0.171875 0.28125 0 0.1875 0.28125 0 0.203125 0.28125
0 0.21875 0.28125 0 0.234375 0.28125 0 0.25 0.28125 0
0.265625 0.28125 0 0.28125 0.28125 0 0.296875 0.28125 0 0.3125
0.28125 0 0.328125 0.28125 0 0.34375 0.28125 0 0.359375 0.28125
0 0.375 0.28125 0 0.390625 0.28125 0 0.40625 0.28125 0
0.421875 0.28125 0 0.4375 0.28125 0 0.453125 0.28125 0 0.46875
0.28125 0 0.484375 0.28125 0 0.5 0.28125 0 0.515625 0.28125
0 0.53125 0.28125 0 0.546875 0.28125 0 0.5625 0.28125 0
0.578125 0.28125 0 0.59375 0.28125 0 0.609375 0.28125 0 0.625
0.28125 0 0.640625 0.28125 0 0.65625 0.28125 0 0.671875 0.28125
0 0.6875 0.28125 0 0.703125 0.28125 0 0.71875 0.28125 0
0.734375 0.28125 0 0.75 0.28125 0 0.765625 0.28125 0 0.78125
0.28125 0 0.796875 0.28125 0 0.8125 0.28125 0 0.828125 0.28125
0 0.84375 0.28125 0 0.859375 0.28125 0 0.875 0.28125 0
0.890625 0.28125 0 0.90625 0.28125 0 0.921875 0.28125 0 0.9375
0.28125 0 0.953125 0.28125 0 0.96875 0.28125 0 0.984375 0.28125
0 1 0.28125 0 0 0.296875 0 0.015625 0.296875 0
0.03125 0.296875 0 0.046875 0.296875 0 0.0625 0.296875 0 0.078125
0.296875 0 0.09375 0.296875 0 0.109375 0.296875 0 0.125 0.296875
0 0.140625 0.296875 0 0.15625 0.296875 0 0.171875 0.296875 0
0.1875 0.296875 0 0.203125 0.296875 0 0.21875 0.296875 0 0.234375
0.296875 0 0.25 0.296875 0 0.265625 0.296875 0 0.28125 0.296875
0 0.296875 0.296875 0 0.3125 0.296875 0 0.328125 0.296875 0
0.34375 0.296875 0 0.359375 0.296875 0 0.375 0.296875 0 0.390625
0.296875 0 0.40625 0.296875 0 0.421875 0.296875 0 0.4375 0.296875
0 0.453125 0.296875 0 0.46875 0.296875 0 0.484375 0.296875 0
0.5 0.296875 0 0.515625 0.296875 0 0.53125 0.296875 0 0.546875
0.296875 0 0.5625 0.296875 0 0.578125 0.296875 0 0.59375 0.296875
0 0.609375 0.296875 0 0.625 0.296875 0 0.640625 0.296875 0
0.65625 0.296875 0 0.671875 0.296875 0 0.6875 0.296875 0 0.703125
0.296875 0 0.71875 0.296875 0 0.734375 0.296875 0 0.75 0.296875
0 0.765625 0.296875 0 0.78125 0.296875 0 0.796875 0.296875 0
0.8125 0.296875 0 0.828125 0.296875 0 0.84375 0.296875 0 0.859375
0.296875 0 0.875 0.296875 0 0.890625 0.296875 0 0.90625 0.296875
0 0.921875 0.296875 0 0.9375 0.296875 0 0.953125 0.296875 0
0.96875 0.296875 0 0.984375 0.296875 0 1 0.296875 0 0
0.3125 0 0.015625 0.3125 0 0.03125 0.3125 0 0.046875 0.3125
0 0.0625 0.3125 0 0.078125 0.3125 0 0.09375 0.3125 0
0.109375 0.3125 0 0.125 0.3125 0 0.140625 0.3125 0 0.15625
0.3125 0 0.171875 0.3125 0 0.1875 0.3125 0 0.203125 0.3125
0 0.21875 0.3125 0 0.234375 0.3125 0 0.25 0.3125 0
0.265625 0.3125 0 0.28125 0.3125 0 0.296875 0.3125 0 0.3125
0.3125 0 0.328125 0.3125 0 0.34375 0.3125 0 0.359375 0.3125
0 0.375 0.3125 0 0.390625 0.3125 0 0.40625 0.3125 0
0.421875 0.3125 0 0.4375 0.3125 0 0.453125 0.3125 0 0.46875
0.3125 0 0.484375 0.3125 0 0.5 0.3125 0 0.515625 0.3125
0 0.53125 0.3125 0 0.546875 0.3125 0 0.5625 0.3125 0
0.578125 0.3125 0 0.59375 0.3125 0 0.609375 0.3125 0 0.625
0.3125 0 0.640625 0.3125 0 0.65625 0.3125 0 0.671875 0.3125
0 0.6875 0.3125 0 0.703125 0.3125 0 0.71875 0.3125 0
0.734375 0.3125 0 0.75 0.3125 0 0.765625 0.3125 0 0.78125
0.3125 0 0.796875 0.3125 0 0.8125 0.3125 0 0.828125 0.3125
0 0.84375 0.3125 0 0.859375 0.3125 0 0.875 0.3125 0
0.890625 0.3125 0 0.90625 0.3125 0 0.921875 0.3125 0 0.9375
0.3125 0 0.953125 0.3125 0 0.96875 0.3125 0 0.984375 0.3125
0 1 0.3125 0 0 0.328125 0 0.015625 0.328125 0
0.03125 0.328125 0 0.046875 0.328125 0 0.0625 0.328125 0 0.078125
0.328125 0 0.09375 0.328125 0 0.109375 0.328125 0 0.125 0.328125
0 0.140625 0.328125 0 0.15625 0.328125 0 0.171875 0.328125 0
0.1875 0.328125 0 0.203125 0.328125 0 0.21875 0.328125 0 0.234375
0.328125 0 0.25 0.328125 0 0.265625 0.328125 0 0.28125 0.328125
0 0.296875 0.328125 0 0.3125 0.328125 0 0.328125 0.328125 0
0.34375 0.328125 0 0.359375 0.328125 0 0.375 0.328125 0 0.390625
0.328125 0 0.40625 0.328125 0 0.421875 0.328125 0 0.4375 0.328125
0 0.453125 0.328125 0 0.46875 0.328125 0 0.484375 0.328125 0
0.5 0.328125 0 0.515625 0.328125 0 0.53125 0.328125 0 0.546875
0.328125 0 0.5625 0.328125 0 0.578125 0.328125 0 0.59375 0.328125
0 0.609375 0.328125 0 0.625 0.328125 0 0.640625 0.328125 0
0.65625 0.328125 0 0.671875 0.328125 0 0.6875 0.328125 0 0.703125
0.328125 0 0.71875 0.328125 0 0.734375 0.328125 0 0.75 0.328125
0 0.765625 0.328125 0 0.78125 0.328125 0 0.796875 0.328125 0
0.8125 0.328125 0 0.828125 0.328125 0 0.84375 0.328125 0 0.859375
0.328125 0 0.875 0.328125 0 0.890625 0.328125 0 0.90625 0.328125
0 0.921875 0.328125 0 0.9375 0.328125 0 0.953125 0.328125 0
0.96875 0.328125 0 0.984375 0.328125 0 1 0.328125 0 0
0.34375 0 0.015625 0.34375 0 0.03125 0.34375 0 0.046875 0.34375
0 0.0625 0.34375 0 0.078125 0.34375 0 0.09375 0.34375 0
0.109375 0.34375 0 0.125 0.34375 0 0.140625 0.34375 0 0.15625
0.34375 0 0.171875 0.34375 0 0.1875 0.34375 0 0.203125 0.34375
0 0.21875 0.34375 0 0.234375 0.34375 0 0.25 0.34375 0
0.265625 0.34375 0 0.28125 0.34375 0 0.296875 0.34375 0 0.3125
0.34375 0 0.328125 0.34375 0 0.34375 0.34375 0 0.359375 0.34375
0 0.375 0.34375 0 0.390625 0.34375 0 0.40625 0.34375 0
0.421875 0.34375 0 0.4375 0.34375 0 0.453125 0.34375 0 0.46875
0.34375 0 0.484375 0.34375 0 0.5 0.34375 0 0.515625 0.34375
0 0.53125 0.34375 0 0.546875 0.34375 0 0.5625 0.34375 0
0.578125 0.34375 0 0.59375 0.34375 0 0.609375 0.34375 0 0.625
0.34375 0 0.640625 0.34375 0 0.65625 0.34375 0 0.671875 0.34375
0 0.6875 0.34375 0 0.703125 0.34375 0 0.71875 0.34375 0
0.734375 0.34375 0 0.75 0.34375 0 0.765625 0.34375 0 0.78125
0.34375 0 0.796875 0.34375 0 0.8125 0.34375 0 0.828125 0.34375
0 0.84375 0.34375 0 0.859375 0.34375 0 0.875 0.34375 0
0.890625 0.34375 0 0.90625 0.34375 0 0.921875 0.34375 0 0.9375
0.34375 0 0.953125 0.34375 0 0.96875 0.34375 0 0.984375 0.34375
0 1 0.34375 0 0 0.359375 0 0.015625 0.359375 0
0.03125 0.359375 0 0.046875 0.359375 0 0.0625 0.359375 0 0.078125
0.359375 0 0.09375 0.359375 0 0.109375 0.359375 0 0.125 0.359375
0 0.140625 0.359375 0 0.15625 0.359375 0 0.171875 0.359375 0
0.1875 0.359375 0 0.203125 0.359375 0 0.21875 0.359375 0 0.234375
0.359375 0 0.25 0.359375 0 0.265625 0.359375 0 0.28125 0.359375
0 0.296875 0.359375 0 0.3125 0.359375 0 0.328125 0.359375 0
0.34375 0.359375 0 0.359375 0.359375 0 0.375 0.359375 0 0.390625
0.359375 0 0.40625 0.359375 0 0.421875 0.359375 0 0.4375 0.359375
0 0.453125 0.359375 0 0.46875 0.359375 0 0.484375 0.359375 0
0.5 0.359375 0 0.515625 0.359375 0 0.53125 0.359375 0 0.546875
0.359375 0 0.5625 0.359375 0 0.578125 0.359375 0 0.59375 0.359375
0 0.609375 0.359375 0 0.625 0.359375 0 0.640625 0.359375 0
0.65625 0.359375 0 0.671875 0.359375 0 0.6875 0.359375 0 0.703125
0.359375 0 0.71875 0.359375 0 0.734375 0.359375 0 0.75 0.359375
0 0.765625 0.359375 0 0.78125 0.359375 0 0.796875 0.359375 0
0.8125 0.359375 0 0.828125 0.359375 0 0.84375 0.359375 0 0.859375
0.359375 0 0.875 0.359375 0 0.890625 0.359375 0 0.90625 0.359375
0 0.921875 0.359375 0 0.9375 0.359375 0 0.953125 0.359375 0
0.96875 0.359375 0 0.984375 0.359375 0 1 0.359375 0 0
0.375 0 0.015625 0.375 0 0.03125 0.375 0 0.046875 0.375
0 0.0625 0.375 0 0.078125 0.375 0 0.09375 0.375 0
0.109375 0.375 0 0.125 0.375 0 0.140625 0.375 0 0.15625
0.375 0 0.171875 0.375 0 0.1875 0.375 0 0.203125 0.375
0 0.21875 0.375 0 0.234375 0.375 0 0.25 0.375 0
0.265625 0.375 0 0.28125 0.375 0 0.296875 0.375 0 0.3125
0.375 0 0.328125 0.375 0 0.34375 0.375 0 0.359375 0.375
0 0.375 0.375 0 0.390625 0.375 0 0.40625 0.375 0
0.421875 0.375 0 0.4375 0.375 0 0.453125 0.375 0 0.46875
0.375 0 0.484375 0.375 0 0.5 0.375 0 0.515625 0.375
0 0.53125 0.375 0 0.546875 0.375 0 0.5625 0.375 0
0.578125 0.375 0 0.59375 0.375 0 0.609375 0.375 0 0.625
0.375 0 0.640625 0.375 0 0.65625 0.375 0 0.671875 0.375
0 0.6875 0.375 0 0.703125 0.375 0 0.71875 0.375 0
0.734375 0.375 0 0.75 0.375 0 0.765625 0.375 0 0.78125
0.375 0 0.796875 0.375 0 0.8125 0.375 0 0.828125 0.375
0 0.84375 0.375 0 0.859375 0.375 0 0.875 0.375 0
0.890625 0.375 0 0.90625 0.375 0 0.921875 0.375 0 0.9375
0.375 0 0.953125 0.375 0 0.96875 0.375 0 0.984375 0.375
0 1 0.375 0 0 0.390625 0 0.015625 0.390625 0
0.03125 0.390625 0 0.046875 0.390625 0 0.0625 0.390625 0 0.078125
0.390625 0 0.09375 0.390625 0 0.109375 0.390625 0 0.125 0.390625
0 0.140625 0.390625 0 0.15625 0.390625 0 0.171875 0.390625 0
0.1875 0.390625 0 0.203125 0.390625 0 0.21875 0.390625 0 0.234375
0.390625 0 0.25 0.390625 0 0.265625 0.390625 0 0.28125 0.390625
0 0.296875 0.390625 0 0.3125 0.390625 0 0.328125 0.390625 0
0.34375 0.390625 0 0.359375 0.390625 0 0.375 0.390625 0 0.390625
0.390625 0 0.40625 0.390625 0 0.421875 0.390625 0 0.4375 0.390625
0 0.453125 0.390625 0 0.46875 0.390625 0 0.484375 0.390625 0
0.5 0.390625 0 0.515625 0.390625 0 0.53125 0.390625 0 0.546875
0.390625 0 0.5625 0.390625 0 0.578125 0.390625 0 0.59375 0.390625
0 0.609375 0.390625 0 0.625 0.390625 0 0.640625 0.390625 0
0.65625 0.390625 0 0.671875 0.390625 0 0.6875 0.390625 0 0.703125
0.390625 0 0.71875 0.390625 0 0.734375 0.390625 0 0.75 0.390625
0 0.765625 0.390625 0 0.78125 0.390625 0 0.796875 0.390625 0
0.8125 0.390625 0 0.828125 0.390625 0 0.84375 0.390625 0 0.859375
0.390625 0 0.875 0.390625 0 0.890625 0.390625 0 0.90625 0.390625
0 0.921875 0.390625 0 0.9375 0.390625 0 0.953125 0.390625 0
0.96875 0.390625 0 0.984375 0.390625 0 1 0.390625 0 0
0.40625 0 0.015625 0.40625 0 0.03125 0.40625 0 0.046875 0.40625
0 0.0625 0.40625 0 0.078125 0.40625 0 0.09375 0.40625 0
0.109375 0.40625 0 0.125 0.40625 0 0.140625 0.40625 0 0.15625
0.40625 0 0.171875 0.40625 0 0.1875 0.40625 0 0.203125 0.40625
0 0.21875 0.40625 0 0.234375 0.40625 0 0.25 0.40625 0
0.265625 0.40625 0 0.28125 0.40625 0 0.296875 0.40625 0 0.3125
0.40625 0 0.328125 0.40625 0 0.34375 0.40625 0 0.359375 0.40625
0 0.375 0.40625 0 0.390625 0.40625 0 0.40625 0.40625 0
0.421875 0.40625 0 0.4375 0.40625 0 0.453125 0.40625 0 0.46875
0.40625 0 0.484375 0.40625 0 0.5 0.40625 0 0.515625 0.40625
0 0.53125 0.40625 0 0.546875 0.40625 0 0.5625 0.40625 0
0.578125 0.40625 0 0.59375 0.40625 0 0.609375 0.40625 0 0.625
0.40625 0 0.640625 0.40625 0 0.65625 0.40625 0 0.671875 0.40625
0 0.6875 0.40625 0 0.703125 0.40625 0 0.71875 0.40625 0
0.734375 0.40625 0 0.75 0.40625 0 0.765625 0.40625 0 0.78125
0.40625 0 0.796875 0.40625 0 0.8125 0.40625 0 0.828125 0.40625
0 0.84375 0.40625 0 0.859375 0.40625 0 0.875 0.40625 0
0.890625 0.40625 0 0.90625 0.40625 0 0.921875 0.40625 0 0.9375
0.40625 0 0.953125 0.40625 0 0.96875 0.40625 0 0.984375 0.40625
0 1 0.40625 0 0 0.421875 0 0.015625 0.421875 0
0.03125 0.421875 0 0.046875 0.421875 0 0.0625 0.421875 0 0.078125
0.421875 0 0.09375 0.421875 0 0.109375 0.421875 0 0.125 0.421875
0 0.140625 0.421875 0 0.15625 0.421875 0 0.171875 0.421875 0
0.1875 0.421875 0 0.203125 0.421875 0 0.21875 0.421875 0 0.234375
0.421875 0 0.25 0.421875 0 0.265625 0.421875 0 0.28125 0.421875
0 0.296875 0.421875 0 0.3125 0.421875 0 0.328125 0.421875 0
0.34375 0.421875 0 0.359375 0.421875 0 0.375 0.421875 0 0.390625
0.421875 0 0.40625 0.421875 0 0.421875 0.421875 0 0.4375 0.421875
0 0.453125 0.421875 0 0.46875 0.421875 0 0.484375 0.421875 0
0.5 0.421875 0 0.515625 0.421875 0 0.53125 0.421875 0 0.546875
0.421875 0 0.5625 0.421875 0 0.578125 0.421875 0 0.59375 0.421875
0 0.609375 0.421875 0 0.625 0.421875 0 0.640625 0.421875 0
0.65625 0.421875 0 0.671875 0.421875 0 0.6875 0.421875 0 0.703125
0.421875 0 0.71875 0.421875 0 0.734375 0.421875 0 0.75 0.421875
0 0.765625 0.421875 0 0.78125 0.421875 0 0.796875 0.421875 0
0.8125 0.421875 0 0.828125 0.421875 0 0.84375 0.421875 0 0.859375
0.421875 0 0.875 0.421875 0 0.890625 0.421875 0 0.90625 0.421875
0 0.921875 0.421875 0 0.9375 0.421875 0 0.953125 0.421875 0
0.96875 0.421875 0 0.984375 0.421875 0 1 0.421875 0 0
0.4375 0 0.015625 0.4375 0 0.03125 0.4375 0 0.046875 0.4375
0 0.0625 0.4375 0 0.078125 0.4375 0 0.09375 0.4375 0
0.109375 0.4375 0 0.125 0.4375 0 0.140625 0.4375 0 0.15625
0.4375 0 0.171875 0.4375 0 0.1875 0.4375 0 0.203125 0.4375
0 0.21875 0.4375 0 0.234375 0.4375 0 0.25 0.4375 0
0.265625 0.4375 0 0.28125 0.4375 0 0.296875 0.4375 0 0.3125
0.4375 0 0.328125 0.4375 0 0.34375 0.4375 0 0.359375 0.4375
0 0.375 0.4375 0 0.390625 0.4375 0 0.40625 0.4375 0
0.421875 0.4375 0 0.4375 0.4375 0 0.453125 0.4375 0 0.46875
0.4375 0 0.484375 0.4375 0 0.5 0.4375 0 0.515625 0.4375
0 0.53125 0.4375 0 0.546875 0.4375 0 0.5625 0.4375 0
0.578125 0.4375 0 0.59375 0.4375 0 0.609375 0.4375 0 0.625
0.4375 0 0.640625 0.4375 0 0.65625 0.4375 0 0.671875 0.4375
0 0.6875 0.4375 0 0.703125 0.4375 0 0.71875 0.4375 0
0.734375 0.4375 0 0.75 0.4375 0 0.765625 0.4375 0 0.78125
0.4375 0 0.796875 0.4375 0 0.8125 0.4375 0 0.828125 0.4375
0 0.84375 0.4375 0 0.859375 0.4375 0 0.875 0.4375 0
0.890625 0.4375 0 0.90625 0.4375 0 0.921875 0.4375 0 0.9375
0.4375 0 0.953125 0.4375 0 0.96875 0.4375 0 0.984375 0.4375
0 1 0.4375 0 0 0.453125 0 0.015625 0.453125 0
0.03125 0.453125 0 0.046875 0.453125 0 0.0625 0.453125 0 0.078125
0.453125 0 0.09375 0.453125 0 0.109375 0.453125 0 0.125 0.453125
0 0.140625 0.453125 0 0.15625 0.453125 0 0.171875 0.453125 0
0.1875 0.453125 0 0.203125 0.453125 0 0.21875 0.453125 0 0.234375
0.453125 0 0.25 0.453125 0 0.265625 0.453125 0 0.28125 0.453125
0 0.296875 0.453125 0 0.3125 0.453125 0 0.328125 0.453125 0
0.34375 0.453125 0 0.359375 0.453125 0 0.375 0.453125 0 0.390625
0.453125 0 0.40625 0.453125 0 0.421875 0.453125 0 0.4375 0.453125
0 0.453125 0.453125 0 0.46875 0.453125 0 0.484375 0.453125 0
0.5 0.453125 0 0.515625 0.453125 0 0.53125 0.453125 0 0.546875
0.453125 0 0.5625 0.453125 0 0.578125 0.453125 0 0.59375 0.453125
0 0.609375 0.453125 0 0.625 0.453125 0 0.640625 0.453125 0
0.65625 0.453125 0 0.671875 0.453125 0 0.6875 0.453125 0 0.703125
0.453125 0 0.71875 0.453125 0 0.734375 0.453125 0 0.75 0.453125
0 0.765625 0.453125 0 0.78125 0.453125 0 0.796875 0.453125 0
0.8125 0.453125 0 0.828125 0.453125 0 0.84375 0.453125 0 0.859375
0.453125 0 0.875 0.453125 0 0.890625 0.453125 0 0.90625 0.453125
0 0.921875 0.453125 0 0.9375 0.453125 0 0.953125 0.453125 0
0.96875 0.453125 0 0.984375 0.453125 0 1 0.453125 0 0
0.46875 0 0.015625 0.46875 0 0.03125 0.46875 0 0.046875 0.46875
0 0.0625 0.46875 0 0.078125 0.46875 0 0.09375 0.46875 0
0.109375 0.46875 0 0.125 0.46875 0 0.140625 0.46875 0 0.15625
0.46875 0 0.171875 0.46875 0 0.1875 0.46875 0 0.203125 0.46875
0 0.21875 0.46875 0 0.234375 0.46875 0 0.25 0.46875 0
0.265625 0.46875 0 0.28125 0.46875 0 0.296875 0.46875 0 0.3125
0.46875 0 0.328125 0.46875 0 0.34375 0.46875 0 0.359375 0.46875
0 0.375 0.46875 0 0.390625 0.46875 0 0.40625 0.46875 0
0.421875 0.46875 0 0.4375 0.46875 0 0.453125 0.46875 0 0.46875
0.46875 0 0.484375 0.46875 0 0.5 0.46875 0 0.515625 0.46875
0 0.53125 0.46875 0 0.546875 0.46875 0 0.5625 0.46875 0
0.578125 0.46875 0 0.59375 0.46875 0 0.609375 0.46875 0 0.625
0.46875 0 0.640625 0.46875 0 0.65625 0.46875 0 0.671875 0.46875
0 0.6875 0.46875 0 0.703125 0.46875 0 0.71875 0.46875 0
0.734375 0.46875 0 0.75 0.46875 0 0.765625 0.46875 0 0.78125
0.46875 0 0.796875 0.46875 0 0.8125 0.46875 0 0.828125 0.46875
0 0.84375 0.46875 0 0.859375 0.46875 0 0.875 0.46875 0
0.890625 0.46875 0 0.90625 0.46875 0 0.921875 0.46875 0 0.9375
0.46875 0 0.953125 0.46875 0 0.96875 0.46875 0 0.984375 0.46875
0 1 0.46875 0 0 0.484375 0 0.015625 0.484375 0
0.03125 0.484375 0 0.046875 0.484375 0 0.0625 0.484375 0 0.078125
0.484375 0 0.09375 0.484375 0 0.109375 0.484375 0 0.125 0.484375
0 0.140625 0.484375 0 0.15625 0.484375 0 0.171875 0.484375 0
0.1875 0.484375 0 0.203125 0.484375 0 0.21875 0.484375 0 0.234375
0.484375 0 0.25 0.484375 0 0.265625 0.484375 0 0.28125 0.484375
0 0.296875 0.484375 0 0.3125 0.484375 0 0.328125 0.484375 0
0.34375 0.484375 0 0.359375 0.484375 0 0.375 0.484375 0 0.390625
0.484375 0 0.40625 0.484375 0 0.421875 0.484375 0 0.4375 0.484375
0 0.453125 0.484375 0 0.46875 0.484375 0 0.484375 0.484375 0
0.5 0.484375 0 0.515625 0.484375 0 0.53125 0.484375 0 0.546875
0.484375 0 0.5625 0.484375 0 0.578125 0.484375 0 0.59375 0.484375
0 0.609375 0.484375 0 0.625 0.484375 0 0.640625 0.484375 0
0.65625 0.484375 0 0.671875 0.484375 0 0.6875 0.484375 0 0.703125
0.484375 0 0.71875 0.484375 0 0.734375 0.484375 0 0.75 0.484375
0 0.765625 0.484375 0 0.78125 0.484375 0 0.796875 0.484375 0
0.8125 0.484375 0 0.828125 0.484375 0 0.84375 0.484375 0 0.859375
0.484375 0 0.875 0.484375 0 0.890625 0.484375 0 0.90625 0.484375
0 0.921875 0.484375 0 0.9375 0.484375 0 0.953125 0.484375 0
0.96875 0.484375 0 0.984375 0.484375 0 1 0.484375 0 0
0.5 0 0.015625 0.5 0 0.03125 0.5 0 0.046875 0.5
0 0.0625 0.5 0 0.078125 0.5 0 0.09375 0.5 0
0.109375 0.5 0 0.125 0.5 0 0.140625 0.5 0 0.15625
0.5 0 0.171875 0.5 0 0.1875 0.5 0 0.203125 0.5
0 0.21875 0.5 0 0.234375 0.5 0 0.25 0.5 0
0.265625 0.5 0 0.28125 0.5 0 0.296875 0.5 0 0.3125
0.5 0 0.328125 0.5 0 0.34375 0.5 0 0.359375 0.5
0 0.375 0.5 0 0.390625 0.5 0 0.40625 0.5 0
0.421875 0.5 0 0.4375 0.5 0 0.453125 0.5 0 0.46875
0.5 0 0.484375 0.5 0 0.5 0.5 0 0.515625 0.5
0 0.53125 0.5 0 0.546875 0.5 0 0.5625 0.5 0
0.578125 0.5 0 0.59375 0.5 0 0.609375 0.5 0 0.625
0.5 0 0.640625 0.5 0 0.65625 0.5 0 0.671875 0.5
0 0.6875 0.5 0 0.703125 0.5 0 0.71875 0.5 0
0.734375 0.5 0 0.75 0.5 0 0.765625 0.5 0 0.78125
0.5 0 0.796875 0.5 0 0.8125 0.5 0 0.828125 0.5
0 0.84375 0.5 0 0.859375 0.5 0 0.875 0.5 0
0.890625 0.5 0 0.90625 0.5 0 0.921875 0.5 0 0.9375
0.5 0 0.953125 0.5 0 0.96875 0.5 0 0.984375 0.5
0 1 0.5 0 0 0.515625 0 0.015625 0.515625 0
0.03125 0.515625 0 0.046875 0.515625 0 0.0625 0.515625 0 0.078125
0.515625 0 0.09375 0.515625 0 0.109375 0.515625 0 0.125 0.515625
0 0.140625 0.515625 0 0.15625 0.515625 0 0.171875 0.515625 0
0.1875 0.515625 0 0.203125 0.515625 0 0.21875 0.515625 0 0.234375
0.515625 0 0.25 0.515625 0 0.265625 0.515625 0 0.28125 0.515625
0 0.296875 0.515625 0 0.3125 0.515625 0 0.328125 0.515625 0
0.34375 0.515625 0 0.359375 0.515625 0 0.375 0.515625 0 0.390625
0.515625 0 0.40625 0.515625 0 0.421875 0.515625 0 0.4375 0.515625
0 0.453125 0.515625 0 0.46875 0.515625 0 0.484375 0.515625 0
0.5 0.515625 0 0.515625 0.515625 0 0.53125 0.515625 0 0.546875
0.515625 0 0.5625 0.515625 0 0.578125 0.515625 0 0.59375 0.515625
0 0.609375 0.515625 0 0.625 0.515625 0 0.640625 0.515625 0
0.65625 0.515625 0 0.671875 0.515625 0 0.6875 0.515625 0 0.703125
0.515625 0 0.71875 0.515625 0 0.734375 0.515625 0 0.75 0.515625
0 0.765625 0.515625 0 0.78125 0.515625 0 0.796875 0.515625 0
0.8125 0.515625 0 0.828125 0.515625 0 0.84375 0.515625 0 0.859375
0.515625 0 0.875 0.515625 0 0.890625 0.515625 0 0.90625 0.515625
0 0.921875 0.515625 0 0.9375 0.515625 0 0.953125 0.515625 0
0.96875 0.515625 0 0.984375 0.515625 0 1 0.515625 0 0
0.53125 0 0.015625 0.53125 0 0.03125 0.53125 0 0.046875 0.53125
0 0.0625 0.53125 0 0.078125 0.53125 0 0.09375 0.53125 0
0.109375 0.53125 0 0.125 0.53125 0 0.140625 0.53125 0 0.15625
0.53125 0 0.171875 0.53125 0 0.1875 0.53125 0 0.203125 0.53125
0 0.21875 0.53125 0 0.234375 0.53125 0 0.25 0.53125 0
0.265625 0.53125 0 0.28125 0.53125 0 0.296875 0.53125 0 0.3125
0.53125 0 0.328125 0.53125 0 0.34375 0.53125 0 0.359375 0.53125
0 0.375 0.53125 0 0.390625 0.53125 0 0.40625 0.53125 0
0.421875 0.53125 0 0.4375 0.53125 0 0.453125 0.53125 0 0.46875
0.53125 0 0.484375 0.53125 0 0.5 0.53125 0 0.515625 0.53125
0 0.53125 0.53125 0 0.546875 0.53125 0 0.5625 0.53125 0
0.578125 0.53125 0 0.59375 0.53125 0 0.609375 0.53125 0 0.625
0.53125 0 0.640625 0.53125 0 0.65625 0.53125 0 0.671875 0.53125
0 0.6875 0.53125 0 0.703125 0.53125 0 0.71875 0.53125 0
0.734375 0.53125 0 0.75 0.53125 0 0.765625 0.53125 0 0.78125
0.53125 0 0.796875 0.53125 0 0.8125 0.53125 0 0.828125 0.53125
0 0.84375 0.53125 0 0.859375 0.53125 0 0.875 0.53125 0
0.890625 0.53125 0 0.90625 0.53125 0 0.921875 0.53125 0 0.9375
0.53125 0 0.953125 0.53125 0 0.96875 0.53125 0 0.984375 0.53125
0 1 0.53125 0 0 0.546875 0 0.015625 0.546875 0
0.03125 0.546875 0 0.046875 0.546875 0 0.0625 0.546875 0 0.078125
0.546875 0 0.09375 0.546875 0 0.109375 0.546875 0 0.125 0.546875
0 0.140625 0.546875 0 0.15625 0.546875 0 0.171875 0.546875 0
0.1875 0.546875 0 0.203125 0.546875 0 0.21875 0.546875 0 0.234375
0.546875 0 0.25 0.546875 0 0.265625 0.546875 0 0.28125 0.546875
0 0.296875 0.546875 0 0.3125 0.546875 0 0.328125 0.546875 0
0.34375 0.546875 0 0.359375 0.546875 0 0.375 0.546875 0 0.390625
0.546875 0 0.40625 0.546875 0 0.421875 0.546875 0 0.4375 0.546875
0 0.453125 0.546875 0 0.46875 0.546875 0 0.484375 0.546875 0
0.5 0.546875 0 0.515625 0.546875 0 0.53125 0.546875 0 0.546875
0.546875 0 0.5625 0.546875 0 0.578125 0.546875 0 0.59375 0.546875
0 0.609375 0.546875 0 0.625 0.546875 0 0.640625 0.546875 0
0.65625 0.546875 0 0.671875 0.546875 0 0.6875 0.546875 0 0.703125
0.546875 0 0.71875 0.546875 0 0.734375 0.546875 0 0.75 0.546875
0 0.765625 0.546875 0 0.78125 0.546875 0 0.796875 0.546875 0
0.8125 0.546875 0 0.828125 0.546875 0 0.84375 0.546875 0 0.859375
0.546875 0 0.875 0.546875 0 0.890625 0.546875 0 0.90625 0.546875
0 0.921875 0.546875 0 0.9375 0.546875 0 0.953125 0.546875 0
0.96875 0.546875 0 0.984375 0.546875 0 1 0.546875 0 0
0.5625 0 0.015625 0.5625 0 0.03125 0.5625 0 0.046875 0.5625
0 0.0625 0.5625 0 0.078125 0.5625 0 0.09375 0.5625 0
0.109375 0.5625 0 0.125 0.5625 0 0.140625 0.5625 0 0.15625
0.5625 0 0.171875 0.5625 0 0.1875 0.5625 0 0.203125 0.5625
0 0.21875 0.5625 0 0.234375 0.5625 0 0.25 0.5625 0
0.265625 0.5625 0 0.28125 0.5625 0 0.296875 0.5625 0 0.3125
0.5625 0 0.328125 0.5625 0 0.34375 0.5625 0 0.359375 0.5625
0 0.375 0.5625 0 0.390625 0.5625 0 0.40625 0.5625 0
0.421875 0.5625 0 0.4375 0.5625 0 0.453125 0.5625 0 0.46875
0.5625 0 0.484375 0.5625 0 0.5 0.5625 0 0.515625 0.5625
0 0.53125 0.5625 0 0.546875 0.5625 0 0.5625 0.5625 0
0.578125 0.5625 0 0.59375 0.5625 0 0.609375 0.5625 0 0.625
0.5625 0 0.640625 0.5625 0 0.65625 0.5625 0 0.671875 0.5625
0 0.6875 0.5625 0 0.703125 0.5625 0 0.71875 0.5625 0
0.734375 0.5625 0 0.75 0.5625 0 0.765625 0.5625 0 0.78125
0.5625 0 0.796875 0.5625 0 0.8125 0.5625 0 0.828125 0.5625
0 0.84375 0.5625 0 0.859375 0.5625 0 0.875 0.5625 0
0.890625 0.5625 0 0.90625 0.5625 0 0.921875 0.5625 0 0.9375
0.5625 0 0.953125 0.5625 0 0.96875 0.5625 0 0.984375 0.5625
0 1 0.5625 0 0 0.578125 0 0.015625 0.578125 0
0.03125 0.578125 0 0.046875 0.578125 0 0.0625 0.578125 0 0.078125
0.578125 0 0.09375 0.578125 0 0.109375 0.578125 0 0.125 0.578125
0 0.140625 0.578125 0 0.15625 0.578125 0 0.171875 0.578125 0
0.1875 0.578125 0 0.203125 0.578125 0 0.21875 0.578125 0 0.234375
0.578125 0 0.25 0.578125 0 0.265625 0.578125 0 0.28125 0.578125
0 0.296875 0.578125 0 0.3125 0.578125 0 0.328125 0.578125 0
0.34375 0.578125 0 0.359375 0.578125 0 0.375 0.578125 0 0.390625
0.578125 0 0.40625 0.578125 0 0.421875 0.578125 0 0.4375 0.578125
0 0.453125 0.578125 0 0.46875 0.578125 0 0.484375 0.578125 0
0.5 0.578125 0 0.515625 0.578125 0 0.53125 0.578125 0 0.546875
0.578125 0 0.5625 0.578125 0 0.578125 0.578125 0 0.59375 0.578125
0 0.609375 0.578125 0 0.625 0.578125 0 0.640625 0.578125 0
0.65625 0.578125 0 0.671875 0.578125 0 0.6875 0.578125 0 0.703125
0.578125 0 0.71875 0.578125 0 0.734375 0.578125 0 0.75 0.578125
0 0.765625 0.578125 0 0.78125 0.578125 0 0.796875 0.578125 0
0.8125 0.578125 0 0.828125 0.578125 0 0.84375 0.578125 0 0.859375
0.578125 0 0.875 0.578125 0 0.890625 0.578125 0 0.90625 0.578125
0 0.921875 0.578125 0 0.9375 0.578125 0 0.953125 0.578125 0
0.96875 0.578125 0 0.984375 0.578125 0 1 0.578125 0 0
0.59375 0 0.015625 0.59375 0 0.03125 0.59375 0 0.046875 0.59375
0 0.0625 0.59375 0 0.078125 0.59375 0 0.09375 0.59375 0
0.109375 0.59375 0 0.125 0.59375 0 0.140625 0.59375 0 0.15625
0.59375 0 0.171875 0.59375 0 0.1875 0.59375 0 0.203125 0.59375
0 0.21875 0.59375 0 0.234375 0.59375 0 0.25 0.59375 0
0.265625 0.59375 0 0.28125 0.59375 0 0.296875 0.59375 0 0.3125
0.59375 0 0.328125 0.59375 0 0.34375 0.59375 0 0.359375 0.59375
0 0.375 0.59375 0 0.390625 0.59375 0 0.40625 0.59375 0
0.421875 0.59375 0 0.4375 0.59375 0 0.453125 0.59375 0 0.46875
0.59375 0 0.484375 0.59375 0 0.5 0.59375 0 0.515625 0.59375
0 0.53125 0.59375 0 0.546875 0.59375 0 0.5625 0.59375 0
0.578125 0.59375 0 0.59375 0.59375 0 0.609375 0.59375 0 0.625
0.59375 0 0.640625 0.59375 0 0.65625 0.59375 0 0.671875 0.59375
0 0.6875 0.59375 0 0.703125 0.59375 0 0.71875 0.59375 0
0.734375 0.59375 0 0.75 0.59375 0 0.765625 0.59375 0 0.78125
0.59375 0 0.796875 0.59375 0 0.8125 0.59375 0 0.828125 0.59375
0 0.84375 0.59375 0 0.859375 0.59375 0 0.875 0.59375 0
0.890625 0.59375 0 0.90625 0.59375 0 0.921875 0.59375 0 0.9375
0.59375 0 0.953125 0.59375 0 0.96875 0.59375 0 0.984375 0.59375
0 1 0.59375 0 0 0.609375 0 0.015625 0.609375 0
0.03125 0.609375 0 0.046875 0.609375 0 0.0625 0.609375 0 0.078125
0.609375 0 0.09375 0.609375 0 0.109375 0.609375 0 0.125 0.609375
0 0.140625 0.609375 0 0.15625 0.609375 0 0.171875 0.609375 0
0.1875 0.609375 0 0.203125 0.609375 0 0.21875 0.609375 0 0.234375
0.609375 0 0.25 0.609375 0 0.265625 0.609375 0 0.28125 0.609375
0 0.296875 0.609375 0 0.3125 0.609375 0 0.328125 0.609375 0
0.34375 0.609375 0 0.359375 0.609375 0 0.375 0.609375 0 0.390625
0.609375 0 0.40625 0.609375 0 0.421875 0.609375 0 0.4375 0.609375
0 0.453125 0.609375 0 0.46875 0.609375 0 0.484375 0.609375 0
0.5 0.609375 0 0.515625 0.609375 0 0.53125 0.609375 0 0.546875
0.609375 0 0.5625 0.609375 0 0.578125 0.609375 0 0.59375 0.609375
0 0.609375 0.609375 0 0.625 0.609375 0 0.640625 0.609375 0
0.65625 0.609375 0 0.671875 0.609375 0 0.6875 0.609375 0 0.703125
0.609375 0 0.71875 0.609375 0 0.734375 0.609375 0 0.75 0.609375
0 0.765625 0.609375 0 0.78125 0.609375 0 0.796875 0.609375 0
0.8125 0.609375 0 0.828125 0.609375 0 0.84375 0.609375 0 0.859375
0.609375 0 0.875 0.609375 0 0.890625 0.609375 0 0.90625 0.609375
0 0.921875 0.609375 0 0.9375 0.609375 0 0.953125 0.609375 0
0.96875 0.609375 0 0.984375 0.609375 0 1 0.609375 0 0
0.625 0 0.015625 0.625 0 0.03125 0.625 0 0.046875 0.625
0 0.0625 0.625 0 0.078125 0.625 0 0.09375 0.625 0
0.109375 0.625 0 0.125 0.625 0 0.140625 0.625 0 0.15625
0.625 0 0.171875 0.625 0 0.1875 0.625 0 0.203125 0.625
0 0.21875 0.625 0 0.234375 0.625 0 0.25 0.625 0
0.265625 0.625 0 0.28125 0.625 0 0.296875 0.625 0 0.3125
0.625 0 0.328125 0.625 0 0.34375 0.625 0 0.359375 0.625
0 0.375 0.625 0 0.390625 0.625 0 0.40625 0.625 0
0.421875 0.625 0 0.4375 0.625 0 0.453125 0.625 0 0.46875
0.625 0 0.484375 0.625 0 0.5 0.625 0 0.515625 0.625
0 0.53125 0.625 0 0.546875 0.625 0 0.5625 0.625 0
0.578125 0.625 0 0.59375 0.625 0 0.609375 0.625 0 0.625
0.625 0 0.640625 0.625 0 0.65625 0.625 0 0.671875 0.625
0 0.6875 0.625 0 0.703125 0.625 0 0.71875 0.625 0
0.734375 0.625 0 0.75 0.625 0 0.765625 0.625 0 0.78125
0.625 0 0.796875 0.625 0 0.8125 0.625 0 0.828125 0.625
0 0.84375 0.625 0 0.859375 0.625 0 0.875 0.625 0
0.890625 0.625 0 0.90625 0.625 0 0.921875 0.625 0 0.9375
0.625 0 0.953125 0.625 0 0.96875 0.625 0 0.984375 0.625
0 1 0.625 0 0 0.640625 0 0.015625 0.640625 0
0.03125 0.640625 0 0.046875 0.640625 0 0.0625 0.640625 0 0.078125
0.640625 0 0.09375 0.640625 0 0.109375 0.640625 0 0.125 0.640625
0 0.140625 0.640625 0 0.15625 0.640625 0 0.171875 0.640625 0
0.1875 0.640625 0 0.203125 0.640625 0 0.21875 0.640625 0 0.234375
0.640625 0 0.25 0.640625 0 0.265625 0.640625 0 0.28125 0.640625
0 0.296875 0.640625 0 0.3125 0.640625 0 0.328125 0.640625 0
0.34375 0.640625 0 0.359375 0.640625 0 0.375 0.640625 0 0.390625
0.640625 0 0.40625 0.640625 0 0.421875 0.640625 0 0.4375 0.640625
0 0.453125 0.640625 0 0.46875 0.640625 0 0.484375 0.640625 0
0.5 0.640625 0 0.515625 0.640625 0 0.53125 0.640625 0 0.546875
0.640625 0 0.5625 0.640625 0 0.578125 0.640625 0 0.59375 0.640625
0 0.609375 0.640625 0 0.625 0.640625 0 0.640625 0.640625 0
0.65625 0.640625 0 0.671875 0.640625 0 0.6875 0.640625 0 0.703125
0.640625 0 0.71875 0.640625 0 0.734375 0.640625 0 0.75 0.640625
0 0.765625 0.640625 0 0.78125 0.640625 0 0.796875 0.640625 0
0.8125 0.640625 0 0.828125 0.640625 0 0.84375 0.640625 0 0.859375
0.640625 0 0.875 0.640625 0 0.890625 0.640625 0 0.90625 0.640625
0 0.921875 0.640625 0 0.9375 0.640625 0 0.953125 0.640625 0
0.96875 0.640625 0 0.984375 0.640625 0 1 0.640625 0 0
0.65625 0 0.015625 0.65625 0 0.03125 0.65625 0 0.046875 0.65625
0 0.0625 0.65625 0 0.078125 0.65625 0 0.09375 0.65625 0
0.109375 0.65625 0 0.125 0.65625 0 0.140625 0.65625 0 0.15625
0.65625 0 0.171875 0.65625 0 0.1875 0.65625 0 0.203125 0.65625
0 0.21875 0.65625 0 0.234375 0.65625 0 0.25 0.65625 0
0.265625 0.65625 0 0.28125 0.65625 0 0.296875 0.65625 0 0.3125
0.65625 0 0.328125 0.65625 0 0.34375 0.65625 0 0.359375 0.65625
0 0.375 0.65625 0 0.390625 0.65625 0 0.40625 0.65625 0
0.421875 0.65625 0 0.4375 0.65625 0 0.453125 0.65625 0 0.46875
0.65625 0 0.484375 0.65625 0 0.5 0.65625 0 0.515625 0.65625
0 0.53125 0.65625 0 0.546875 0.65625 0 0.5625 0.65625 0
0.578125 0.65625 0 0.59375 0.65625 0 0.609375 0.65625 0 0.625
0.65625 0 0.640625 0.65625 0 0.65625 0.65625 0 0.671875 0.65625
0 0.6875 0.65625 0 0.703125 0.65625 0 0.71875 0.65625 0
0.734375 0.65625 0 0.75 0.65625 0 0.765625 0.65625 0 0.78125
0.65625 0 0.796875 0.65625 0 0.8125 0.65625 0 0.828125 0.65625
0 0.84375 0.65625 0 0.859375 0.65625 0 0.875 0.65625 0
0.890625 0.65625 0 0.90625 0.65625 0 0.921875 0.65625 0 0.9375
0.65625 0 0.953125 0.65625 0 0.96875 0.65625 0 0.984375 0.65625
0 1 0.65625 0 0 0.671875 0 0.015625 0.671875 0
0.03125 0.671875 0 0.046875 0.671875 0 0.0625 0.671875 0 0.078125
0.671875 0 0.09375 0.671875 0 0.109375 0.671875 0 0.125 0.671875
0 0.140625 0.671875 0 0.15625 0.671875 0 0.171875 0.671875 0
0.1875 0.671875 0 0.203125 0.671875 0 0.21875 0.671875 0 0.234375
0.671875 0 0.25 0.671875 0 0.265625 0.671875 0 0.28125 0.671875
0 0.296875 0.671875 0 0.3125 0.671875 0 0.328125 0.671875 0
0.34375 0.671875 0 0.359375 0.671875 0 0.375 0.671875 0 0.390625
0.671875 0 0.40625 0.671875 0 0.421875 0.671875 0 0.4375 0.671875
0 0.453125 0.671875 0 0.46875 0.671875 0 0.484375 0.671875 0
0.5 0.671875 0 0.515625 0.671875 0 0.53125 0.671875 0 0.546875
0.671875 0 0.5625 0.671875 0 0.578125 0.671875 0 0.59375 0.671875
0 0.609375 0.671875 0 0.625 0.671875 0 0.640625 0.671875 0
0.65625 0.671875 0 0.671875 0.671875 0 0.6875 0.671875 0 0.703125
0.671875 0 0.71875 0.671875 0 0.734375 0.671875 0 0.75 0.671875
0 0.765625 0.671875 0 0.78125 0.671875 0 0.796875 0.671875 0
0.8125 0.671875 0 0.828125 0.671875 0 0.84375 0.671875 0 0.859375
0.671875 0 0.875 0.671875 0 0.890625 0.671875 0 0.90625 0.671875
0 0.921875 0.671875 0 0.9375 0.671875 0 0.953125 0.671875 0
0.96875 0.671875 0 0.984375 0.671875 0 1 0.671875 0 0
0.6875 0 0.015625 0.6875 0 0.03125 0.6875 0 0.046875 0.6875
0 0.0625 0.6875 0 0.078125 0.6875 0 0.09375 0.6875 0
0.109375 0.6875 0 0.125 0.6875 0 0.140625 0.6875 0 0.15625
0.6875 0 0.171875 0.6875 0 0.1875 0.6875 0 0.203125 0.6875
0 0.21875 0.6875 0 0.234375 0.6875 0 0.25 0.6875 0
0.265625 0.6875 0 0.28125 0.6875 0 0.296875 0.6875 0 0.3125
0.6875 0 0.328125 0.6875 0 0.34375 0.6875 0 0.359375 0.6875
0 0.375 0.6875 0 0.390625 0.6875 0 0.40625 0.6875 0
0.421875 0.6875 0 0.4375 0.6875 0 0.453125 0.6875 0 0.46875
0.6875 0 0.484375 0.6875 0 0.5 0.6875 0 0.515625 0.6875
0 0.53125 0.6875 0 0.546875 0.6875 0 0.5625 0.6875 0
0.578125 0.6875 0 0.59375 0.6875 0 0.609375 0.6875 0 0.625
0.6875 0 0.640625 0.6875 0 0.65625 0.6875 0 0.671875 0.6875
0 0.6875 0.6875 0 0.703125 0.6875 0 0.71875 0.6875 0
0.734375 0.6875 0 0.75 0.6875 0 0.765625 0.6875 0 0.78125
0.6875 0 0.796875 0.6875 0 0.8125 0.6875 0 0.828125 0.6875
0 0.84375 0.6875 0 0.859375 0.6875 0 0.875 0.6875 0
0.890625 0.6875 0 0.90625 0.6875 0 0.921875 0.6875 0 0.9375
0.6875 0 0.953125 0.6875 0 0.96875 0.6875 0 0.984375 0.6875
0 1 0.6875 0 0 0.703125 0 0.015625 0.703125 0
0.03125 0.703125 0 0.046875 0.703125 0 0.0625 0.703125 0 0.078125
0.703125 0 0.09375 0.703125 0 0.109375 0.703125 0 0.125 0.703125
0 0.140625 0.703125 0 0.15625 0.703125 0 0.171875 0.703125 0
0.1875 0.703125 0 0.203125 0.703125 0 0.21875 0.703125 0 0.234375
0.703125 0 0.25 0.703125 0 0.265625 0.703125 0 0.28125 0.703125
0 0.296875 0.703125 0 0.3125 0.703125 0 0.328125 0.703125 0
0.34375 0.703125 0 0.359375 0.703125 0 0.375 0.703125 0 0.390625
0.703125 0 0.40625 0.703125 0 0.421875 0.703125 0 0.4375 0.703125
0 0.453125 0.703125 0 0.46875 0.703125 0 0.484375 0.703125 0
0.5 0.703125 0 0.515625 0.703125 0 0.53125 0.703125 0 0.546875
0.703125 0 0.5625 0.703125 0 0.578125 0.703125 0 0.59375 0.703125
0 0.609375 0.703125 0 0.625 0.703125 0 0.640625 0.703125 0
0.65625 0.703125 0 0.671875 0.703125 0 0.6875 0.703125 0 0.703125
0.703125 0 0.71875 0.703125 0 0.734375 0.703125 0 0.75 0.703125
0 0.765625 0.703125 0 0.78125 0.703125 0 0.796875 0.703125 0
0.8125 0.703125 0 0.828125 0.703125 0 0.84375 0.703125 0 0.859375
0.703125 0 0.875 0.703125 0 0.890625 0.703125 0 0.90625 0.703125
0 0.921875 0.703125 0 0.9375 0.703125 0 0.953125 0.703125 0
0.96875 0.703125 0 0.984375 0.703125 0 1 0.703125 0 0
0.71875 0 0.015625 0.71875 0 0.03125 0.71875 0 0.046875 0.71875
0 0.0625 0.71875 0 0.078125 0.71875 0 0.09375 0.71875 0
0.109375 0.71875 0 0.125 0.71875 0 0.140625 0.71875 0 0.15625
0.71875 0 0.171875 0.71875 0 0.1875 0.71875 0 0.203125 0.71875
0 0.21875 0.71875 0 0.234375 0.71875 0 0.25 0.71875 0
0.265625 0.71875 0 0.28125 0.71875 0 0.296875 0.71875 0 0.3125
0.71875 0 0.328125 0.71875 0 0.34375 0.71875 0 0.359375 0.71875
0 0.375 0.71875 0 0.390625 0.71875 0 0.40625 0.71875 0
0.421875 0.71875 0 0.4375 0.71875 0 0.453125 0.71875 0 0.46875
0.71875 0 0.484375 0.71875 0 0.5 0.71875 0 0.515625 0.71875
0 0.53125 0.71875 0 0.546875 0.71875 0 0.5625 0.71875 0
0.578125 0.71875 0 0.59375 0.71875 0 0.609375 0.71875 0 0.625
0.71875 0 0.640625 0.71875 0 0.65625 0.71875 0 0.671875 0.71875
0 0.6875 0.71875 0 0.703125 0.71875 0 0.71875 0.71875 0
0.734375 0.71875 0 0.75 0.71875 0 0.765625 0.71875 0 0.78125
0.71875 0 0.796875 0.71875 0 0.8125 0.71875 0 0.828125 0.71875
0 0.84375 0.71875 0 0.859375 0.71875 0 0.875 0.71875 0
0.890625 0.71875 0 0.90625 0.71875 0 0.921875 0.71875 0 0.9375
0.71875 0 0.953125 0.71875 0 0.96875 0.71875 0 0.984375 0.71875
0 1 0.71875 0 0 0.734375 0 0.015625 0.734375 0
0.03125 0.734375 0 0.046875 0.734375 0 0.0625 0.734375 0 0.078125
0.734375 0 0.09375 0.734375 0 0.109375 0.734375 0 0.125 0.734375
0 0.140625 0.734375 0 0.15625 0.734375 0 0.171875 0.734375 0
0.1875 0.734375 0 0.203125 0.734375 0 0.21875 0.734375 0 0.234375
0.734375 0 0.25 0.734375 0 0.265625 0.734375 0 0.28125 0.734375
0 0.296875 0.734375 0 0.3125 0.734375 0 0.328125 0.734375 0
0.34375 0.734375 0 0.359375 0.734375 0 0.375 0.734375 0 0.390625
0.734375 0 0.40625 0.734375 0 0.421875 0.734375 0 0.4375 0.734375
0 0.453125 0.734375 0 0.46875 0.734375 0 0.484375 0.734375 0
0.5 0.734375 0 0.515625 0.734375 0 0.53125 0.734375 0 0.546875
0.734375 0 0.5625 0.734375 0 0.578125 0.734375 0 0.59375 0.734375
0 0.609375 0.734375 0 0.625 0.734375 0 0.640625 0.734375 0
0.65625 0.734375 0 0.671875 0.734375 0 0.6875 0.734375 0 0.703125
0.734375 0 0.71875 0.734375 0 0.734375 0.734375 0 0.75 0.734375
0 0.765625 0.734375 0 0.78125 0.734375 0 0.796875 0.734375 0
0.8125 0.734375 0 0.828125 0.734375 0 0.84375 0.734375 0 0.859375
0.734375 0 0.875 0.734375 0 0.890625 0.734375 0 0.90625 0.734375
0 0.921875 0.734375 0 0.9375 0.734375 0 0.953125 0.734375 0
0.96875 0.734375 0 0.984375 0.734375 0 1 0.734375 0 0
0.75 0 0.015625 0.75 0 0.03125 0.75 0 0.046875 0.75
0 0.0625 0.75 0 0.078125 0.75 0 0.09375 0.75 0
0.109375 0.75 0 0.125 0.75 0 0.140625 0.75 0 0.15625
0.75 0 0.171875 0.75 0 0.1875 0.75 0 0.203125 0.75
0 0.21875 0.75 0 0.234375 0.75 0 0.25 0.75 0
0.265625 0.75 0 0.28125 0.75 0 0.296875 0.75 0 0.3125
0.75 0 0.328125 0.75 0 0.34375 0.75 0 0.359375 0.75
0 0.375 0.75 0 0.390625 0.75 0 0.40625 0.75 0
0.421875 0.75 0 0.4375 0.75 0 0.453125 0.75 0 0.46875
0.75 0 0.484375 0.75 0 0.5 0.75 0 0.515625 0.75
0 0.53125 0.75 0 0.546875 0.75 0 0.5625 0.75 0
0.578125 0.75 0 0.59375 0.75 0 0.609375 0.75 0 0.625
0.75 0 0.640625 0.75 0 0.65625 0.75 0 0.671875 0.75
0 0.6875 0.75 0 0.703125 0.75 0 0.71875 0.75 0
0.734375 0.75 0 0.75 0.75 0 0.765625 0.75 0 0.78125
0.75 0 0.796875 0.75 0 0.8125 0.75 0 0.828125 0.75
0 0.84375 0.75 0 0.859375 0.75 0 0.875 0.75 0
0.890625 0.75 0 0.90625 0.75 0 0.921875 0.75 0 0.9375
0.75 0 0.953125 0.75 0 0.96875 0.75 0 0.984375 0.75
0 1 0.75 0 0 0.765625 0 0.015625 0.765625 0
0.03125 0.765625 0 0.046875 0.765625 0 0.0625 0.765625 0 0.078125
0.765625 0 0.09375 0.765625 0 0.109375 0.765625 0 0.125 0.765625
0 0.140625 0.765625 0 0.15625 0.765625 0 0.171875 0.765625 0
0.1875 0.765625 0 0.203125 0.765625 0 0.21875 0.765625 0 0.234375
0.765625 0 0.25 0.765625 0 0.265625 0.765625 0 0.28125 0.765625
0 0.296875 0.765625 0 0.3125 0.765625 0 0.328125 0.765625 0
0.34375 0.765625 0 0.359375 0.765625 0 0.375 0.765625 0 0.390625
0.765625 0 0.40625 0.765625 0 0.421875 0.765625 0 0.4375 0.765625
0 0.453125 0.765625 0 0.46875 0.765625 0 0.484375 0.765625 0
0.5 0.765625 0 0.515625 0.765625 0 0.53125 0.765625 0 0.546875
0.765625 0 0.5625 0.765625 0 0.578125 0.765625 0 0.59375 0.765625
0 0.609375 0.765625 0 0.625 0.765625 0 0.640625 0.765625 0
0.65625 0.765625 0 0.671875 0.765625 0 0.6875 0.765625 0 0.703125
0.765625 0 0.71875 0.765625 0 0.734375 0.765625 0 0.75 0.765625
0 0.765625 0.765625 0 0.78125 0.765625 0 0.796875 0.765625 0
0.8125 0.765625 0 0.828125 0.765625 0 0.84375 0.765625 0 0.859375
0.765625 0 0.875 0.765625 0 0.890625 0.765625 0 0.90625 0.765625
0 0.921875 0.765625 0 0.9375 0.765625 0 0.953125 0.765625 0
0.96875 0.765625 0 0.984375 0.765625 0 1 0.765625 0 0
0.78125 0 0.015625 0.78125 0 0.03125 0.78125 0 0.046875 0.78125
0 0.0625 0.78125 0 0.078125 0.78125 0 0.09375 0.78125 0
0.109375 0.78125 0 0.125 0.78125 0 0.140625 0.78125 0 0.15625
0.78125 0 0.171875 0.78125 0 0.1875 0.78125 0 0.203125 0.78125
0 0.21875 0.78125 0 0.234375 0.78125 0 0.25 0.78125 0
0.265625 0.78125 0 0.28125 0.78125 0 0.296875 0.78125 0 0.3125
0.78125 0 0.328125 0.78125 0 0.34375 0.78125 0 0.359375 0.78125
0 0.375 0.78125 0 0.390625 0.78125 0 0.40625 0.78125 0
0.421875 0.78125 0 0.4375 0.78125 0 0.453125 0.78125 0 0.46875
0.78125 0 0.484375 0.78125 0 0.5 0.78125 0 0.515625 0.78125
0 0.53125 0.78125 0 0.546875 0.78125 0 0.5625 0.78125 0
0.578125 0.78125 0 0.59375 0.78125 0 0.609375 0.78125 0 0.625
0.78125 0 0.640625 0.78125 0 0.65625 0.78125 0 0.671875 0.78125
0 0.6875 0.78125 0 0.703125 0.78125 0 0.71875 0.78125 0
0.734375 0.78125 0 0.75 0.78125 0 0.765625 0.78125 0 0.78125
0.78125 0 0.796875 0.78125 0 0.8125 0.78125 0 0.828125 0.78125
0 0.84375 0.78125 0 0.859375 0.78125 0 0.875 0.78125 0
0.890625 0.78125 0 0.90625 0.78125 0 0.921875 0.78125 0 0.9375
0.78125 0 0.953125 0.78125 0 0.96875 0.78125 0 0.984375 0.78125
0 1 0.78125 0 0 0.796875 0 0.015625 0.796875 0
0.03125 0.796875 0 0.046875 0.796875 0 0.0625 0.796875 0 0.078125
0.796875 0 0.09375 0.796875 0 0.109375 0.796875 0 0.125 0.796875
0 0.140625 0.796875 0 0.15625 0.796875 0 0.171875 0.796875 0
0.1875 0.796875 0 0.203125 0.796875 0 0.21875 0.796875 0 0.234375
0.796875 0 0.25 0.796875 0 0.265625 0.796875 0 0.28125 0.796875
0 0.296875 0.796875 0 0.3125 0.796875 0 0.328125 0.796875 0
0.34375 0.796875 0 0.359375 0.796875 0 0.375 0.796875 0 0.390625
0.796875 0 0.40625 0.796875 0 0.421875 0.796875 0 0.4375 0.796875
0 0.453125 0.796875 0 0.46875 0.796875 0 0.484375 0.796875 0
0.5 0.796875 0 0.515625 0.796875 0 0.53125 0.796875 0 0.546875
0.796875 0 0.5625 0.796875 0 0.578125 0.796875 0 0.59375 0.796875
0 0.609375 0.796875 0 0.625 0.796875 0 0.640625 0.796875 0
0.65625 0.796875 0 0.671875 0.796875 0 0.6875 0.796875 0 0.703125
0.796875 0 0.71875 0.796875 0 0.734375 0.796875 0 0.75 0.796875
0 0.765625 0.796875 0 0.78125 0.796875 0 0.796875 0.796875 0
0.8125 0.796875 0 0.828125 0.796875 0 0.84375 0.796875 0 0.859375
0.796875 0 0.875 0.796875 0 0.890625 0.796875 0 0.90625 0.796875
0 0.921875 0.796875 0 0.9375 0.796875 0 0.953125 0.796875 0
0.96875 0.796875 0 0.984375 0.796875 0 1 0.796875 0 0
0.8125 0 0.015625 0.8125 0 0.03125 0.8125 0 0.046875 0.8125
0 0.0625 0.8125 0 0.078125 0.8125 0 0.09375 0.8125 0
0.109375 0.8125 0 0.125 0.8125 0 0.140625 0.8125 0 0.15625
0.8125 0 0.171875 0.8125 0 0.1875 0.8125 0 0.203125 0.8125
0 0.21875 0.8125 0 0.234375 0.8125 0 0.25 0.8125 0
0.265625 0.8125 0 0.28125 0.8125 0 0.296875 0.8125 0 0.3125
0.8125 0 0.328125 0.8125 0 0.34375 0.8125 0 0.359375 0.8125
0 0.375 0.8125 0 0.390625 0.8125 0 0.40625 0.8125 0
0.421875 0.8125 0 0.4375 0.8125 0 0.453125 0.8125 0 0.46875
0.8125 0 0.484375 0.8125 0 0.5 0.8125 0 0.515625 0.8125
0 0.53125 0.8125 0 0.546875 0.8125 0 0.5625 0.8125 0
0.578125 0.8125 0 0.59375 0.8125 0 0.609375 0.8125 0 0.625
0.8125 0 0.640625 0.8125 0 0.65625 0.8125 0 0.671875 0.8125
0 0.6875 0.8125 0 0.703125 0.8125 0 0.71875 0.8125 0
0.734375 0.8125 0 0.75 0.8125 0 0.765625 0.8125 0 0.78125
0.8125 0 0.796875 0.8125 0 0.8125 0.8125 0 0.828125 0.8125
0 0.84375 0.8125 0 0.859375 0.8125 0 0.875 0.8125 0
0.890625 0.8125 0 0.90625 0.8125 0 0.921875 0.8125 0 0.9375
0.8125 0 0.953125 0.8125 0 0.96875 0.8125 0 0.984375 0.8125
0 1 0.8125 0 0 0.828125 0 0.015625 0.828125 0
0.03125 0.828125 0 0.046875 0.828125 0 0.0625 0.828125 0 0.078125
0.828125 0 0.09375 0.828125 0 0.109375 0.828125 0 0.125 0.828125
0 0.140625 0.828125 0 0.15625 0.828125 0 0.171875 0.828125 0
0.1875 0.828125 0 0.203125 0.828125 0 0.21875 0.828125 0 0.234375
0.828125 0 0.25 0.828125 0 0.265625 0.828125 0 0.28125 0.828125
0 0.296875 0.828125 0 0.3125 0.828125 0 0.328125 0.828125 0
0.34375 0.828125 0 0.359375 0.828125 0 0.375 0.828125 0 0.390625
0.828125 0 0.40625 0.828125 0 0.421875 0.828125 0 0.4375 0.828125
0 0.453125 0.828125 0 0.46875 0.828125 0 0.484375 0.828125 0
0.5 0.828125 0 0.515625 0.828125 0 0.53125 0.828125 0 0.546875
0.828125 0 0.5625 0.828125 0 0.578125 0.828125 0 0.59375 0.828125
0 0.609375 0.828125 0 0.625 0.828125 0 0.640625 0.828125 0
0.65625 0.828125 0 0.671875 0.828125 0 0.6875 0.828125 0 0.703125
0.828125 0 0.71875 0.828125 0 0.734375 0.828125 0 0.75 0.828125
0 0.765625 0.828125 0 0.78125 0.828125 0 0.796875 0.828125 0
0.8125 0.828125 0 0.828125 0.828125 0 0.84375 0.828125 0 0.859375
0.828125 0 0.875 0.828125 0 0.890625 0.828125 0 0.90625 0.828125
0 0.921875 0.828125 0 0.9375 0.828125 0 0.953125 0.828125 0
0.96875 0.828125 0 0.984375 0.828125 0 1 0.828125 0 0
0.84375 0 0.015625 0.84375 0 0.03125 0.84375 0 0.046875 0.84375
0 0.0625 0.84375 0 0.078125 0.84375 0 0.09375 0.84375 0
0.109375 0.84375 0 0.125 0.84375 0 0.140625 0.84375 0 0.15625
0.84375 0 0.171875 0.84375 0 0.1875 0.84375 0 0.203125 0.84375
0 0.21875 0.84375 0 0.234375 0.84375 0 0.25 0.84375 0
0.265625 0.84375 0 0.28125 0.84375 0 0.296875 0.84375 0 0.3125
0.84375 0 0.328125 0.84375 0 0.34375 0.84375 0 0.359375 0.84375
0 0.375 0.84375 0 0.390625 0.84375 0 0.40625 0.84375 0
0.421875 0.84375 0 0.4375 0.84375 0 0.453125 0.84375 0 0.46875
0.84375 0 0.484375 0.84375 0 0.5 0.84375 0 0.515625 0.84375
0 0.53125 0.84375 0 0.546875 0.84375 0 0.5625 0.84375 0
0.578125 0.84375 0 0.59375 0.84375 0 0.609375 0.84375 0 0.625
0.84375 0 0.640625 0.84375 0 0.65625 0.84375 0 0.671875 0.84375
0 0.6875 0.84375 0 0.703125 0.84375 0 0.71875 0.84375 0
0.734375 0.84375 0 0.75 0.84375 0 0.765625 0.84375 0 0.78125
0.84375 0 0.796875 0.84375 0 0.8125 0.84375 0 0.828125 0.84375
0 0.84375 0.84375 0 0.859375 0.84375 0 0.875 0.84375 0
0.890625 0.84375 0 0.90625 0.84375 0 0.921875 0.84375 0 0.9375
0.84375 0 0.953125 0.84375 0 0.96875 0.84375 0 0.984375 0.84375
0 1 0.84375 0 0 0.859375 0 0.015625 0.859375 0
0.03125 0.859375 0 0.046875 0.859375 0 0.0625 0.859375 0 0.078125
0.859375 0 0.09375 0.859375 0 0.109375 0.859375 0 0.125 0.859375
0 0.140625 0.859375 0 0.15625 0.859375 0 0.171875 0.859375 0
0.1875 0.859375 0 0.203125 0.859375 0 0.21875 0.859375 0 0.234375
0.859375 0 0.25 0.859375 0 0.265625 0.859375 0 0.28125 0.859375
0 0.296875 0.859375 0 0.3125 0.859375 0 0.328125 0.859375 0
0.34375 0.859375 0 0.359375 0.859375 0 0.375 0.859375 0 0.390625
0.859375 0 0.40625 0.859375 0 0.421875 0.859375 0 0.4375 0.859375
0 0.453125 0.859375 0 0.46875 0.859375 0 0.484375 0.859375 0
0.5 0.859375 0 0.515625 0.859375 0 0.53125 0.859375 0 0.546875
0.859375 0 0.5625 0.859375 0 0.578125 0.859375 0 0.59375 0.859375
0 0.609375 0.859375 0 0.625 0.859375 0 0.640625 0.859375 0
0.65625 0.859375 0 0.671875 0.859375 0 0.6875 0.859375 0 0.703125
0.859375 0 0.71875 0.859375 0 0.734375 0.859375 0 0.75 0.859375
0 0.765625 0.859375 0 0.78125 0.859375 0 0.796875 0.859375 0
0.8125 0.859375 0 0.828125 0.859375 0 0.84375 0.859375 0 0.859375
0.859375 0 0.875 0.859375 0 0.890625 0.859375 0 0.90625 0.859375
0 0.921875 0.859375 0 0.9375 0.859375 0 0.953125 0.859375 0
0.96875 0.859375 0 0.984375 0.859375 0 1 0.859375 0 0
0.875 0 0.015625 0.875 0 0.03125 0.875 0 0.046875 0.875
0 0.0625 0.875 0 0.078125 0.875 0 0.09375 0.875 0
0.109375 0.875 0 0.125 0.875 0 0.140625 0.875 0 0.15625
0.875 0 0.171875 0.875 0 0.1875 0.875 0 0.203125 0.875
0 0.21875 0.875 0 0.234375 0.875 0 0.25 0.875 0
0.265625 0.875 0 0.28125 0.875 0 0.296875 0.875 0 0.3125
0.875 0 0.328125 0.875 0 0.34375 0.875 0 0.359375 0.875
0 0.375 0.875 0 0.390625 0.875 0 0.40625 0.875 0
0.421875 0.875 0 0.4375 0.875 0 0.453125 0.875 0 0.46875
0.875 0 0.484375 0.875 0 0.5 0.875 0 0.515625 0.875
0 0.53125 0.875 0 0.546875 0.875 0 0.5625 0.875 0
0.578125 0.875 0 0.59375 0.875 0 0.609375 0.875 0 0.625
0.875 0 0.640625 0.875 0 0.65625 0.875 0 0.671875 0.875
0 0.6875 0.875 0 0.703125 0.875 0 0.71875 0.875 0
0.734375 0.875 0 0.75 0.875 0 0.765625 0.875 0 0.78125
0.875 0 0.796875 0.875 0 0.8125 0.875 0 0.828125 0.875
0 0.84375 0.875 0 0.859375 0.875 0 0.875 0.875 0
0.890625 0.875 0 0.90625 0.875 0 0.921875 0.875 0 0.9375
0.875 0 0.953125 0.875 0 0.96875 0.875 0 0.984375 0.875
0 1 0.875 0 0 0.890625 0 0.015625 0.890625 0
0.03125 0.890625 0 0.046875 0.890625 0 0.0625 0.890625 0 0.078125
0.890625 0 0.09375 0.890625 0 0.109375 0.890625 0 0.125 0.890625
0 0.140625 0.890625 0 0.15625 0.890625 0 0.171875 0.890625 0
0.1875 0.890625 0 0.203125 0.890625 0 0.21875 0.890625 0 0.234375
0.890625 0 0.25 0.890625 0 0.265625 0.890625 0 0.28125 0.890625
0 0.296875 0.890625 0 0.3125 0.890625 0 0.328125 0.890625 0
0.34375 0.890625 0 0.359375 0.890625 0 0.375 0.890625 0 0.390625
0.890625 0 0.40625 0.890625 0 0.421875 0.890625 0 0.4375 0.890625
0 0.453125 0.890625 0 0.46875 0.890625 0 0.484375 0.890625 0
0.5 0.890625 0 0.515625 0.890625 0 0.53125 0.890625 0 0.546875
0.890625 0 0.5625 0.890625 0 0.578125 0.890625 0 0.59375 0.890625
0 0.609375 0.890625 0 0.625 0.890625 0 0.640625 0.890625 0
0.65625 0.890625 0 0.671875 0.890625 0 0.6875 0.890625 0 0.703125
0.890625 0 0.71875 0.890625 0 0.734375 0.890625 0 0.75 0.890625
0 0.765625 0.890625 0 0.78125 0.890625 0 0.796875 0.890625 0
0.8125 0.890625 0 0.828125 0.890625 0 0.84375 0.890625 0 0.859375
0.890625 0 0.875 0.890625 0 0.890625 0.890625 0 0.90625 0.890625
0 0.921875 0.890625 0 0.9375 0.890625 0 0.953125 0.890625 0
0.96875 0.890625 0 0.984375 0.890625 0 1 0.890625 0 0
0.90625 0 0.015625 0.90625 0 0.03125 0.90625 0 0.046875 0.90625
0 0.0625 0.90625 0 0.078125 0.90625 0 0.09375 0.90625 0
0.109375 0.90625 0 0.125 0.90625 0 0.140625 0.90625 0 0.15625
0.90625 0 0.171875 0.90625 0 0.1875 0.90625 0 0.203125 0.90625
0 0.21875 0.90625 0 0.234375 0.90625 0 0.25 0.90625 0
0.265625 0.90625 0 0.28125 0.90625 0 0.296875 0.90625 0 0.3125
0.90625 0 0.328125 0.90625 0 0.34375 0.90625 0 0.359375 0.90625
0 0.375 0.90625 0 0.390625 0.90625 0 0.40625 0.90625 0
0.421875 0.90625 0 0.4375 0.90625 0 0.453125 0.90625 0 0.46875
0.90625 0 0.484375 0.90625 0 0.5 0.90625 0 0.515625 0.90625
0 0.53125 0.90625 0 0.546875 0.90625 0 0.5625 0.90625 0
0.578125 0.90625 0 0.59375 0.90625 0 0.609375 0.90625 0 0.625
0.90625 0 0.640625 0.90625 0 0.65625 0.90625 0 0.671875 0.90625
0 0.6875 0.90625 0 0.703125 0.90625 0 0.71875 0.90625 0
0.734375 0.90625 0 0.75 0.90625 0 0.765625 0.90625 0 0.78125
0.90625 0 0.796875 0.90625 0 0.8125 0.90625 0 0.828125 0.90625
0 0.84375 0.90625 0 0.859375 0.90625 0 0.875 0.90625 0
0.890625 0.90625 0 0.90625 0.90625 0 0.921875 0.90625 0 0.9375
0.90625 0 0.953125 0.90625 0 0.96875 0.90625 0 0.984375 0.90625
0 1 0.90625 0 0 0.921875 0 0.015625 0.921875 0
0.03125 0.921875 0 0.046875 0.921875 0 0.0625 0.921875 0 0.078125
0.921875 0 0.09375 0.921875 0 0.109375 0.921875 0 0.125 0.921875
0 0.140625 0.921875 0 0.15625 0.921875 0 0.171875 0.921875 0
0.1875 0.921875 0 0.203125 0.921875 0 0.21875 0.921875 0 0.234375
0.921875 0 0.25 0.921875 0 0.265625 0.921875 0 0.28125 0.921875
0 0.296875 0.921875 0 0.3125 0.921875 0 0.328125 0.921875 0
0.34375 0.921875 0 0.359375 0.921875 0 0.375 0.921875 0 0.390625
0.921875 0 0.40625 0.921875 0 0.421875 0.921875 0 0.4375 0.921875
0 0.453125 0.921875 0 0.46875 0.921875 0 0.484375 0.921875 0
0.5 0.921875 0 0.515625 0.921875 0 0.53125 0.921875 0 0.546875
0.921875 0 0.5625 0.921875 0 0.578125 0.921875 0 0.59375 0.921875
0 0.609375 0.921875 0 0.625 0.921875 0 0.640625 0.921875 0
0.65625 0.921875 0 0.671875 0.921875 0 0.6875 0.921875 0 0.703125
0.921875 0 0.71875 0.921875 0 0.734375 0.921875 0 0.75 0.921875
0 0.765625 0.921875 0 0.78125 0.921875 0 0.796875 0.921875 0
0.8125 0.921875 0 0.828125 0.921875 0 0.84375 0.921875 0 0.859375
0.921875 0 0.875 0.921875 0 0.890625 0.921875 0 0.90625 0.921875
0 0.921875 0.921875 0 0.9375 0.921875 0 0.953125 0.921875 0
0.96875 0.921875 0 0.984375 0.921875 0 1 0.921875 0 0
0.9375 0 0.015625 0.9375 0 0.03125 0.9375 0 0.046875 0.9375
0 0.0625 0.9375 0 0.078125 0.9375 0 0.09375 0.9375 0
0.109375 0.9375 0 0.125 0.9375 0 0.140625 0.9375 0 0.15625
0.9375 0 0.171875 0.9375 0 0.1875 0.9375 0 0.203125 0.9375
0 0.21875 0.9375 0 0.234375 0.9375 0 0.25 0.9375 0
0.265625 0.9375 0 0.28125 0.9375 0 0.296875 0.9375 0 0.3125
0.9375 0 0.328125 0.9375 0 0.34375 0.9375 0 0.359375 0.9375
0 0.375 0.9375 0 0.390625 0.9375 0 0.40625 0.9375 0
0.421875 0.9375 0 0.4375 0.9375 0 0.453125 0.9375 0 0.46875
0.9375 0 0.484375 0.9375 0 0.5 0.9375 0 0.515625 0.9375
0 0.53125 0.9375 0 0.546875 0.9375 0 0.5625 0.9375 0
0.578125 0.9375 0 0.59375 0.9375 0 0.609375 0.9375 0 0.625
0.9375 0 0.640625 0.9375 0 0.65625 0.9375 0 0.671875 0.9375
0 0.6875 0.9375 0 0.703125 0.9375 0 0.71875 0.9375 0
0.734375 0.9375 0 0.75 0.9375 0 0.765625 0.9375 0 0.78125
0.9375 0 0.796875 0.9375 0 0.8125 0.9375 0 0.828125 0.9375
0 0.84375 0.9375 0 0.859375 0.9375 0 0.875 0.9375 0
0.890625 0.9375 0 0.90625 0.9375 0 0.921875 0.9375 0 0.9375
0.9375 0 0.953125 0.9375 0 0.96875 0.9375 0 0.984375 0.9375
0 1 0.9375 0 0 0.953125 0 0.015625 0.953125 0
0.03125 0.953125 0 0.046875 0.953125 0 0.0625 0.953125 0 0.078125
0.953125 0 0.09375 0.953125 0 0.109375 0.953125 0 0.125 0.953125
0 0.140625 0.953125 0 0.15625 0.953125 0 0.171875 0.953125 0
0.1875 0.953125 0 0.203125 0.953125 0 0.21875 0.953125 0 0.234375
0.953125 0 0.25 0.953125 0 0.265625 0.953125 0 0.28125 0.953125
0 0.296875 0.953125 0 0.3125 0.953125 0 0.328125 0.953125 0
0.34375 0.953125 0 0.359375 0.953125 0 0.375 0.953125 0 0.390625
0.953125 0 0.40625 0.953125 0 0.421875 0.953125 0 0.4375 0.953125
0 0.453125 0.953125 0 0.46875 0.953125 0 0.484375 0.953125 0
0.5 0.953125 0 0.515625 0.953125 0 0.53125 0.953125 0 0.546875
0.953125 0 0.5625 0.953125 0 0.578125 0.953125 0 0.59375 0.953125
0 0.609375 0.953125 0 0.625 0.953125 0 0.640625 0.953125 0
0.65625 0.953125 0 0.671875 0.953125 0 0.6875 0.953125 0 0.703125
0.953125 0 0.71875 0.953125 0 0.734375 0.953125 0 0.75 0.953125
0 0.765625 0.953125 0 0.78125 0.953125 0 0.796875 0.953125 0
0.8125 0.953125 0 0.828125 0.953125 0 0.84375 0.953125 0 0.859375
0.953125 0 0.875 0.953125 0 0.890625 0.953125 0 0.90625 0.953125
0 0.921875 0.953125 0 0.9375 0.953125 0 0.953125 0.953125 0
0.96875 0.953125 0 0.984375 0.953125 0 1 0.953125 0 0
0.96875 0 0.015625 0.96875 0 0.03125 0.96875 0 0.046875 0.96875
0 0.0625 0.96875 0 0.078125 0.96875 0 0.09375 0.96875 0
0.109375 0.96875 0 0.125 0.96875 0 0.140625 0.96875 0 0.15625
0.96875 0 0.171875 0.96875 0 0.1875 0.96875 0 0.203125 0.96875
0 0.21875 0.96875 0 0.234375 0.96875 0 0.25 0.96875 0
0.265625 0.96875 0 0.28125 0.96875 0 0.296875 0.96875 0 0.3125
0.96875 0 0.328125 0.96875 0 0.34375 0.96875 0 0.359375 0.96875
0 0.375 0.96875 0 0.390625 0.96875 0 0.40625 0.96875 0
0.421875 0.96875 0 0.4375 0.96875 0 0.453125 0.96875 0 0.46875
0.96875 0 0.484375 0.96875 0 0.5 0.96875 0 0.515625 0.96875
0 0.53125 0.96875 0 0.546875 0.96875 0 0.5625 0.96875 0
0.578125 0.96875 0 0.59375 0.96875 0 0.609375 0.96875 0 0.625
0.96875 0 0.640625 0.96875 0 0.65625 0.96875 0 0.671875 0.96875
0 0.6875 0.96875 0 0.703125 0.96875 0 0.71875 0.96875 0
0.734375 0.96875 0 0.75 0.96875 0 0.765625 0.96875 0 0.78125
0.96875 0 0.796875 0.96875 0 0.8125 0.96875 0 0.828125 0.96875
0 0.84375 0.96875 0 0.859375 0.96875 0 0.875 0.96875 0
0.890625 0.96875 0 0.90625 0.96875 0 0.921875 0.96875 0 0.9375
0.96875 0 0.953125 0.96875 0 0.96875 0.96875 0 0.984375 0.96875
0 1 0.96875 0 0 0.984375 0 0.015625 0.984375 0
0.03125 0.984375 0 0.046875 0.984375 0 0.0625 0.984375 0 0.078125
0.984375 0 0.09375 0.984375 0 0.109375 0.984375 0 0.125 0.984375
0 0.140625 0.984375 0 0.15625 0.984375 0 0.171875 0.984375 0
0.1875 0.984375 0 0.203125 0.984375 0 0.21875 0.984375 0 0.234375
0.984375 0 0.25 0.984375 0 0.265625 0.984375 0 0.28125 0.984375
0 0.296875 0.984375 0 0.3125 0.984375 0 0.328125 0.984375 0
0.34375 0.984375 0 0.359375 0.984375 0 0.375 0.984375 0 0.390625
0.984375 0 0.40625 0.984375 0 0.421875 0.984375 0 0.4375 0.984375
0 0.453125 0.984375 0 0.46875 0.984375 0 0.484375 0.984375 0
0.5 0.984375 0 0.515625 0.984375 0 0.53125 0.984375 0 0.546875
0.984375 0 0.5625 0.984375 0 0.578125 0.984375 0 0.59375 0.984375
0 0.609375 0.984375 0 0.625 0.984375 0 0.640625 0.984375 0
0.65625 0.984375 0 0.671875 0.984375 0 0.6875 0.984375 0 0.703125
0.984375 0 0.71875 0.984375 0 0.734375 0.984375 0 0.75 0.984375
0 0.765625 0.984375 0 0.78125 0.984375 0 0.796875 0.984375 0
0.8125 0.984375 0 0.828125 0.984375 0 0.84375 0.984375 0 0.859375
0.984375 0 0.875 0.984375 0 0.890625 0.984375 0 0.90625 0.984375
0 0.921875 0.984375 0 0.9375 0.984375 0 0.953125 0.984375 0
0.96875 0.984375 0 0.984375 0.984375 0 1 0.984375 0 0
1 0 0.015625 1 0 0.03125 1 0 0.046875 1
0 0.0625 1 0 0.078125 1 0 0.09375 1 0
0.109375 1 0 0.125 1 0 0.140625 1 0 0.15625
1 0 0.171875 1 0 0.1875 1 0 0.203125 1
0 0.21875 1 0 0.234375 1 0 0.25 1 0
0.265625 1 0 0.28125 1 0 0.296875 1 0 0.3125
1 0 0.328125 1 0 0.34375 1 0 0.359375 1
0 0.375 1 0 0.390625 1 0 0.40625 1 0
0.421875 1 0 0.4375 1 0 0.453125 1 0 0.46875
1 0 0.484375 1 0 0.5 1 0 0.515625 1
0 0.53125 1 0 0.546875 1 0 0.5625 1 0
0.578125 1 0 0.59375 1 0 0.609375 1 0 0.625
1 0 0.640625 1 0 0.65625 1 0 0.671875 1
0 0.6875 1 0 0.703125 1 0 0.71875 1 0
0.734375 1 0 0.75 1 0 0.765625 1 0 0.78125
1 0 0.796875 1 0 0.8125 1 0 0.828125 1
0 0.84375 1 0 0.859375 1 0 0.875 1 0
0.890625 1 0 0.90625 1 0 0.921875 1 0 0.9375
1 0 0.953125 1 0 0.96875 1 0 0.984375 1
0 1 1 0 0 0 0.1 0.015625 0 0.1
0.03125 0 0.1 0.046875 0 0.1 0.0625 0 0.1 0.078125
0 0.1 0.09375 0 0.1 0.109375 0 0.1 0.125 0
0.1 0.140625 0 0.1 0.15625 0 0.1 0.171875 0 0.1
0.1875 0 0.1 0.203125 0 0.1 0.21875 0 0.1 0.234375
0 0.1 0.25 0 0.1 0.265625 0 0.1 0.28125 0
0.1 0.296875 0 0.1 0.3125 0 0.1 0.328125 0 0.1
0.34375 0 0.1 0.359375 0 0.1 0.375 0 0.1 0.390625
0 0.1 0.40625 0 0.1 0.421875 0 0.1 0.4375 0
0.1 0.453125 0 0.1 0.46875 0 0.1 0.484375 0 0.1
0.5 0 0.1 0.515625 0 0.1 0.53125 0 0.1 0.546875
0 0.1 0.5625 0 0.1 0.578125 0 0.1 0.59375 0
0.1 0.609375 0 0.1 0.625 0 0.1 0.640625 0 0.1
0.65625 0 0.1 0.671875 0 0.1 0.6875 0 0.1 0.703125
0 0.1 0.71875 0 0.1 0.734375 0 0.1 0.75 0
0.1 0.765625 0 0.1 0.78125 0 0.1 0.796875 0 0.1
0.8125 0 0.1 0.828125 0 0.1 0.84375 0 0.1 0.859375
0 0.1 0.875 0 0.1 0.890625 0 0.1 0.90625 0
0.1 0.921875 0 0.1 0.9375 0 0.1 0.953125 0 0.1
0.96875 0 0.1 0.984375 0 0.1 1 0 0.1 0
0.015625 0.1 0.015625 0.015625 0.1 0.03125 0.015625 0.1 0.046875 0.015625
0.1 0.0625 0.015625 0.1 0.078125 0.015625 0.1 0.09375 0.015625 0.1
0.109375 0.015625 0.1 0.125 0.015625 0.1 0.140625 0.015625 0.1 0.15625
0.015625 0.1 0.171875 0.015625 0.1 0.1875 0.015625 0.1 0.203125 0.015625
0.1 0.21875 0.015625 0.1 0.234375 0.015625 0.1 0.25 0.015625 0.1
0.265625 0.015625 0.1 0.28125 0.015625 0.1 0.296875 0.015625 0.1 0.3125
0.015625 0.1 0.328125 0.015625 0.1 0.34375 0.015625 0.1 0.359375 0.015625
0.1 0.375 0.015625 0.1 0.390625 0.015625 0.1 0.40625 0.015625 0.1
0.421875 0.015625 0.1 0.4375 0.015625 0.1 0.453125 0.015625 0.1 0.46875
0.015625 0.1 0.484375 0.015625 0.1 0.5 0.015625 0.1 0.515625 0.015625
0.1 0.53125 0.015625 0.1 0.546875 0.015625 0.1 0.5625 0.015625 0.1
0.578125 0.015625 0.1 0.59375 0.015625 0.1 0.609375 0.015625 0.1 0.625
0.015625 0.1 0.640625 0.015625 0.1 0.65625 0.015625 0.1 0.671875 0.015625
0.1 0.6875 0.015625 0.1 0.703125 0.015625 0.1 0.71875 0.015625 0.1
0.734375 0.015625 0.1 0.75 0.015625 0.1 0.765625 0.015625 0.1 0.78125
0.015625 0.1 0.796875 0.015625 0.1 0.8125 0.015625 0.1 0.828125 0.015625
0.1 0.84375 0.015625 0.1 0.859375 0.015625 0.1 0.875 0.015625 0.1
0.890625 0.015625 0.1 0.90625 0.015625 0.1 0.921875 0.015625 0.1 0.9375
0.015625 0.1 0.953125 0.015625 0.1 0.96875 0.015625 0.1 0.984375 0.015625
0.1 1 0.015625 0.1 0 0.03125 0.1 0.015625 0.03125 0.1
0.03125 0.03125 0.1 0.046875 0.03125 0.1 0.0625 0.03125 0.1 0.078125
0.03125 0.1 0.09375 0.03125 0.1 0.109375 0.03125 0.1 0.125 0.03125
0.1 0.140625 0.03125 0.1 0.15625 0.03125 0.1 0.171875 0.03125 0.1
0.1875 0.03125 0.1 0.203125 0.03125 0.1 0.21875 0.03125 0.1 0.234375
0.03125 0.1 0.25 0.03125 0.1 0.265625 0.03125 0.1 0.28125 0.03125
0.1 0.296875 0.03125 0.1 0.3125 0.03125 0.1 0.328125 0.03125 0.1
0.34375 0.03125 0.1 0.359375 0.03125 0.1 0.375 0.03125 0.1 0.390625
0.03125 0.1 0.40625 0.03125 0.1 0.421875 0.03125 0.1 0.4375 0.03125
0.1 0.453125 0.03125 0.1 0.46875 0.03125 0.1 0.484375 0.03125 0.1
0.5 0.03125 0.1 0.515625 0.03125 0.1 0.53125 0.03125 0.1 0.546875
0.03125 0.1 0.5625 0.03125 0.1 0.578125 0.03125 0.1 0.59375 0.03125
0.1 0.609375 0.03125 0.1 0.625 0.03125 0.1 0.640625 0.03125 0.1
0.65625 0.03125 0.1 0.671875 0.03125 0.1 0.6875 0.03125 0.1 0.703125
0.03125 0.1 0.71875 0.03125 0.1 0.734375 0.03125 0.1 0.75 0.03125
0.1 0.765625 0.03125 0.1 0.78125 0.03125 0.1 0.796875 0.03125 0.1
0.8125 0.03125 0.1 0.828125 0.03125 0.1 0.84375 0.03125 0.1 0.859375
0.03125 0.1 0.875 0.03125 0.1 0.890625 0.03125 0.1 0.90625 0.03125
0.1 0.921875 0.03125 0.1 0.9375 0.03125 0.1 0.953125 0.03125 0.1
0.96875 0.03125 0.1 0.984375 0.03125 0.1 1 0.03125 0.1 0
0.046875 0.1 0.015625 0.046875 0.1 0.03125 0.046875 0.1 0.046875 0.046875
0.1 0.0625 0.046875 0.1 0.078125 0.046875 0.1 0.09375 0.046875 0.1
0.109375 0.046875 0.1 0.125 0.046875 0.1 0.140625 0.046875 0.1 0.15625
0.046875 0.1 0.171875 0.046875 0.1 0.1875 0.046875 0.1 0.203125 0.046875
0.1 0.21875 0.046875 0.1 0.234375 0.046875 0.1 0.25 0.046875 0.1
0.265625 0.046875 0.1 0.28125 0.046875 0.1 0.296875 0.046875 0.1 0.3125
0.046875 0.1 0.328125 0.046875 0.1 0.34375 0.046875 0.1 0.359375 0.046875
0.1 0.375 0.046875 0.1 0.390625 0.046875 0.1 0.40625 0.046875 0.1
0.421875 0.046875 0.1 0.4375 0.046875 0.1 0.453125 0.046875 0.1 0.46875
0.046875 0.1 0.484375 0.046875 0.1 0.5 0.046875 0.1 0.515625 0.046875
0.1 0.53125 0.046875 0.1 0.546875 0.046875 0.1 0.5625 0.046875 0.1
0.578125 0.046875 0.1 0.59375 0.046875 0.1 0.609375 0.046875 0.1 0.625
0.046875 0.1 0.640625 0.046875 0.1 0.65625 0.046875 0.1 0.671875 0.046875
0.1 0.6875 0.046875 0.1 0.703125 0.046875 0.1 0.71875 0.046875 0.1
0.734375 0.046875 0.1 0.75 0.046875 0.1 0.765625 0.046875 0.1 0.78125
0.046875 0.1 0.796875 0.046875 0.1 0.8125 0.046875 0.1 0.828125 0.046875
0.1 0.84375 0.046875 0.1 0.859375 0.046875 0.1 0.875 0.046875 0.1
0.890625 0.046875 0.1 0.90625 0.046875 0.1 0.921875 0.046875 0.1 0.9375
0.046875 0.1 0.953125 0.046875 0.1 0.96875 0.046875 0.1 0.984375 0.046875
0.1 1 0.046875 0.1 0 0.0625 0.1 0.015625 0.0625 0.1
0.03125 0.0625 0.1 0.046875 0.0625 0.1 0.0625 0.0625 0.1 0.078125
0.0625 0.1 0.09375 0.0625 0.1 0.109375 0.0625 0.1 0.125 0.0625
0.1 0.140625 0.0625 0.1 0.15625 0.0625 0.1 0.171875 0.0625 0.1
0.1875 0.0625 0.1 0.203125 0.0625 0.1 0.21875 0.0625 0.1 0.234375
0.0625 0.1 0.25 0.0625 0.1 0.265625 0.0625 0.1 0.28125 0.0625
0.1 0.296875 0.0625 0.1 0.3125 0.0625 0.1 0.328125 0.0625 0.1
0.34375 0.0625 0.1 0.359375 0.0625 0.1 0.375 0.0625 0.1 0.390625
0.0625 0.1 0.40625 0.0625 0.1 0.421875 0.0625 0.1 0.4375 0.0625
0.1 0.453125 0.0625 0.1 0.46875 0.0625 0.1 0.484375 0.0625 0.1
0.5 0.0625 0.1 0.515625 0.0625 0.1 0.53125 0.0625 0.1 0.546875
0.0625 0.1 0.5625 0.0625 0.1 0.578125 0.0625 0.1 0.59375 0.0625
0.1 0.609375 0.0625 0.1 0.625 0.0625 0.1 0.640625 0.0625 0.1
0.65625 0.0625 0.1 0.671875 0.0625 0.1 0.6875 0.0625 0.1 0.703125
0.0625 0.1 0.71875 0.0625 0.1 0.734375 0.0625 0.1 0.75 0.0625
0.1 0.765625 0.0625 0.1 0.78125 0.0625 0.1 0.796875 0.0625 0.1
0.8125 0.0625 0.1 0.828125 0.0625 0.1 0.84375 0.0625 0.1 0.859375
0.0625 0.1 0.875 0.0625 0.1 0.890625 0.0625 0.1 0.90625 0.0625
0.1 0.921875 0.0625 0.1 0.9375 0.0625 0.1 0.953125 0.0625 0.1
0.96875 0.0625 0.1 0.984375 0.0625 0.1 1 0.0625 0.1 0
0.078125 0.1 0.015625 0.078125 0.1 0.03125 0.078125 0.1 0.046875 0.078125
0.1 0.0625 0.078125 0.1 0.078125 0.078125 0.1 0.09375 0.078125 0.1
0.109375 0.078125 0.1 0.125 0.078125 0.1 0.140625 0.078125 0.1 0.15625
0.078125 0.1 0.171875 0.078125 0.1 0.1875 0.078125 0.1 0.203125 0.078125
0.1 0.21875 0.078125 0.1 0.234375 0.078125 0.1 0.25 0.078125 0.1
0.265625 0.078125 0.1 0.28125 0.078125 0.1 0.296875 0.078125 0.1 0.3125
0.078125 0.1 0.328125 0.078125 0.1 0.34375 0.078125 0.1 0.359375 0.078125
0.1 0.375 0.078125 0.1 0.390625 0.078125 0.1 0.40625 0.078125 0.1
0.421875 0.078125 0.1 0.4375 0.078125 0.1 0.453125 0.078125 0.1 0.46875
0.078125 0.1 0.484375 0.078125 0.1 0.5 0.078125 0.1 0.515625 0.078125
0.1 0.53125 0.078125 0.1 0.546875 0.078125 0.1 0.5625 0.078125 0.1
0.578125 0.078125 0.1 0.59375 0.078125 0.1 0.609375 0.078125 0.1 0.625
0.078125 0.1 0.640625 0.078125 0.1 0.65625 0.078125 0.1 0.671875 0.078125
0.1 0.6875 0.078125 0.1 0.703125 0.078125 0.1 0.71875 0.078125 0.1
0.734375 0.078125 0.1 0.75 0.078125 0.1 0.765625 0.078125 0.1 0.78125
0.078125 0.1 0.796875 0.078125 0.1 0.8125 0.078125 0.1 0.828125 0.078125
0.1 0.84375 0.078125 0.1 0.859375 0.078125 0.1 0.875 0.078125 0.1
0.890625 0.078125 0.1 0.90625 0.078125 0.1 0.921875 0.078125 0.1 0.9375
0.078125 0.1 0.953125 0.078125 0.1 0.96875 0.078125 0.1 0.984375 0.078125
0.1 1 0.078125 0.1 0 0.09375 0.1 0.015625 0.09375 0.1
0.03125 0.09375 0.1 0.046875 0.09375 0.1 0.0625 0.09375 0.1 0.078125
0.09375 0.1 0.09375 0.09375 0.1 0.109375 0.09375 0.1 0.125 0.09375
0.1 0.140625 0.09375 0.1 0.15625 0.09375 0.1 0.171875 0.09375 0.1
0.1875 0.09375 0.1 0.203125 0.09375 0.1 0.21875 0.09375 0.1 0.234375
0.09375 0.1 0.25 0.09375 0.1 0.265625 0.09375 0.1 0.28125 0.09375
0.1 0.296875 0.09375 0.1 0.3125 0.09375 0.1 0.328125 0.09375 0.1
0.34375 0.09375 0.1 0.359375 0.09375 0.1 0.375 0.09375 0.1 0.390625
0.09375 0.1 0.40625 0.09375 0.1 0.421875 0.09375 0.1 0.4375 0.09375
0.1 0.453125 0.09375 0.1 0.46875 0.09375 0.1 0.484375 0.09375 0.1
0.5 0.09375 0.1 0.515625 0.09375 0.1 0.53125 0.09375 0.1 0.546875
0.09375 0.1 0.5625 0.09375 0.1 0.578125 0.09375 0.1 0.59375 0.09375
0.1 0.609375 0.09375 0.1 0.625 0.09375 0.1 0.640625 0.09375 0.1
0.65625 0.09375 0.1 0.671875 0.09375 0.1 0.6875 0.09375 0.1 0.703125
0.09375 0.1 0.71875 0.09375 0.1 0.734375 0.09375 0.1 0.75 0.09375
0.1 0.765625 0.09375 0.1 0.78125 0.09375 0.1 0.796875 0.09375 0.1
0.8125 0.09375 0.1 0.828125 0.09375 0.1 0.84375 0.09375 0.1 0.859375
0.09375 0.1 0.875 0.09375 0.1 0.890625 0.09375 0.1 0.90625 0.09375
0.1 0.921875 0.09375 0.1 0.9375 0.09375 0.1 0.953125 0.09375 0.1
0.96875 0.09375 0.1 0.984375 0.09375 0.1 1 0.09375 0.1 0
0.109375 0.1 0.015625 0.109375 0.1 0.03125 0.109375 0.1 0.046875 0.109375
0.1 0.0625 0.109375 0.1 0.078125 0.109375 0.1 0.09375 0.109375 0.1
0.109375 0.109375 0.1 0.125 0.109375 0.1 0.140625 0.109375 0.1 0.15625
0.109375 0.1 0.171875 0.109375 0.1 0.1875 0.109375 0.1 0.203125 0.109375
0.1 0.21875 0.109375 0.1 0.234375 0.109375 0.1 0.25 0.109375 0.1
0.265625 0.109375 0.1 0.28125 0.109375 0.1 0.296875 0.109375 0.1 0.3125
0.109375 0.1 0.328125 0.109375 0.1 0.34375 0.109375 0.1 0.359375 0.109375
0.1 0.375 0.109375 0.1 0.390625 0.109375 0.1 0.40625 0.109375 0.1
0.421875 0.109375 0.1 0.4375 0.109375 0.1 0.453125 0.109375 0.1 0.46875
0.109375 0.1 0.484375 0.109375 0.1 0.5 0.109375 0.1 0.515625 0.109375
0.1 0.53125 0.109375 0.1 0.546875 0.109375 0.1 0.5625 0.109375 0.1
0.578125 0.109375 0.1 0.59375 0.109375 0.1 0.609375 0.109375 0.1 0.625
0.109375 0.1 0.640625 0.109375 0.1 0.65625 0.109375 0.1 0.671875 0.109375
0.1 0.6875 0.109375 0.1 0.703125 0.109375 0.1 0.71875 0.109375 0.1
0.734375 0.109375 0.1 0.75 0.109375 0.1 0.765625 0.109375 0.1 0.78125
0.109375 0.1 0.796875 0.109375 0.1 0.8125 0.109375 0.1 0.828125 0.109375
0.1 0.84375 0.109375 0.1 0.859375 0.109375 0.1 0.875 0.109375 0.1
0.890625 0.109375 0.1 0.90625 0.109375 0.1 0.921875 0.109375 0.1 0.9375
0.109375 0.1 0.953125 0.109375 0.1 0.96875 0.109375 0.1 0.984375 0.109375
0.1 1 0.109375 0.1 0 0.125 0.1 0.015625 0.125 0.1
0.03125 0.125 0.1 0.046875 0.125 0.1 0.0625 0.125 0.1 0.078125
0.125 0.1 0.09375 0.125 0.1 0.109375 0.125 0.1 0.125 0.125
0.1 0.140625 0.125 0.1 0.15625 0.125 0.1 0.171875 0.125 0.1
0.1875 0.125 0.1 0.203125 0.125 0.1 0.21875 0.125 0.1 0.234375
0.125 0.1 0.25 0.125 0.1 0.265625 0.125 0.1 0.28125 0.125
0.1 0.296875 0.125 0.1 0.3125 0.125 0.1 0.328125 0.125 0.1
0.34375 0.125 0.1 0.359375 0.125 0.1 0.375 0.125 0.1 0.390625
0.125 0.1 0.40625 0.125 0.1 0.421875 0.125 0.1 0.4375 0.125
0.1 0.453125 0.125 0.1 0.46875 0.125 0.1 0.484375 0.125 0.1
0.5 0.125 0.1 0.515625 0.125 0.1 0.53125 0.125 0.1 0.546875
0.125 0.1 0.5625 0.125 0.1 0.578125 0.125 0.1 0.59375 0.125
0.1 0.609375 0.125 0.1 0.625 0.125 0.1 0.640625 0.125 0.1
0.65625 0.125 0.1 0.671875 0.125 0.1 0.6875 0.125 0.1 0.703125
0.125 0.1 0.71875 0.125 0.1 0.734375 0.125 0.1 0.75 0.125
0.1 0.765625 0.125 0.1 0.78125 0.125 0.1 0.796875 0.125 0.1
0.8125 0.125 0.1 0.828125 0.125 0.1 0.84375 0.125 0.1 0.859375
0.125 0.1 0.875 0.125 0.1 0.890625 0.125 0.1 0.90625 0.125
0.1 0.921875 0.125 0.1 0.9375 0.125 0.1 0.953125 0.125 0.1
0.96875 0.125 0.1 0.984375 0.125 0.1 1 0.125 0.1 0
0.140625 0.1 0.015625 0.140625 0.1 0.03125 0.140625 0.1 0.046875 0.140625
0.1 0.0625 0.140625 0.1 0.078125 0.140625 0.1 0.09375 0.140625 0.1
0.109375 0.140625 0.1 0.125 0.140625 0.1 0.140625 0.140625 0.1 0.15625
0.140625 0.1 0.171875 0.140625 0.1 0.1875 0.140625 0.1 0.203125 0.140625
0.1 0.21875 0.140625 0.1 0.234375 0.140625 0.1 0.25 0.140625 0.1
0.265625 0.140625 0.1 0.28125 0.140625 0.1 0.296875 0.140625 0.1 0.3125
0.140625 0.1 0.328125 0.140625 0.1 0.34375 0.140625 0.1 0.359375 0.140625
0.1 0.375 0.140625 0.1 0.390625 0.140625 0.1 0.40625 0.140625 0.1
0.421875 0.140625 0.1 0.4375 0.140625 0.1 0.453125 0.140625 0.1 0.46875
0.140625 0.1 0.484375 0.140625 0.1 0.5 0.140625 0.1 0.515625 0.140625
0.1 0.53125 0.140625 0.1 0.546875 0.140625 0.1 0.5625 0.140625 0.1
0.578125 0.140625 0.1 0.59375 0.140625 0.1 0.609375 0.140625 0.1 0.625
0.140625 0.1 0.640625 0.140625 0.1 0.65625 0.140625 0.1 0.671875 0.140625
0.1 0.6875 0.140625 0.1 0.703125 0.140625 0.1 0.71875 0.140625 0.1
0.734375 0.140625 0.1 0.75 0.140625 0.1 0.765625 0.140625 0.1 0.78125
0.140625 0.1 0.796875 0.140625 0.1 0.8125 0.140625 0.1 0.828125 0.140625
0.1 0.84375 0.140625 0.1 0.859375 0.140625 0.1 0.875 0.140625 0.1
0.890625 0.140625 0.1 0.90625 0.140625 0.1 0.921875 0.140625 0.1 0.9375
0.140625 0.1 0.953125 0.140625 0.1 0.96875 0.140625 0.1 0.984375 0.140625
0.1 1 0.140625 0.1 0 0.15625 0.1 0.015625 0.15625 0.1
0.03125 0.15625 0.1 0.046875 0.15625 0.1 0.0625 0.15625 0.1 0.078125
0.15625 0.1 0.09375 0.15625 0.1 0.109375 0.15625 0.1 0.125 0.15625
0.1 0.140625 0.15625 0.1 0.15625 0.15625 0.1 0.171875 0.15625 0.1
0.1875 0.15625 0.1 0.203125 0.15625 0.1 0.21875 0.15625 0.1 0.234375
0.15625 0.1 0.25 0.15625 0.1 0.265625 0.15625 0.1 0.28125 0.15625
0.1 0.296875 0.15625 0.1 0.3125 0.15625 0.1 0.328125 0.15625 0.1
0.34375 0.15625 0.1 0.359375 0.15625 0.1 0.375 0.15625 0.1 0.390625
0.15625 0.1 0.40625 0.15625 0.1 0.421875 0.15625 0.1 0.4375 0.15625
0.1 0.453125 0.15625 0.1 0.46875 0.15625 0.1 0.484375 0.15625 0.1
0.5 0.15625 0.1 0.515625 0.15625 0.1 0.53125 0.15625 0.1 0.546875
0.15625 0.1 0.5625 0.15625 0.1 0.578125 0.15625 0.1 0.59375 0.15625
0.1 0.609375 0.15625 0.1 0.625 0.15625 0.1 0.640625 0.15625 0.1
0.65625 0.15625 0.1 0.671875 0.15625 0.1 0.6875 0.15625 0.1 0.703125
0.15625 0.1 0.71875 0.15625 0.1 0.734375 0.15625 0.1 0.75 0.15625
0.1 0.765625 0.15625 0.1 0.78125 0.15625 0.1 0.796875 0.15625 0.1
0.8125 0.15625 0.1 0.828125 0.15625 0.1 0.84375 0.15625 0.1 0.859375
0.15625 0.1 0.875 0.15625 0.1 0.890625 0.15625 0.1 0.90625 0.15625
0.1 0.921875 0.15625 0.1 0.9375 0.15625 0.1 0.953125 0.15625 0.1
0.96875 0.15625 0.1 0.984375 0.15625 0.1 1 0.15625 0.1 0
0.171875 0.1 0.015625 0.171875 0.1 0.03125 0.171875 0.1 0.046875 0.171875
0.1 0.0625 0.171875 0.1 0.078125 0.171875 0.1 0.09375 0.171875 0.1
0.109375 0.171875 0.1 0.125 0.171875 0.1 0.140625 0.171875 0.1 0.15625
0.171875 0.1 0.171875 0.171875 0.1 0.1875 0.171875 0.1 0.203125 0.171875
0.1 0.21875 0.171875 0.1 0.234375 0.171875 0.1 0.25 0.171875 0.1
0.265625 0.171875 0.1 0.28125 0.171875 0.1 0.296875 0.171875 0.1 0.3125
0.171875 0.1 0.328125 0.171875 0.1 0.34375 0.171875 0.1 0.359375 0.171875
0.1 0.375 0.171875 0.1 0.390625 0.171875 0.1 0.40625 0.171875 0.1
0.421875 0.171875 0.1 0.4375 0.171875 0.1 0.453125 0.171875 0.1 0.46875
0.171875 0.1 0.484375 0.171875 0.1 0.5 0.171875 0.1 0.515625 0.171875
0.1 0.53125 0.171875 0.1 0.546875 0.171875 0.1 0.5625 0.171875 0.1
0.578125 0.171875 0.1 0.59375 0.171875 0.1 0.609375 0.171875 0.1 0.625
0.171875 0.1 0.640625 0.171875 0.1 0.65625 0.171875 0.1 0.671875 0.171875
0.1 0.6875 0.171875 0.1 0.703125 0.171875 0.1 0.71875 0.171875 0.1
0.734375 0.171875 0.1 0.75 0.171875 0.1 0.765625 0.171875 0.1 0.78125
0.171875 0.1 0.796875 0.171875 0.1 0.8125 0.171875 0.1 0.828125 0.171875
0.1 0.84375 0.171875 0.1 0.859375 0.171875 0.1 0.875 0.171875 0.1
0.890625 0.171875 0.1 0.90625 0.171875 0.1 0.921875 0.171875 0.1 0.9375
0.171875 0.1 0.953125 0.171875 0.1 0.96875 0.171875 0.1 0.984375 0.171875
0.1 1 0.171875 0.1 0 0.1875 0.1 0.015625 0.1875 0.1
0.03125 0.1875 0.1 0.046875 0.1875 0.1 0.0625 0.1875 0.1 0.078125
0.1875 0.1 0.09375 0.1875 0.1 0.109375 0.1875 0.1 0.125 0.1875
0.1 0.140625 0.1875 0.1 0.15625 0.1875 0.1 0.171875 0.1875 0.1
0.1875 0.1875 0.1 0.203125 0.1875 0.1 0.21875 0.1875 0.1 0.234375
0.1875 0.1 0.25 0.1875 0.1 0.265625 0.1875 0.1 0.28125 0.1875
0.1 0.296875 0.1875 0.1 0.3125 0.1875 0.1 0.328125 0.1875 0.1
0.34375 0.1875 0.1 0.359375 0.1875 0.1 0.375 0.1875 0.1 0.390625
0.1875 0.1 0.40625 0.1875 0.1 0.421875 0.1875 0.1 0.4375 0.1875
0.1 0.453125 0.1875 0.1 0.46875 0.1875 0.1 0.484375 0.1875 0.1
0.5 0.1875 0.1 0.515625 0.1875 0.1 0.53125 0.1875 0.1 0.546875
0.1875 0.1 0.5625 0.1875 0.1 0.578125 0.1875 0.1 0.59375 0.1875
0.1 0.609375 0.1875 0.1 0.625 0.1875 0.1 0.640625 0.1875 0.1
0.65625 0.1875 0.1 0.671875 0.1875 0.1 0.6875 0.1875 0.1 0.703125
0.1875 0.1 0.71875 0.1875 0.1 0.734375 0.1875 0.1 0.75 0.1875
0.1 0.765625 0.1875 0.1 0.78125 0.1875 0.1 0.796875 0.1875 0.1
0.8125 0.1875 0.1 0.828125 0.1875 0.1 0.84375 0.1875 0.1 0.859375
0.1875 0.1 0.875 0.1875 0.1 0.890625 0.1875 0.1 0.90625 0.1875
0.1 0.921875 0.1875 0.1 0.9375 0.1875 0.1 0.953125 0.1875 0.1
0.96875 0.1875 0.1 0.984375 0.1875 0.1 1 0.1875 0.1 0
0.203125 0.1 0.015625 0.203125 0.1 0.03125 0.203125 0.1 0.046875 0.203125
0.1 0.0625 0.203125 0.1 0.078125 0.203125 0.1 0.09375 0.203125 0.1
0.109375 0.203125 0.1 0.125 0.203125 0.1 0.140625 0.203125 0.1 0.15625
0.203125 0.1 0.171875 0.203125 0.1 0.1875 0.203125 0.1 0.203125 0.203125
0.1 0.21875 0.203125 0.1 0.234375 0.203125 0.1 0.25 0.203125 0.1
0.265625 0.203125 0.1 0.28125 0.203125 0.1 0.296875 0.203125 0.1 0.3125
0.203125 0.1 0.328125 0.203125 0.1 0.34375 0.203125 0.1 0.359375 0.203125
0.1 0.375 0.203125 0.1 0.390625 0.203125 0.1 0.40625 0.203125 0.1
0.421875 0.203125 0.1 0.4375 0.203125 0.1 0.453125 0.203125 0.1 0.46875
0.203125 0.1 0.484375 0.203125 0.1 0.5 0.203125 0.1 0.515625 0.203125
0.1 0.53125 0.203125 0.1 0.546875 0.203125 0.1 0.5625 0.203125 0.1
0.578125 0.203125 0.1 0.59375 0.203125 0.1 0.609375 0.203125 0.1 0.625
0.203125 0.1 0.640625 0.203125 0.1 0.65625 0.203125 0.1 0.671875 0.203125
0.1 0.6875 0.203125 0.1 0.703125 0.203125 0.1 0.71875 0.203125 0.1
0.734375 0.203125 0.1 0.75 0.203125 0.1 0.765625 0.203125 0.1 0.78125
0.203125 0.1 0.796875 0.203125 0.1 0.8125 0.203125 0.1 0.828125 0.203125
0.1 0.84375 0.203125 0.1 0.859375 0.203125 0.1 0.875 0.203125 0.1
0.890625 0.203125 0.1 0.90625 0.203125 0.1 0.921875 0.203125 0.1 0.9375
0.203125 0.1 0.953125 0.203125 0.1 0.96875 0.203125 0.1 0.984375 0.203125
0.1 1 0.203125 0.1 0 0.21875 0.1 0.015625 0.21875 0.1
0.03125 0.21875 0.1 0.046875 0.21875 0.1 0.0625 0.21875 0.1 0.078125
0.21875 0.1 0.09375 0.21875 0.1 0.109375 0.21875 0.1 0.125 0.21875
0.1 0.140625 0.21875 0.1 0.15625 0.21875 0.1 0.171875 0.21875 0.1
0.1875 0.21875 0.1 0.203125 0.21875 0.1 0.21875 0.21875 0.1 0.234375
0.21875 0.1 0.25 0.21875 0.1 0.265625 0.21875 0.1 0.28125 0.21875
0.1 0.296875 0.21875 0.1 0.3125 0.21875 0.1 0.328125 0.21875 0.1
0.34375 0.21875 0.1 0.359375 0.21875 0.1 0.375 0.21875 0.1 0.390625
0.21875 0.1 0.40625 0.21875 0.1 0.421875 0.21875 0.1 0.4375 0.21875
0.1 0.453125 0.21875 0.1 0.46875 0.21875 0.1 0.484375 0.21875 0.1
0.5 0.21875 0.1 0.515625 0.21875 0.1 0.53125 0.21875 0.1 0.546875
0.21875 0.1 0.5625 0.21875 0.1 0.578125 0.21875 0.1 0.59375 0.21875
0.1 0.609375 0.21875 0.1 0.625 0.21875 0.1 0.640625 0.21875 0.1
0.65625 0.21875 0.1 0.671875 0.21875 0.1 0.6875 0.21875 0.1 0.703125
0.21875 0.1 0.71875 0.21875 0.1 0.734375 0.21875 0.1 0.75 0.21875
0.1 0.765625 0.21875 0.1 0.78125 0.21875 0.1 0.796875 0.21875 0.1
0.8125 0.21875 0.1 0.828125 0.21875 0.1 0.84375 0.21875 0.1 0.859375
0.21875 0.1 0.875 0.21875 0.1 0.890625 0.21875 0.1 0.90625 0.21875
0.1 0.921875 0.21875 0.1 0.9375 0.21875 0.1 0.953125 0.21875 0.1
0.96875 0.21875 0.1 0.984375 0.21875 0.1 1 0.21875 0.1 0
0.234375 0.1 0.015625 0.234375 0.1 0.03125 0.234375 0.1 0.046875 0.234375
0.1 0.0625 0.234375 0.1 0.078125 0.234375 0.1 0.09375 0.234375 0.1
0.109375 0.234375 0.1 0.125 0.234375 0.1 0.140625 0.234375 0.1 0.15625
0.234375 0.1 0.171875 0.234375 0.1 0.1875 0.234375 0.1 0.203125 0.234375
0.1 0.21875 0.234375 0.1 0.234375 0.234375 0.1 0.25 0.234375 0.1
0.265625 0.234375 0.1 0.28125 0.234375 0.1 0.296875 0.234375 0.1 0.3125
0.234375 0.1 0.328125 0.234375 0.1 0.34375 0.234375 0.1 0.359375 0.234375
0.1 0.375 0.234375 0.1 0.390625 0.234375 0.1 0.40625 0.234375 0.1
0.421875 0.234375 0.1 0.4375 0.234375 0.1 0.453125 0.234375 0.1 0.46875
0.234375 0.1 0.484375 0.234375 0.1 0.5 0.234375 0.1 0.515625 0.234375
0.1 0.53125 0.234375 0.1 0.546875 0.234375 0.1 0.5625 0.234375 0.1
0.578125 0.234375 0.1 0.59375 0.234375 0.1 0.609375 0.234375 0.1 0.625
0.234375 0.1 0.640625 0.234375 0.1 0.65625 0.234375 0.1 0.671875 0.234375
0.1 0.6875 0.234375 0.1 0.703125 0.234375 0.1 0.71875 0.234375 0.1
0.734375 0.234375 0.1 0.75 0.234375 0.1 0.765625 0.234375 0.1 0.78125
0.234375 0.1 0.796875 0.234375 0.1 0.8125 0.234375 0.1 0.828125 0.234375
0.1 0.84375 0.234375 0.1 0.859375 0.234375 0.1 0.875 0.234375 0.1
0.890625 0.234375 0.1 0.90625 0.234375 0.1 0.921875 0.234375 0.1 0.9375
0.234375 0.1 0.953125 0.234375 0.1 0.96875 0.234375 0.1 0.984375 0.234375
0.1 1 0.234375 0.1 0 0.25 0.1 0.015625 0.25 0.1
0.03125 0.25 0.1 0.046875 0.25 0.1 0.0625 0.25 0.1 0.078125
0.25 0.1 0.09375 0.25 0.1 0.109375 0.25 0.1 0.125 0.25
0.1 0.140625 0.25 0.1 0.15625 0.25 0.1 0.171875 0.25 0.1
0.1875 0.25 0.1 0.203125 0.25 0.1 0.21875 0.25 0.1 0.234375
0.25 0.1 0.25 0.25 0.1 0.265625 0.25 0.1 0.28125 0.25
0.1 0.296875 0.25 0.1 0.3125 0.25 0.1 0.328125 0.25 0.1
0.34375 0.25 0.1 0.359375 0.25 0.1 0.375 0.25 0.1 0.390625
0.25 0.1 0.40625 0.25 0.1 0.421875 0.25 0.1 0.4375 0.25
0.1 0.453125 0.25 0.1 0.46875 0.25 0.1 0.484375 0.25 0.1
0.5 0.25 0.1 0.515625 0.25 0.1 0.53125 0.25 0.1 0.546875
0.25 0.1 0.5625 0.25 0.1 0.578125 0.25 0.1 0.59375 0.25
0.1 0.609375 0.25 0.1 0.625 0.25 0.1 0.640625 0.25 0.1
0.65625 0.25 0.1 0.671875 0.25 0.1 0.6875 0.25 0.1 0.703125
0.25 0.1 0.71875 0.25 0.1 0.734375 0.25 0.1 0.75 0.25
0.1 0.765625 0.25 0.1 0.78125 0.25 0.1 0.796875 0.25 0.1
0.8125 0.25 0.1 0.828125 0.25 0.1 0.84375 0.25 0.1 0.859375
0.25 0.1 0.875 0.25 0.1 0.890625 0.25 0.1 0.90625 0.25
0.1 0.921875 0.25 0.1 0.9375 0.25 0.1 0.953125 0.25 0.1
0.96875 0.25 0.1 0.984375 0.25 0.1 1 0.25 0.1 0
0.265625 0.1 0.015625 0.265625 0.1 0.03125 0.265625 0.1 0.046875 0.265625
0.1 0.0625 0.265625 0.1 0.078125 0.265625 0.1 0.09375 0.265625 0.1
0.109375 0.265625 0.1 0.125 0.265625 0.1 0.140625 0.265625 0.1 0.15625
0.265625 0.1 0.171875 0.265625 0.1 0.1875 0.265625 0.1 0.203125 0.265625
0.1 0.21875 0.265625 0.1 0.234375 0.265625 0.1 0.25 0.265625 0.1
0.265625 0.265625 0.1 0.28125 0.265625 0.1 0.296875 0.265625 0.1 0.3125
0.265625 0.1 0.328125 0.265625 0.1 0.34375 0.265625 0.1 0.359375 0.265625
0.1 0.375 0.265625 0.1 0.390625 0.265625 0.1 0.40625 0.265625 0.1
0.421875 0.265625 0.1 0.4375 0.265625 0.1 0.453125 0.265625 0.1 0.46875
0.265625 0.1 0.484375 0.265625 0.1 0.5 0.265625 0.1 0.515625 0.265625
0.1 0.53125 0.265625 0.1 0.546875 0.265625 0.1 0.5625 0.265625 0.1
0.578125 0.265625 0.1 0.59375 0.265625 0.1 0.609375 0.265625 0.1 0.625
0.265625 0.1 0.640625 0.265625 0.1 0.65625 0.265625 0.1 0.671875 0.265625
0.1 0.6875 0.265625 0.1 0.703125 0.265625 0.1 0.71875 0.265625 0.1
0.734375 0.265625 0.1 0.75 0.265625 0.1 0.765625 0.265625 0.1 0.78125
0.265625 0.1 0.796875 0.265625 0.1 0.8125 0.265625 0.1 0.828125 0.265625
0.1 0.84375 0.265625 0.1 0.859375 0.265625 0.1 0.875 0.265625 0.1
0.890625 0.265625 0.1 0.90625 0.265625 0.1 0.921875 0.265625 0.1 0.9375
0.265625 0.1 0.953125 0.265625 0.1 0.96875 0.265625 0.1 0.984375 0.265625
0.1 1 0.265625 0.1 0 0.28125 0.1 0.015625 0.28125 0.1
0.03125 0.28125 0.1 0.046875 0.28125 0.1 0.0625 0.28125 0.1 0.078125
0.28125 0.1 0.09375 0.28125 0.1 0.109375 0.28125 0.1 0.125 0.28125
0.1 0.140625 0.28125 0.1 0.15625 0.28125 0.1 0.171875 0.28125 0.1
0.1875 0.28125 0.1 0.203125 0.28125 0.1 0.21875 0.28125 0.1 0.234375
0.28125 0.1 0.25 0.28125 0.1 0.265625 0.28125 0.1 0.28125 0.28125
0.1 0.296875 0.28125 0.1 0.3125 0.28125 0.1 0.328125 0.28125 0.1
0.34375 0.28125 0.1 0.359375 0.28125 0.1 0.375 0.28125 0.1 0.390625
0.28125 0.1 0.40625 0.28125 0.1 0.421875 0.28125 0.1 0.4375 0.28125
0.1 0.453125 0.28125 0.1 0.46875 0.28125 0.1 0.484375 0.28125 0.1
0.5 0.28125 0.1 0.515625 0.28125 0.1 0.53125 0.28125 0.1 0.546875
0.28125 0.1 0.5625 0.28125 0.1 0.578125 0.28125 0.1 0.59375 0.28125
0.1 0.609375 0.28125 0.1 0.625 0.28125 0.1 0.640625 0.28125 0.1
0.65625 0.28125 0.1 0.671875 0.28125 0.1 0.6875 0.28125 0.1 0.703125
0.28125 0.1 0.71875 0.28125 0.1 0.734375 0.28125 0.1 0.75 0.28125
0.1 0.765625 0.28125 0.1 0.78125 0.28125 0.1 0.796875 0.28125 0.1
0.8125 0.28125 0.1 0.828125 0.28125 0.1 0.84375 0.28125 0.1 0.859375
0.28125 0.1 0.875 0.28125 0.1 0.890625 0.28125 0.1 0.90625 0.28125
0.1 0.921875 0.28125 0.1 0.9375 0.28125 0.1 0.953125 0.28125 0.1
0.96875 0.28125 0.1 0.984375 0.28125 0.1 1 0.28125 0.1 0
0.296875 0.1 0.015625 0.296875 0.1 0.03125 0.296875 0.1 0.046875 0.296875
0.1 0.0625 0.296875 0.1 0.078125 0.296875 0.1 0.09375 0.296875 0.1
0.109375 0.296875 0.1 0.125 0.296875 0.1 0.140625 0.296875 0.1 0.15625
0.296875 0.1 0.171875 0.296875 0.1 0.1875 0.296875 0.1 0.203125 0.296875
0.1 0.21875 0.296875 0.1 0.234375 0.296875 0.1 0.25 0.296875 0.1
0.265625 0.296875 0.1 0.28125 0.296875 0.1 0.296875 0.296875 0.1 0.3125
0.296875 0.1 0.328125 0.296875 0.1 0.34375 0.296875 0.1 0.359375 0.296875
0.1 0.375 0.296875 0.1 0.390625 0.296875 0.1 0.40625 0.296875 0.1
0.421875 0.296875 0.1 0.4375 0.296875 0.1 0.453125 0.296875 0.1 0.46875
0.296875 0.1 0.484375 0.296875 0.1 0.5 0.296875 0.1 0.515625 0.296875
0.1 0.53125 0.296875 0.1 0.546875 0.296875 0.1 0.5625 0.296875 0.1
0.578125 0.296875 0.1 0.59375 0.296875 0.1 0.609375 0.296875 0.1 0.625
0.296875 0.1 0.640625 0.296875 0.1 0.65625 0.296875 0.1 0.671875 0.296875
0.1 0.6875 0.296875 0.1 0.703125 0.296875 0.1 0.71875 0.296875 0.1
0.734375 0.296875 0.1 0.75 0.296875 0.1 0.765625 0.296875 0.1 0.78125
0.296875 0.1 0.796875 0.296875 0.1 0.8125 0.296875 0.1 0.828125 0.296875
0.1 0.84375 0.296875 0.1 0.859375 0.296875 0.1 0.875 0.296875 0.1
0.890625 0.296875 0.1 0.90625 0.296875 0.1 0.921875 0.296875 0.1 0.9375
0.296875 0.1 0.953125 0.296875 0.1 0.96875 0.296875 0.1 0.984375 0.296875
0.1 1 0.296875 0.1 0 0.3125 0.1 0.015625 0.3125 0.1
0.03125 0.3125 0.1 0.046875 0.3125 0.1 0.0625 0.3125 0.1 0.078125
0.3125 0.1 0.09375 0.3125 0.1 0.109375 0.3125 0.1 0.125 0.3125
0.1 0.140625 0.3125 0.1 0.15625 0.3125 0.1 0.171875 0.3125 0.1
0.1875 0.3125 0.1 0.203125 0.3125 0.1 0.21875 0.3125 0.1 0.234375
0.3125 0.1 0.25 0.3125 0.1 0.265625 0.3125 0.1 0.28125 0.3125
0.1 0.296875 0.3125 0.1 0.3125 0.3125 0.1 0.328125 0.3125 0.1
0.34375 0.3125 0.1 0.359375 0.3125 0.1 0.375 0.3125 0.1 0.390625
0.3125 0.1 0.40625 0.3125 0.1 0.421875 0.3125 0.1 0.4375 0.3125
0.1 0.453125 0.3125 0.1 0.46875 0.3125 0.1 0.484375 0.3125 0.1
0.5 0.3125 0.1 0.515625 0.3125 0.1 0.53125 0.3125 0.1 0.546875
0.3125 0.1 0.5625 0.3125 0.1 0.578125 0.3125 0.1 0.59375 0.3125
0.1 0.609375 0.3125 0.1 0.625 0.3125 0.1 0.640625 0.3125 0.1
0.65625 0.3125 0.1 0.671875 0.3125 0.1 0.6875 0.3125 0.1 0.703125
0.3125 0.1 0.71875 0.3125 0.1 0.734375 0.3125 0.1 0.75 0.3125
0.1 0.765625 0.3125 0.1 0.78125 0.3125 0.1 0.796875 0.3125 0.1
0.8125 0.3125 0.1 0.828125 0.3125 0.1 0.84375 0.3125 0.1 0.859375
0.3125 0.1 0.875 0.3125 0.1 0.890625 0.3125 0.1 0.90625 0.3125
0.1 0.921875 0.3125 0.1 0.9375 0.3125 0.1 0.953125 0.3125 0.1
0.96875 0.3125 0.1 0.984375 0.3125 0.1 1 0.3125 0.1 0
0.328125 0.1 0.015625 0.328125 0.1 0.03125 0.328125 0.1 0.046875 0.328125
0.1 0.0625 0.328125 0.1 0.078125 0.328125 0.1 0.09375 0.328125 0.1
0.109375 0.328125 0.1 0.125 0.328125 0.1 0.140625 0.328125 0.1 0.15625
0.328125 0.1 0.171875 0.328125 0.1 0.1875 0.328125 0.1 0.203125 0.328125
0.1 0.21875 0.328125 0.1 0.234375 0.328125 0.1 0.25 0.328125 0.1
0.265625 0.328125 0.1 0.28125 0.328125 0.1 0.296875 0.328125 0.1 0.3125
0.328125 0.1 0.328125 0.328125 0.1 0.34375 0.328125 0.1 0.359375 0.328125
0.1 0.375 0.328125 0.1 0.390625 0.328125 0.1 0.40625 0.328125 0.1
0.421875 0.328125 0.1 0.4375 0.328125 0.1 0.453125 0.328125 0.1 0.46875
0.328125 0.1 0.484375 0.328125 0.1 0.5 0.328125 0.1 0.515625 0.328125
0.1 0.53125 0.328125 0.1 0.546875 0.328125 0.1 0.5625 0.328125 0.1
0.578125 0.328125 0.1 0.59375 0.328125 0.1 0.609375 0.328125 0.1 0.625
0.328125 0.1 0.640625 0.328125 0.1 0.65625 0.328125 0.1 0.671875 0.328125
0.1 0.6875 0.328125 0.1 0.703125 0.328125 0.1 0.71875 0.328125 0.1
0.734375 0.328125 0.1 0.75 0.328125 0.1 0.765625 0.328125 0.1 0.78125
0.328125 0.1 0.796875 0.328125 0.1 0.8125 0.328125 0.1 0.828125 0.328125
0.1 0.84375 0.328125 0.1 0.859375 0.328125 0.1 0.875 0.328125 0.1
0.890625 0.328125 0.1 0.90625 0.328125 0.1 0.921875 0.328125 0.1 0.9375
0.328125 0.1 0.953125 0.328125 0.1 0.96875 0.328125 0.1 0.984375 0.328125
0.1 1 0.328125 0.1 0 0.34375 0.1 0.015625 0.34375 0.1
0.03125 0.34375 0.1 0.046875 0.34375 0.1 0.0625 0.34375 0.1 0.078125
0.34375 0.1 0.09375 0.34375 0.1 0.109375 0.34375 0.1 0.125 0.34375
0.1 0.140625 0.34375 0.1 0.15625 0.34375 0.1 0.171875 0.34375 0.1
0.1875 0.34375 0.1 0.203125 0.34375 0.1 0.21875 0.34375 0.1 0.234375
0.34375 0.1 0.25 0.34375 0.1 0.265625 0.34375 0.1 0.28125 0.34375
0.1 0.296875 0.34375 0.1 0.3125 0.34375 0.1 0.328125 0.34375 0.1
0.34375 0.34375 0.1 0.359375 0.34375 0.1 0.375 0.34375 0.1 0.390625
0.34375 0.1 0.40625 0.34375 0.1 0.421875 0.34375 0.1 0.4375 0.34375
0.1 0.453125 0.34375 0.1 0.46875 0.34375 0.1 0.484375 0.34375 0.1
0.5 0.34375 0.1 0.515625 0.34375 0.1 0.53125 0.34375 0.1 0.546875
0.34375 0.1 0.5625 0.34375 0.1 0.578125 0.34375 0.1 0.59375 0.34375
0.1 0.609375 0.34375 0.1 0.625 0.34375 0.1 0.640625 0.34375 0.1
0.65625 0.34375 0.1 0.671875 0.34375 0.1 0.6875 0.34375 0.1 0.703125
0.34375 0.1 0.71875 0.34375 0.1 0.734375 0.34375 0.1 0.75 0.34375
0.1 0.765625 0.34375 0.1 0.78125 0.34375 0.1 0.796875 0.34375 0.1
0.8125 0.34375 0.1 0.828125 0.34375 0.1 0.84375 0.34375 0.1 0.859375
0.34375 0.1 0.875 0.34375 0.1 0.890625 0.34375 0.1 0.90625 0.34375
0.1 0.921875 0.34375 0.1 0.9375 0.34375 0.1 0.953125 0.34375 0.1
0.96875 0.34375 0.1 0.984375 0.34375 0.1 1 0.34375 0.1 0
0.359375 0.1 0.015625 0.359375 0.1 0.03125 0.359375 0.1 0.046875 0.359375
0.1 0.0625 0.359375 0.1 0.078125 0.359375 0.1 0.09375 0.359375 0.1
0.109375 0.359375 0.1 0.125 0.359375 0.1 0.140625 0.359375 0.1 0.15625
0.359375 0.1 0.171875 0.359375 0.1 0.1875 0.359375 0.1 0.203125 0.359375
0.1 0.21875 0.359375 0.1 0.234375 0.359375 0.1 0.25 0.359375 0.1
0.265625 0.359375 0.1 0.28125 0.359375 0.1 0.296875 0.359375 0.1 0.3125
0.359375 0.1 0.328125 0.359375 0.1 0.34375 0.359375 0.1 0.359375 0.359375
0.1 0.375 0.359375 0.1 0.390625 0.359375 0.1 0.40625 0.359375 0.1
0.421875 0.359375 0.1 0.4375 0.359375 0.1 0.453125 0.359375 0.1 0.46875
0.359375 0.1 0.484375 0.359375 0.1 0.5 0.359375 0.1 0.515625 0.359375
0.1 0.53125 0.359375 0.1 0.546875 0.359375 0.1 0.5625 0.359375 0.1
0.578125 0.359375 0.1 0.59375 0.359375 0.1 0.609375 0.359375 0.1 0.625
0.359375 0.1 0.640625 0.359375 0.1 0.65625 0.359375 0.1 0.671875 0.359375
0.1 0.6875 0.359375 0.1 0.703125 0.359375 0.1 0.71875 0.359375 0.1
0.734375 0.359375 0.1 0.75 0.359375 0.1 0.765625 0.359375 0.1 0.78125
0.359375 0.1 0.796875 0.359375 0.1 0.8125 0.359375 0.1 0.828125 0.359375
0.1 0.84375 0.359375 0.1 0.859375 0.359375 0.1 0.875 0.359375 0.1
0.890625 0.359375 0.1 0.90625 0.359375 0.1 0.921875 0.359375 0.1 0.9375
0.359375 0.1 0.953125 0.359375 0.1 0.96875 0.359375 0.1 0.984375 0.359375
0.1 1 0.359375 0.1 0 0.375 0.1 0.015625 0.375 0.1
0.03125 0.375 0.1 0.046875 0.375 0.1 0.0625 0.375 0.1 0.078125
0.375 0.1 0.09375 0.375 0.1 0.109375 0.375 0.1 0.125 0.375
0.1 0.140625 0.375 0.1 0.15625 0.375 0.1 0.171875 0.375 0.1
0.1875 0.375 0.1 0.203125 0.375 0.1 0.21875 0.375 0.1 0.234375
0.375 0.1 0.25 0.375 0.1 0.265625 0.375 0.1 0.28125 0.375
0.1 0.296875 0.375 0.1 0.3125 0.375 0.1 0.328125 0.375 0.1
0.34375 0.375 0.1 0.359375 0.375 0.1 0.375 0.375 0.1 0.390625
0.375 0.1 0.40625 0.375 0.1 0.421875 0.375 0.1 0.4375 0.375
0.1 0.453125 0.375 0.1 0.46875 0.375 0.1 0.484375 0.375 0.1
0.5 0.375 0.1 0.515625 0.375 0.1 0.53125 0.375 0.1 0.546875
0.375 0.1 0.5625 0.375 0.1 0.578125 0.375 0.1 0.59375 0.375
0.1 0.609375 0.375 0.1 0.625 0.375 0.1 0.640625 0.375 0.1
0.65625 0.375 0.1 0.671875 0.375 0.1 0.6875 0.375 0.1 0.703125
0.375 0.1 0.71875 0.375 0.1 0.734375 0.375 0.1 0.75 0.375
0.1 0.765625 0.375 0.1 0.78125 0.375 0.1 0.796875 0.375 0.1
0.8125 0.375 0.1 0.828125 0.375 0.1 0.84375 0.375 0.1 0.859375
0.375 0.1 0.875 0.375 0.1 0.890625 0.375 0.1 0.90625 0.375
0.1 0.921875 0.375 0.1 0.9375 0.375 0.1 0.953125 0.375 0.1
0.96875 0.375 0.1 0.984375 0.375 0.1 1 0.375 0.1 0
0.390625 0.1 0.015625 0.390625 0.1 0.03125 0.390625 0.1 0.046875 0.390625
0.1 0.0625 0.390625 0.1 0.078125 0.390625 0.1 0.09375 0.390625 0.1
0.109375 0.390625 0.1 0.125 0.390625 0.1 0.140625 0.390625 0.1 0.15625
0.390625 0.1 0.171875 0.390625 0.1 0.1875 0.390625 0.1 0.203125 0.390625
0.1 0.21875 0.390625 0.1 0.234375 0.390625 0.1 0.25 0.390625 0.1
0.265625 0.390625 0.1 0.28125 0.390625 0.1 0.296875 0.390625 0.1 0.3125
0.390625 0.1 0.328125 0.390625 0.1 0.34375 0.390625 0.1 0.359375 0.390625
0.1 0.375 0.390625 0.1 0.390625 0.390625 0.1 0.40625 0.390625 0.1
0.421875 0.390625 0.1 0.4375 0.390625 0.1 0.453125 0.390625 0.1 0.46875
0.390625 0.1 0.484375 0.390625 0.1 0.5 0.390625 0.1 0.515625 0.390625
0.1 0.53125 0.390625 0.1 0.546875 0.390625 0.1 0.5625 0.390625 0.1
0.578125 0.390625 0.1 0.59375 0.390625 0.1 0.609375 0.390625 0.1 0.625
0.390625 0.1 0.640625 0.390625 0.1 0.65625 0.390625 0.1 0.671875 0.390625
0.1 0.6875 0.390625 0.1 0.703125 0.390625 0.1 0.71875 0.390625 0.1
0.734375 0.390625 0.1 0.75 0.390625 0.1 0.765625 0.390625 0.1 0.78125
0.390625 0.1 0.796875 0.390625 0.1 0.8125 0.390625 0.1 0.828125 0.390625
0.1 0.84375 0.390625 0.1 0.859375 0.390625 0.1 0.875 0.390625 0.1
0.890625 0.390625 0.1 0.90625 0.390625 0.1 0.921875 0.390625 0.1 0.9375
0.390625 0.1 0.953125 0.390625 0.1 0.96875 0.390625 0.1 0.984375 0.390625
0.1 1 0.390625 0.1 0 0.40625 0.1 0.015625 0.40625 0.1
0.03125 0.40625 0.1 0.046875 0.40625 0.1 0.0625 0.40625 0.1 0.078125
0.40625 0.1 0.09375 0.40625 0.1 0.109375 0.40625 0.1 0.125 0.40625
0.1 0.140625 0.40625 0.1 0.15625 0.40625 0.1 0.171875 0.40625 0.1
0.1875 0.40625 0.1 0.203125 0.40625 0.1 0.21875 0.40625 0.1 0.234375
0.40625 0.1 0.25 0.40625 0.1 0.265625 0.40625 0.1 0.28125 0.40625
0.1 0.296875 0.40625 0.1 0.3125 0.40625 0.1 0.328125 0.40625 0.1
0.34375 0.40625 0.1 0.359375 0.40625 0.1 0.375 0.40625 0.1 0.390625
0.40625 0.1 0.40625 0.40625 0.1 0.421875 0.40625 0.1 0.4375 0.40625
0.1 0.453125 0.40625 0.1 0.46875 0.40625 0.1 0.484375 0.40625 0.1
0.5 0.40625 0.1 0.515625 0.40625 0.1 0.53125 0.40625 0.1 0.546875
0.40625 0.1 0.5625 0.40625 0.1 0.578125 0.40625 0.1 0.59375 0.40625
0.1 0.609375 0.40625 0.1 0.625 0.40625 0.1 0.640625 0.40625 0.1
0.65625 0.40625 0.1 0.671875 0.40625 0.1 0.6875 0.40625 0.1 0.703125
0.40625 0.1 0.71875 0.40625 0.1 0.734375 0.40625 0.1 0.75 0.40625
0.1 0.765625 0.40625 0.1 0.78125 0.40625 0.1 0.796875 0.40625 0.1
0.8125 0.40625 0.1 0.828125 0.40625 0.1 0.84375 0.40625 0.1 0.859375
0.40625 0.1 0.875 0.40625 0.1 0.890625 0.40625 0.1 0.90625 0.40625
0.1 0.921875 0.40625 0.1 0.9375 0.40625 0.1 0.953125 0.40625 0.1
0.96875 0.40625 0.1 0.984375 0.40625 0.1 1 0.40625 0.1 0
0.421875 0.1 0.015625 0.421875 0.1 0.03125 0.421875 0.1 0.046875 0.421875
0.1 0.0625 0.421875 0.1 0.078125 0.421875 0.1 0.09375 0.421875 0.1
0.109375 0.421875 0.1 0.125 0.421875 0.1 0.140625 0.421875 0.1 0.15625
0.421875 0.1 0.171875 0.421875 0.1 0.1875 0.421875 0.1 0.203125 0.421875
0.1 0.21875 0.421875 0.1 0.234375 0.421875 0.1 0.25 0.421875 0.1
0.265625 0.421875 0.1 0.28125 0.421875 0.1 0.296875 0.421875 0.1 0.3125
0.421875 0.1 0.328125 0.421875 0.1 0.34375 0.421875 0.1 0.359375 0.421875
0.1 0.375 0.421875 0.1 0.390625 0.421875 0.1 0.40625 0.421875 0.1
0.421875 0.421875 0.1 0.4375 0.421875 0.1 0.453125 0.421875 0.1 0.46875
0.421875 0.1 0.484375 0.421875 0.1 0.5 0.421875 0.1 0.515625 0.421875
0.1 0.53125 0.421875 0.1 0.546875 0.421875 0.1 0.5625 0.421875 0.1
0.578125 0.421875 0.1 0.59375 0.421875 0.1 0.609375 0.421875 0.1 0.625
0.421875 0.1 0.640625 0.421875 0.1 0.65625 0.421875 0.1 0.671875 0.421875
0.1 0.6875 0.421875 0.1 0.703125 0.421875 0.1 0.71875 0.421875 0.1
0.734375 0.421875 0.1 0.75 0.421875 0.1 0.765625 0.421875 0.1 0.78125
0.421875 0.1 0.796875 0.421875 0.1 0.8125 0.421875 0.1 0.828125 0.421875
0.1 0.84375 0.421875 0.1 0.859375 0.421875 0.1 0.875 0.421875 0.1
0.890625 0.421875 0.1 0.90625 0.421875 0.1 0.921875 0.421875 0.1 0.9375
0.421875 0.1 0.953125 0.421875 0.1 0.96875 0.421875 0.1 0.984375 0.421875
0.1 1 0.421875 0.1 0 0.4375 0.1 0.015625 0.4375 0.1
0.03125 0.4375 0.1 0.046875 0.4375 0.1 0.0625 0.4375 0.1 0.078125
0.4375 0.1 0.09375 0.4375 0.1 0.109375 0.4375 0.1 0.125 0.4375
0.1 0.140625 0.4375 0.1 0.15625 0.4375 0.1 0.171875 0.4375 0.1
0.1875 0.4375 0.1 0.203125 0.4375 0.1 0.21875 0.4375 0.1 0.234375
0.4375 0.1 0.25 0.4375 0.1 0.265625 0.4375 0.1 0.28125 0.4375
0.1 0.296875 0.4375 0.1 0.3125 0.4375 0.1 0.328125 0.4375 0.1
0.34375 0.4375 0.1 0.359375 0.4375 0.1 0.375 0.4375 0.1 0.390625
0.4375 0.1 0.40625 0.4375 0.1 0.421875 0.4375 0.1 0.4375 0.4375
0.1 0.453125 0.4375 0.1 0.46875 0.4375 0.1 0.484375 0.4375 0.1
0.5 0.4375 0.1 0.515625 0.4375 0.1 0.53125 0.4375 0.1 0.546875
0.4375 0.1 0.5625 0.4375 0.1 0.578125 0.4375 0.1 0.59375 0.4375
0.1 0.609375 0.4375 0.1 0.625 0.4375 0.1 0.640625 0.4375 0.1
0.65625 0.4375 0.1 0.671875 0.4375 0.1 0.6875 0.4375 0.1 0.703125
0.4375 0.1 0.71875 0.4375 0.1 0.734375 0.4375 0.1 0.75 0.4375
0.1 0.765625 0.4375 0.1 0.78125 0.4375 0.1 0.796875 0.4375 0.1
0.8125 0.4375 0.1 0.828125 0.4375 0.1 0.84375 0.4375 0.1 0.859375
0.4375 0.1 0.875 0.4375 0.1 0.890625 0.4375 0.1 0.90625 0.4375
0.1 0.921875 0.4375 0.1 0.9375 0.4375 0.1 0.953125 0.4375 0.1
0.96875 0.4375 0.1 0.984375 0.4375 0.1 1 0.4375 0.1 0
0.453125 0.1 0.015625 0.453125 0.1 0.03125 0.453125 0.1 0.046875 0.453125
0.1 0.0625 0.453125 0.1 0.078125 0.453125 0.1 0.09375 0.453125 0.1
0.109375 0.453125 0.1 0.125 0.453125 0.1 0.140625 0.453125 0.1 0.15625
0.453125 0.1 0.171875 0.453125 0.1 0.1875 0.453125 0.1 0.203125 0.453125
0.1 0.21875 0.453125 0.1 0.234375 0.453125 0.1 0.25 0.453125 0.1
0.265625 0.453125 0.1 0.28125 0.453125 0.1 0.296875 0.453125 0.1 0.3125
0.453125 0.1 0.328125 0.453125 0.1 0.34375 0.453125 0.1 0.359375 0.453125
0.1 0.375 0.453125 0.1 0.390625 0.453125 0.1 0.40625 0.453125 0.1
0.421875 0.453125 0.1 0.4375 0.453125 0.1 0.453125 0.453125 0.1 0.46875
0.453125 0.1 0.484375 0.453125 0.1 0.5 0.453125 0.1 0.515625 0.453125
0.1 0.53125 0.453125 0.1 0.546875 0.453125 0.1 0.5625 0.453125 0.1
0.578125 0.453125 0.1 0.59375 0.453125 0.1 0.609375 0.453125 0.1 0.625
0.453125 0.1 0.640625 0.453125 0.1 0.65625 0.453125 0.1 0.671875 0.453125
0.1 0.6875 0.453125 0.1 0.703125 0.453125 0.1 0.71875 0.453125 0.1
0.734375 0.453125 0.1 0.75 0.453125 0.1 0.765625 0.453125 0.1 0.78125
0.453125 0.1 0.796875 0.453125 0.1 0.8125 0.453125 0.1 0.828125 0.453125
0.1 0.84375 0.453125 0.1 0.859375 0.453125 0.1 0.875 0.453125 0.1
0.890625 0.453125 0.1 0.90625 0.453125 0.1 0.921875 0.453125 0.1 0.9375
0.453125 0.1 0.953125 0.453125 0.1 0.96875 0.453125 0.1 0.984375 0.453125
0.1 1 0.453125 0.1 0 0.46875 0.1 0.015625 0.46875 0.1
0.03125 0.46875 0.1 0.046875 0.46875 0.1 0.0625 0.46875 0.1 0.078125
0.46875 0.1 0.09375 0.46875 0.1 0.109375 0.46875 0.1 0.125 0.46875
0.1 0.140625 0.46875 0.1 0.15625 0.46875 0.1 0.171875 0.46875 0.1
0.1875 0.46875 0.1 0.203125 0.46875 0.1 0.21875 0.46875 0.1 0.234375
0.46875 0.1 0.25 0.46875 0.1 0.265625 0.46875 0.1 0.28125 0.46875
0.1 0.296875 0.46875 0.1 0.3125 0.46875 0.1 0.328125 0.46875 0.1
0.34375 0.46875 0.1 0.359375 0.46875 0.1 0.375 0.46875 0.1 0.390625
0.46875 0.1 0.40625 0.46875 0.1 0.421875 0.46875 0.1 0.4375 0.46875
0.1 0.453125 0.46875 0.1 0.46875 0.46875 0.1 0.484375 0.46875 0.1
0.5 0.46875 0.1 0.515625 0.46875 0.1 0.53125 0.46875 0.1 0.546875
0.46875 0.1 0.5625 0.46875 0.1 0.578125 0.46875 0.1 0.59375 0.46875
0.1 0.609375 0.46875 0.1 0.625 0.46875 0.1 0.640625 0.46875 0.1
0.65625 0.46875 0.1 0.671875 0.46875 0.1 0.6875 0.46875 0.1 0.703125
0.46875 0.1 0.71875 0.46875 0.1 0.734375 0.46875 0.1 0.75 0.46875
0.1 0.765625 0.46875 0.1 0.78125 0.46875 0.1 0.796875 0.46875 0.1
0.8125 0.46875 0.1 0.828125 0.46875 0.1 0.84375 0.46875 0.1 0.859375
0.46875 0.1 0.875 0.46875 0.1 0.890625 0.46875 0.1 0.90625 0.46875
0.1 0.921875 0.46875 0.1 0.9375 0.46875 0.1 0.953125 0.46875 0.1
0.96875 0.46875 0.1 0.984375 0.46875 0.1 1 0.46875 0.1 0
0.484375 0.1 0.015625 0.484375 0.1 0.03125 0.484375 0.1 0.046875 0.484375
0.1 0.0625 0.484375 0.1 0.078125 0.484375 0.1 0.09375 0.484375 0.1
0.109375 0.484375 0.1 0.125 0.484375 0.1 0.140625 0.484375 0.1 0.15625
0.484375 0.1 0.171875 0.484375 0.1 0.1875 0.484375 0.1 0.203125 0.484375
0.1 0.21875 0.484375 0.1 0.234375 0.484375 0.1 0.25 0.484375 0.1
0.265625 0.484375 0.1 0.28125 0.484375 0.1 0.296875 0.484375 0.1 0.3125
0.484375 0.1 0.328125 0.484375 0.1 0.34375 0.484375 0.1 0.359375 0.484375
0.1 0.375 0.484375 0.1 0.390625 0.484375 0.1 0.40625 0.484375 0.1
0.421875 0.484375 0.1 0.4375 0.484375 0.1 0.453125 0.484375 0.1 0.46875
0.484375 0.1 0.484375 0.484375 0.1 0.5 0.484375 0.1 0.515625 0.484375
0.1 0.53125 0.484375 0.1 0.546875 0.484375 0.1 0.5625 0.484375 0.1
0.578125 0.484375 0.1 0.59375 0.484375 0.1 0.609375 0.484375 0.1 0.625
0.484375 0.1 0.640625 0.484375 0.1 0.65625 0.484375 0.1 0.671875 0.484375
0.1 0.6875 0.484375 0.1 0.703125 0.484375 0.1 0.71875 0.484375 0.1
0.734375 0.484375 0.1 0.75 0.484375 0.1 0.765625 0.484375 0.1 0.78125
0.484375 0.1 0.796875 0.484375 0.1 0.8125 0.484375 0.1 0.828125 0.484375
0.1 0.84375 0.484375 0.1 0.859375 0.484375 0.1 0.875 0.484375 0.1
0.890625 0.484375 0.1 0.90625 0.484375 0.1 0.921875 0.484375 0.1 0.9375
0.484375 0.1 0.953125 0.484375 0.1 0.96875 0.484375 0.1 0.984375 0.484375
0.1 1 0.484375 0.1 0 0.5 0.1 0.015625 0.5 0.1
0.03125 0.5 0.1 0.046875 0.5 0.1 0.0625 0.5 0.1 0.078125
0.5 0.1 0.09375 0.5 0.1 0.109375 0.5 0.1 0.125 0.5
0.1 0.140625 0.5 0.1 0.15625 0.5 0.1 0.171875 0.5 0.1
0.1875 0.5 0.1 0.203125 0.5 0.1 0.21875 0.5 0.1 0.234375
0.5 0.1 0.25 0.5 0.1 0.265625 0.5 0.1 0.28125 0.5
0.1 0.296875 0.5 0.1 0.3125 0.5 0.1 0.328125 0.5 0.1
0.34375 0.5 0.1 0.359375 0.5 0.1 0.375 0.5 0.1 0.390625
0.5 0.1 0.40625 0.5 0.1 0.421875 0.5 0.1 0.4375 0.5
0.1 0.453125 0.5 0.1 0.46875 0.5 0.1 0.484375 0.5 0.1
0.5 0.5 0.1 0.515625 0.5 0.1 0.53125 0.5 0.1 0.546875
0.5 0.1 0.5625 0.5 0.1 0.578125 0.5 0.1 0.59375 0.5
0.1 0.609375 0.5 0.1 0.625 0.5 0.1 0.640625 0.5 0.1
0.65625 0.5 0.1 0.671875 0.5 0.1 0.6875 0.5 0.1 0.703125
0.5 0.1 0.71875 0.5 0.1 0.734375 0.5 0.1 0.75 0.5
0.1 0.765625 0.5 0.1 0.78125 0.5 0.1 0.796875 0.5 0.1
0.8125 0.5 0.1 0.828125 0.5 0.1 0.84375 0.5 0.1 0.859375
0.5 0.1 0.875 0.5 0.1 0.890625 0.5 0.1 0.90625 0.5
0.1 0.921875 0.5 0.1 0.9375 0.5 0.1 0.953125 0.5 0.1
0.96875 0.5 0.1 0.984375 0.5 0.1 1 0.5 0.1 0
0.515625 0.1 0.015625 0.515625 0.1 0.03125 0.515625 0.1 0.046875 0.515625
0.1 0.0625 0.515625 0.1 0.078125 0.515625 0.1 0.09375 0.515625 0.1
0.109375 0.515625 0.1 0.125 0.515625 0.1 0.140625 0.515625 0.1 0.15625
0.515625 0.1 0.171875 0.515625 0.1 0.1875 0.515625 0.1 0.203125 0.515625
0.1 0.21875 0.515625 0.1 0.234375 0.515625 0.1 0.25 0.515625 0.1
0.265625 0.515625 0.1 0.28125 0.515625 0.1 0.296875 0.515625 0.1 0.3125
0.515625 0.1 0.328125 0.515625 0.1 0.34375 0.515625 0.1 0.359375 0.515625
0.1 0.375 0.515625 0.1 0.390625 0.515625 0.1 0.40625 0.515625 0.1
0.421875 0.515625 0.1 0.4375 0.515625 0.1 0.453125 0.515625 0.1 0.46875
0.515625 0.1 0.484375 0.515625 0.1 0.5 0.515625 0.1 0.515625 0.515625
0.1 0.53125 0.515625 0.1 0.546875 0.515625 0.1 0.5625 0.515625 0.1
0.578125 0.515625 0.1 0.59375 0.515625 0.1 0.609375 0.515625 0.1 0.625
0.515625 0.1 0.640625 0.515625 0.1 0.65625 0.515625 0.1 0.671875 0.515625
0.1 0.6875 0.515625 0.1 0.703125 0.515625 0.1 0.71875 0.515625 0.1
0.734375 0.515625 0.1 0.75 0.515625 0.1 0.765625 0.515625 0.1 0.78125
0.515625 0.1 0.796875 0.515625 0.1 0.8125 0.515625 0.1 0.828125 0.515625
0.1 0.84375 0.515625 0.1 0.859375 0.515625 0.1 0.875 0.515625 0.1
0.890625 0.515625 0.1 0.90625 0.515625 0.1 0.921875 0.515625 0.1 0.9375
0.515625 0.1 0.953125 0.515625 0.1 0.96875 0.515625 0.1 0.984375 0.515625
0.1 1 0.515625 0.1 0 0.53125 0.1 0.015625 0.53125 0.1
0.03125 0.53125 0.1 0.046875 0.53125 0.1 0.0625 0.53125 0.1 0.078125
0.53125 0.1 0.09375 0.53125 0.1 0.109375 0.53125 0.1 0.125 0.53125
0.1 0.140625 0.53125 0.1 0.15625 0.53125 0.1 0.171875 0.53125 0.1
0.1875 0.53125 0.1 0.203125 0.53125 0.1 0.21875 0.53125 0.1 0.234375
0.53125 0.1 0.25 0.53125 0.1 0.265625 0.53125 0.1 0.28125 0.53125
0.1 0.296875 0.53125 0.1 0.3125 0.53125 0.1 0.328125 0.53125 0.1
0.34375 0.53125 0.1 0.359375 0.53125 0.1 0.375 0.53125 0.1 0.390625
0.53125 0.1 0.40625 0.53125 0.1 0.421875 0.53125 0.1 0.4375 0.53125
0.1 0.453125 0.53125 0.1 0.46875 0.53125 0.1 0.484375 0.53125 0.1
0.5 0.53125 0.1 0.515625 0.53125 0.1 0.53125 0.53125 0.1 0.546875
0.53125 0.1 0.5625 0.53125 0.1 0.578125 0.53125 0.1 0.59375 0.53125
0.1 0.609375 0.53125 0.1 0.625 0.53125 0.1 0.640625 0.53125 0.1
0.65625 0.53125 0.1 0.671875 0.53125 0.1 0.6875 0.53125 0.1 0.703125
0.53125 0.1 0.71875 0.53125 0.1 0.734375 0.53125 0.1 0.75 0.53125
0.1 0.765625 0.53125 0.1 0.78125 0.53125 0.1 0.796875 0.53125 0.1
0.8125 0.53125 0.1 0.828125 0.53125 0.1 0.84375 0.53125 0.1 0.859375
0.53125 0.1 0.875 0.53125 0.1 0.890625 0.53125 0.1 0.90625 0.53125
0.1 0.921875 0.53125 0.1 0.9375 0.53125 0.1 0.953125 0.53125 0.1
0.96875 0.53125 0.1 0.984375 0.53125 0.1 1 0.53125 0.1 0
0.546875 0.1 0.015625 0.546875 0.1 0.03125 0.546875 0.1 0.046875 0.546875
0.1 0.0625 0.546875 0.1 0.078125 0.546875 0.1 0.09375 0.546875 0.1
0.109375 0.546875 0.1 0.125 0.546875 0.1 0.140625 0.546875 0.1 0.15625
0.546875 0.1 0.171875 0.546875 0.1 0.1875 0.546875 0.1 0.203125 0.546875
0.1 0.21875 0.546875 0.1 0.234375 0.546875 0.1 0.25 0.546875 0.1
0.265625 0.546875 0.1 0.28125 0.546875 0.1 0.296875 0.546875 0.1 0.3125
0.546875 0.1 0.328125 0.546875 0.1 0.34375 0.546875 0.1 0.359375 0.546875
0.1 0.375 0.546875 0.1 0.390625 0.546875 0.1 0.40625 0.546875 0.1
0.421875 0.546875 0.1 0.4375 0.546875 0.1 0.453125 0.546875 0.1 0.46875
0.546875 0.1 0.484375 0.546875 0.1 0.5 0.546875 0.1 0.515625 0.546875
0.1 0.53125 0.546875 0.1 0.546875 0.546875 0.1 0.5625 0.546875 0.1
0.578125 0.546875 0.1 0.59375 0.546875 0.1 0.609375 0.546875 0.1 0.625
0.546875 0.1 0.640625 0.546875 0.1 0.65625 0.546875 0.1 0.671875 0.546875
0.1 0.6875 0.546875 0.1 0.703125 0.546875 0.1 0.71875 0.546875 0.1
0.734375 0.546875 0.1 0.75 0.546875 0.1 0.765625 0.546875 0.1 0.78125
0.546875 0.1 0.796875 0.546875 0.1 0.8125 0.546875 0.1 0.828125 0.546875
0.1 0.84375 0.546875 0.1 0.859375 0.546875 0.1 0.875 0.546875 0.1
0.890625 0.546875 0.1 0.90625 0.546875 0.1 0.921875 0.546875 0.1 0.9375
0.546875 0.1 0.953125 0.546875 0.1 0.96875 0.546875 0.1 0.984375 0.546875
0.1 1 0.546875 0.1 0 0.5625 0.1 0.015625 0.5625 0.1
0.03125 0.5625 0.1 0.046875 0.5625 0.1 0.0625 0.5625 0.1 0.078125
0.5625 0.1 0.09375 0.5625 0.1 0.109375 0.5625 0.1 0.125 0.5625
0.1 0.140625 0.5625 0.1 0.15625 0.5625 0.1 0.171875 0.5625 0.1
0.1875 0.5625 0.1 0.203125 0.5625 0.1 0.21875 0.5625 0.1 0.234375
0.5625 0.1 0.25 0.5625 0.1 0.265625 0.5625 0.1 0.28125 0.5625
0.1 0.296875 0.5625 0.1 0.3125 0.5625 0.1 0.328125 0.5625 0.1
0.34375 0.5625 0.1 0.359375 0.5625 0.1 0.375 0.5625 0.1 0.390625
0.5625 0.1 0.40625 0.5625 0.1 0.421875 0.5625 0.1 0.4375 0.5625
0.1 0.453125 0.5625 0.1 0.46875 0.5625 0.1 0.484375 0.5625 0.1
0.5 0.5625 0.1 0.515625 0.5625 0.1 0.53125 0.5625 0.1 0.546875
0.5625 0.1 0.5625 0.5625 0.1 0.578125 0.5625 0.1 0.59375 0.5625
0.1 0.609375 0.5625 0.1 0.625 0.5625 0.1 0.640625 0.5625 0.1
0.65625 0.5625 0.1 0.671875 0.5625 0.1 0.6875 0.5625 0.1 0.703125
0.5625 0.1 0.71875 0.5625 0.1 0.734375 0.5625 0.1 0.75 0.5625
0.1 0.765625 0.5625 0.1 0.78125 0.5625 0.1 0.796875 0.5625 0.1
0.8125 0.5625 0.1 0.828125 0.5625 0.1 0.84375 0.5625 0.1 0.859375
0.5625 0.1 0.875 0.5625 0.1 0.890625 0.5625 0.1 0.90625 0.5625
0.1 0.921875 0.5625 0.1 0.9375 0.5625 0.1 0.953125 0.5625 0.1
0.96875 0.5625 0.1 0.984375 0.5625 0.1 1 0.5625 0.1 0
0.578125 0.1 0.015625 0.578125 0.1 0.03125 0.578125 0.1 0.046875 0.578125
0.1 0.0625 0.578125 0.1 0.078125 0.578125 0.1 0.09375 0.578125 0.1
0.109375 0.578125 0.1 0.125 0.578125 0.1 0.140625 0.578125 0.1 0.15625
0.578125 0.1 0.171875 0.578125 0.1 0.1875 0.578125 0.1 0.203125 0.578125
0.1 0.21875 0.578125 0.1 0.234375 0.578125 0.1 0.25 0.578125 0.1
0.265625 0.578125 0.1 0.28125 0.578125 0.1 0.296875 0.578125 0.1 0.3125
0.578125 0.1 0.328125 0.578125 0.1 0.34375 0.578125 0.1 0.359375 0.578125
0.1 0.375 0.578125 0.1 0.390625 0.578125 0.1 0.40625 0.578125 0.1
0.421875 0.578125 0.1 0.4375 0.578125 0.1 0.453125 0.578125 0.1 0.46875
0.578125 0.1 0.484375 0.578125 0.1 0.5 0.578125 0.1 0.515625 0.578125
0.1 0.53125 0.578125 0.1 0.546875 0.578125 0.1 0.5625 0.578125 0.1
0.578125 0.578125 0.1 0.59375 0.578125 0.1 0.609375 0.578125 0.1 0.625
0.578125 0.1 0.640625 0.578125 0.1 0.65625 0.578125 0.1 0.671875 0.578125
0.1 0.6875 0.578125 0.1 0.703125 0.578125 0.1 0.71875 0.578125 0.1
0.734375 0.578125 0.1 0.75 0.578125 0.1 0.765625 0.578125 0.1 0.78125
0.578125 0.1 0.796875 0.578125 0.1 0.8125 0.578125 0.1 0.828125 0.578125
0.1 0.84375 0.578125 0.1 0.859375 0.578125 0.1 0.875 0.578125 0.1
0.890625 0.578125 0.1 0.90625 0.578125 0.1 0.921875 0.578125 0.1 0.9375
0.578125 0.1 0.953125 0.578125 0.1 0.96875 0.578125 0.1 0.984375 0.578125
0.1 1 0.578125 0.1 0 0.59375 0.1 0.015625 0.59375 0.1
0.03125 0.59375 0.1 0.046875 0.59375 0.1 0.0625 0.59375 0.1 0.078125
0.59375 0.1 0.09375 0.59375 0.1 0.109375 0.59375 0.1 0.125 0.59375
0.1 0.140625 0.59375 0.1 0.15625 0.59375 0.1 0.171875 0.59375 0.1
0.1875 0.59375 0.1 0.203125 0.59375 0.1 0.21875 0.59375 0.1 0.234375
0.59375 0.1 0.25 0.59375 0.1 0.265625 0.59375 0.1 0.28125 0.59375
0.1 0.296875 0.59375 0.1 0.3125 0.59375 0.1 0.328125 0.59375 0.1
0.34375 0.59375 0.1 0.359375 0.59375 0.1 0.375 0.59375 0.1 0.390625
0.59375 0.1 0.40625 0.59375 0.1 0.421875 0.59375 0.1 0.4375 0.59375
0.1 0.453125 0.59375 0.1 0.46875 0.59375 0.1 0.484375 0.59375 0.1
0.5 0.59375 0.1 0.515625 0.59375 0.1 0.53125 0.59375 0.1 0.546875
0.59375 0.1 0.5625 0.59375 0.1 0.578125 0.59375 0.1 0.59375 0.59375
0.1 0.609375 0.59375 0.1 0.625 0.59375 0.1 0.640625 0.59375 0.1
0.65625 0.59375 0.1 0.671875 0.59375 0.1 0.6875 0.59375 0.1 0.703125
0.59375 0.1 0.71875 0.59375 0.1 0.734375 0.59375 0.1 0.75 0.59375
0.1 0.765625 0.59375 0.1 0.78125 0.59375 0.1 0.796875 0.59375 0.1
0.8125 0.59375 0.1 0.828125 0.59375 0.1 0.84375 0.59375 0.1 0.859375
0.59375 0.1 0.875 0.59375 0.1 0.890625 0.59375 0.1 0.90625 0.59375
0.1 0.921875 0.59375 0.1 0.9375 0.59375 0.1 0.953125 0.59375 0.1
0.96875 0.59375 0.1 0.984375 0.59375 0.1 1 0.59375 0.1 0
0.609375 0.1 0.015625 0.609375 0.1 0.03125 0.609375 0.1 0.046875 0.609375
0.1 0.0625 0.609375 0.1 0.078125 0.609375 0.1 0.09375 0.609375 0.1
0.109375 0.609375 0.1 0.125 0.609375 0.1 0.140625 0.609375 0.1 0.15625
0.609375 0.1 0.171875 0.609375 0.1 0.1875 0.609375 0.1 0.203125 0.609375
0.1 0.21875 0.609375 0.1 0.234375 0.609375 0.1 0.25 0.609375 0.1
0.265625 0.609375 0.1 0.28125 0.609375 0.1 0.296875 0.609375 0.1 0.3125
0.609375 0.1 0.328125 0.609375 0.1 0.34375 0.609375 0.1 0.359375 0.609375
0.1 0.375 0.609375 0.1 0.390625 0.609375 0.1 0.40625 0.609375 0.1
0.421875 0.609375 0.1 0.4375 0.609375 0.1 0.453125 0.609375 0.1 0.46875
0.609375 0.1 0.484375 0.609375 0.1 0.5 0.609375 0.1 0.515625 0.609375
0.1 0.53125 0.609375 0.1 0.546875 0.609375 0.1 0.5625 0.609375 0.1
0.578125 0.609375 0.1 0.59375 0.609375 0.1 0.609375 0.609375 0.1 0.625
0.609375 0.1 0.640625 0.609375 0.1 0.65625 0.609375 0.1 0.671875 0.609375
0.1 0.6875 0.609375 0.1 0.703125 0.609375 0.1 0.71875 0.609375 0.1
0.734375 0.609375 0.1 0.75 0.609375 0.1 0.765625 0.609375 0.1 0.78125
0.609375 0.1 0.796875 0.609375 0.1 0.8125 0.609375 0.1 0.828125 0.609375
0.1 0.84375 0.609375 0.1 0.859375 0.609375 0.1 0.875 0.609375 0.1
0.890625 0.609375 0.1 0.90625 0.609375 0.1 0.921875 0.609375 0.1 0.9375
0.609375 0.1 0.953125 0.609375 0.1 0.96875 0.609375 0.1 0.984375 0.609375
0.1 1 0.609375 0.1 0 0.625 0.1 0.015625 0.625 0.1
0.03125 0.625 0.1 0.046875 0.625 0.1 0.0625 0.625 0.1 0.078125
0.625 0.1 0.09375 0.625 0.1 0.109375 0.625 0.1 0.125 0.625
0.1 0.140625 0.625 0.1 0.15625 0.625 0.1 0.171875 0.625 0.1
0.1875 0.625 0.1 0.203125 0.625 0.1 0.21875 0.625 0.1 0.234375
0.625 0.1 0.25 0.625 0.1 0.265625 0.625 0.1 0.28125 0.625
0.1 0.296875 0.625 0.1 0.3125 0.625 0.1 0.328125 0.625 0.1
0.34375 0.625 0.1 0.359375 0.625 0.1 0.375 0.625 0.1 0.390625
0.625 0.1 0.40625 0.625 0.1 0.421875 0.625 0.1 0.4375 0.625
0.1 0.453125 0.625 0.1 0.46875 0.625 0.1 0.484375 0.625 0.1
0.5 0.625 0.1 0.515625 0.625 0.1 0.53125 0.625 0.1 0.546875
0.625 0.1 0.5625 0.625 0.1 0.578125 0.625 0.1 0.59375 0.625
0.1 0.609375 0.625 0.1 0.625 0.625 0.1 0.640625 0.625 0.1
0.65625 0.625 0.1 0.671875 0.625 0.1 0.6875 0.625 0.1 0.703125
0.625 0.1 0.71875 0.625 0.1 0.734375 0.625 0.1 0.75 0.625
0.1 0.765625 0.625 0.1 0.78125 0.625 0.1 0.796875 0.625 0.1
0.8125 0.625 0.1 0.828125 0.625 0.1 0.84375 0.625 0.1 0.859375
0.625 0.1 0.875 0.625 0.1 0.890625 0.625 0.1 0.90625 0.625
0.1 0.921875 0.625 0.1 0.9375 0.625 0.1 0.953125 0.625 0.1
0.96875 0.625 0.1 0.984375 0.625 0.1 1 0.625 0.1 0
0.640625 0.1 0.015625 0.640625 0.1 0.03125 0.640625 0.1 0.046875 0.640625
0.1 0.0625 0.640625 0.1 0.078125 0.640625 0.1 0.09375 0.640625 0.1
0.109375 0.640625 0.1 0.125 0.640625 0.1 0.140625 0.640625 0.1 0.15625
0.640625 0.1 0.171875 0.640625 0.1 0.1875 0.640625 0.1 0.203125 0.640625
0.1 0.21875 0.640625 0.1 0.234375 0.640625 0.1 0.25 0.640625 0.1
0.265625 0.640625 0.1 0.28125 0.640625 0.1 0.296875 0.640625 0.1 0.3125
0.640625 0.1 0.328125 0.640625 0.1 0.34375 0.640625 0.1 0.359375 0.640625
0.1 0.375 0.640625 0.1 0.390625 0.640625 0.1 0.40625 0.640625 0.1
0.421875 0.640625 0.1 0.4375 0.640625 0.1 0.453125 0.640625 0.1 0.46875
0.640625 0.1 0.484375 0.640625 0.1 0.5 0.640625 0.1 0.515625 0.640625
0.1 0.53125 0.640625 0.1 0.546875 0.640625 0.1 0.5625 0.640625 0.1
0.578125 0.640625 0.1 0.59375 0.640625 0.1 0.609375 0.640625 0.1 0.625
0.640625 0.1 0.640625 0.640625 0.1 0.65625 0.640625 0.1 0.671875 0.640625
0.1 0.6875 0.640625 0.1 0.703125 0.640625 0.1 0.71875 0.640625 0.1
0.734375 0.640625 0.1 0.75 0.640625 0.1 0.765625 0.640625 0.1 0.78125
0.640625 0.1 0.796875 0.640625 0.1 0.8125 0.640625 0.1 0.828125 0.640625
0.1 0.84375 0.640625 0.1 0.859375 0.640625 0.1 0.875 0.640625 0.1
0.890625 0.640625 0.1 0.90625 0.640625 0.1 0.921875 0.640625 0.1 0.9375
0.640625 0.1 0.953125 0.640625 0.1 0.96875 0.640625 0.1 0.984375 0.640625
0.1 1 0.640625 0.1 0 0.65625 0.1 0.015625 0.65625 0.1
0.03125 0.65625 0.1 0.046875 0.65625 0.1 0.0625 0.65625 0.1 0.078125
0.65625 0.1 0.09375 0.65625 0.1 0.109375 0.65625 0.1 0.125 0.65625
0.1 0.140625 0.65625 0.1 0.15625 0.65625 0.1 0.171875 0.65625 0.1
0.1875 0.65625 0.1 0.203125 0.65625 0.1 0.21875 0.65625 0.1 0.234375
0.65625 0.1 0.25 0.65625 0.1 0.265625 0.65625 0.1 0.28125 0.65625
0.1 0.296875 0.65625 0.1 0.3125 0.65625 0.1 0.328125 0.65625 0.1
0.34375 0.65625 0.1 0.359375 0.65625 0.1 0.375 0.65625 0.1 0.390625
0.65625 0.1 0.40625 0.65625 0.1 0.421875 0.65625 0.1 0.4375 0.65625
0.1 0.453125 0.65625 0.1 0.46875 0.65625 0.1 0.484375 0.65625 0.1
0.5 0.65625 0.1 0.515625 0.65625 0.1 0.53125 0.65625 0.1 0.546875
0.65625 0.1 0.5625 0.65625 0.1 0.578125 0.65625 0.1 0.59375 0.65625
0.1 0.609375 0.65625 0.1 0.625 0.65625 0.1 0.640625 0.65625 0.1
0.65625 0.65625 0.1 0.671875 0.65625 0.1 0.6875 0.65625 0.1 0.703125
0.65625 0.1 0.71875 0.65625 0.1 0.734375 0.65625 0.1 0.75 0.65625
0.1 0.765625 0.65625 0.1 0.78125 0.65625 0.1 0.796875 0.65625 0.1
0.8125 0.65625 0.1 0.828125 0.65625 0.1 0.84375 0.65625 0.1 0.859375
0.65625 0.1 0.875 0.65625 0.1 0.890625 0.65625 0.1 0.90625 0.65625
0.1 0.921875 0.65625 0.1 0.9375 0.65625 0.1 0.953125 0.65625 0.1
0.96875 0.65625 0.1 0.984375 0.65625 0.1 1 0.65625 0.1 0
0.671875 0.1 0.015625 0.671875 0.1 0.03125 0.671875 0.1 0.046875 0.671875
0.1 0.0625 0.671875 0.1 0.078125 0.671875 0.1 0.09375 0.671875 0.1
0.109375 0.671875 0.1 0.125 0.671875 0.1 0.140625 0.671875 0.1 0.15625
0.671875 0.1 0.171875 0.671875 0.1 0.1875 0.671875 0.1 0.203125 0.671875
0.1 0.21875 0.671875 0.1 0.234375 0.671875 0.1 0.25 0.671875 0.1
0.265625 0.671875 0.1 0.28125 0.671875 0.1 0.296875 0.671875 0.1 0.3125
0.671875 0.1 0.328125 0.671875 0.1 0.34375 0.671875 0.1 0.359375 0.671875
0.1 0.375 0.671875 0.1 0.390625 0.671875 0.1 0.40625 0.671875 0.1
0.421875 0.671875 0.1 0.4375 0.671875 0.1 0.453125 0.671875 0.1 0.46875
0.671875 0.1 0.484375 0.671875 0.1 0.5 0.671875 0.1 0.515625 0.671875
0.1 0.53125 0.671875 0.1 0.546875 0.671875 0.1 0.5625 0.671875 0.1
0.578125 0.671875 0.1 0.59375 0.671875 0.1 0.609375 0.671875 0.1 0.625
0.671875 0.1 0.640625 0.671875 0.1 0.65625 0.671875 0.1 0.671875 0.671875
0.1 0.6875 0.671875 0.1 0.703125 0.671875 0.1 0.71875 0.671875 0.1
0.734375 0.671875 0.1 0.75 0.671875 0.1 0.765625 0.671875 0.1 0.78125
0.671875 0.1 0.796875 0.671875 0.1 0.8125 0.671875 0.1 0.828125 0.671875
0.1 0.84375 0.671875 0.1 0.859375 0.671875 0.1 0.875 0.671875 0.1
0.890625 0.671875 0.1 0.90625 0.671875 0.1 0.921875 0.671875 0.1 0.9375
0.671875 0.1 0.953125 0.671875 0.1 0.96875 0.671875 0.1 0.984375 0.671875
0.1 1 0.671875 0.1 0 0.6875 0.1 0.015625 0.6875 0.1
0.03125 0.6875 0.1 0.046875 0.6875 0.1 0.0625 0.6875 0.1 0.078125
0.6875 0.1 0.09375 0.6875 0.1 0.109375 0.6875 0.1 0.125 0.6875
0.1 0.140625 0.6875 0.1 0.15625 0.6875 0.1 0.171875 0.6875 0.1
0.1875 0.6875 0.1 0.203125 0.6875 0.1 0.21875 0.6875 0.1 0.234375
0.6875 0.1 0.25 0.6875 0.1 0.265625 0.6875 0.1 0.28125 0.6875
0.1 0.296875 0.6875 0.1 0.3125 0.6875 0.1 0.328125 0.6875 0.1
0.34375 0.6875 0.1 0.359375 0.6875 0.1 0.375 0.6875 0.1 0.390625
0.6875 0.1 0.40625 0.6875 0.1 0.421875 0.6875 0.1 0.4375 0.6875
0.1 0.453125 0.6875 0.1 0.46875 0.6875 0.1 0.484375 0.6875 0.1
0.5 0.6875 0.1 0.515625 0.6875 0.1 0.53125 0.6875 0.1 0.546875
0.6875 0.1 0.5625 0.6875 0.1 0.578125 0.6875 0.1 0.59375 0.6875
0.1 0.609375 0.6875 0.1 0.625 0.6875 0.1 0.640625 0.6875 0.1
0.65625 0.6875 0.1 0.671875 0.6875 0.1 0.6875 0.6875 0.1 0.703125
0.6875 0.1 0.71875 0.6875 0.1 0.734375 0.6875 0.1 0.75 0.6875
0.1 0.765625 0.6875 0.1 0.78125 0.6875 0.1 0.796875 0.6875 0.1
0.8125 0.6875 0.1 0.828125 0.6875 0.1 0.84375 0.6875 0.1 0.859375
0.6875 0.1 0.875 0.6875 0.1 0.890625 0.6875 0.1 0.90625 0.6875
0.1 0.921875 0.6875 0.1 0.9375 0.6875 0.1 0.953125 0.6875 0.1
0.96875 0.6875 0.1 0.984375 0.6875 0.1 1 0.6875 0.1 0
0.703125 0.1 0.015625 0.703125 0.1 0.03125 0.703125 0.1 0.046875 0.703125
0.1 0.0625 0.703125 0.1 0.078125 0.703125 0.1 0.09375 0.703125 0.1
0.109375 0.703125 0.1 0.125 0.703125 0.1 0.140625 0.703125 0.1 0.15625
0.703125 0.1 0.171875 0.703125 0.1 0.1875 0.703125 0.1 0.203125 0.703125
0.1 0.21875 0.703125 0.1 0.234375 0.703125 0.1 0.25 0.703125 0.1
0.265625 0.703125 0.1 0.28125 0.703125 0.1 0.296875 0.703125 0.1 0.3125
0.703125 0.1 0.328125 0.703125 0.1 0.34375 0.703125 0.1 0.359375 0.703125
0.1 0.375 0.703125 0.1 0.390625 0.703125 0.1 0.40625 0.703125 0.1
0.421875 0.703125 0.1 0.4375 0.703125 0.1 0.453125 0.703125 0.1 0.46875
0.703125 0.1 0.484375 0.703125 0.1 0.5 0.703125 0.1 0.515625 0.703125
0.1 0.53125 0.703125 0.1 0.546875 0.703125 0.1 0.5625 0.703125 0.1
0.578125 0.703125 0.1 0.59375 0.703125 0.1 0.609375 0.703125 0.1 0.625
0.703125 0.1 0.640625 0.703125 0.1 0.65625 0.703125 0.1 0.671875 0.703125
0.1 0.6875 0.703125 0.1 0.703125 0.703125 0.1 0.71875 0.703125 0.1
0.734375 0.703125 0.1 0.75 0.703125 0.1 0.765625 0.703125 0.1 0.78125
0.703125 0.1 0.796875 0.703125 0.1 0.8125 0.703125 0.1 0.828125 0.703125
0.1 0.84375 0.703125 0.1 0.859375 0.703125 0.1 0.875 0.703125 0.1
0.890625 0.703125 0.1 0.90625 0.703125 0.1 0.921875 0.703125 0.1 0.9375
0.703125 0.1 0.953125 0.703125 0.1 0.96875 0.703125 0.1 0.984375 0.703125
0.1 1 0.703125 0.1 0 0.71875 0.1 0.015625 0.71875 0.1
0.03125 0.71875 0.1 0.046875 0.71875 0.1 0.0625 0.71875 0.1 0.078125
0.71875 0.1 0.09375 0.71875 0.1 0.109375 0.71875 0.1 0.125 0.71875
0.1 0.140625 0.71875 0.1 0.15625 0.71875 0.1 0.171875 0.71875 0.1
0.1875 0.71875 0.1 0.203125 0.71875 0.1 0.21875 0.71875 0.1 0.234375
0.71875 0.1 0.25 0.71875 0.1 0.265625 0.71875 0.1 0.28125 0.71875
0.1 0.296875 0.71875 0.1 0.3125 0.71875 0.1 0.328125 0.71875 0.1
0.34375 0.71875 0.1 0.359375 0.71875 0.1 0.375 0.71875 0.1 0.390625
0.71875 0.1 0.40625 0.71875 0.1 0.421875 0.71875 0.1 0.4375 0.71875
0.1 0.453125 0.71875 0.1 0.46875 0.71875 0.1 0.484375 0.71875 0.1
0.5 0.71875 0.1 0.515625 0.71875 0.1 0.53125 0.71875 0.1 0.546875
0.71875 0.1 0.5625 0.71875 0.1 0.578125 0.71875 0.1 0.59375 0.71875
0.1 0.609375 0.71875 0.1 0.625 0.71875 0.1 0.640625 0.71875 0.1
0.65625 0.71875 0.1 0.671875 0.71875 0.1 0.6875 0.71875 0.1 0.703125
0.71875 0.1 0.71875 0.71875 0.1 0.734375 0.71875 0.1 0.75 0.71875
0.1 0.765625 0.71875 0.1 0.78125 0.71875 0.1 0.796875 0.71875 0.1
0.8125 0.71875 0.1 0.828125 0.71875 0.1 0.84375 0.71875 0.1 0.859375
0.71875 0.1 0.875 0.71875 0.1 0.890625 0.71875 0.1 0.90625 0.71875
0.1 0.921875 0.71875 0.1 0.9375 0.71875 0.1 0.953125 0.71875 0.1
0.96875 0.71875 0.1 0.984375 0.71875 0.1 1 0.71875 0.1 0
0.734375 0.1 0.015625 0.734375 0.1 0.03125 0.734375 0.1 0.046875 0.734375
0.1 0.0625 0.734375 0.1 0.078125 0.734375 0.1 0.09375 0.734375 0.1
0.109375 0.734375 0.1 0.125 0.734375 0.1 0.140625 0.734375 0.1 0.15625
0.734375 0.1 0.171875 0.734375 0.1 0.1875 0.734375 0.1 0.203125 0.734375
0.1 0.21875 0.734375 0.1 0.234375 0.734375 0.1 0.25 0.734375 0.1
0.265625 0.734375 0.1 0.28125 0.734375 0.1 0.296875 0.734375 0.1 0.3125
0.734375 0.1 0.328125 0.734375 0.1 0.34375 0.734375 0.1 0.359375 0.734375
0.1 0.375 0.734375 0.1 0.390625 0.734375 0.1 0.40625 0.734375 0.1
0.421875 0.734375 0.1 0.4375 0.734375 0.1 0.453125 0.734375 0.1 0.46875
0.734375 0.1 0.484375 0.734375 0.1 0.5 0.734375 0.1 0.515625 0.734375
0.1 0.53125 0.734375 0.1 0.546875 0.734375 0.1 0.5625 0.734375 0.1
0.578125 0.734375 0.1 0.59375 0.734375 0.1 0.609375 0.734375 0.1 0.625
0.734375 0.1 0.640625 0.734375 0.1 0.65625 0.734375 0.1 0.671875 0.734375
0.1 0.6875 0.734375 0.1 0.703125 0.734375 0.1 0.71875 0.734375 0.1
0.734375 0.734375 0.1 0.75 0.734375 0.1 0.765625 0.734375 0.1 0.78125
0.734375 0.1 0.796875 0.734375 0.1 0.8125 0.734375 0.1 0.828125 0.734375
0.1 0.84375 0.734375 0.1 0.859375 0.734375 0.1 0.875 0.734375 0.1
0.890625 0.734375 0.1 0.90625 0.734375 0.1 0.921875 0.734375 0.1 0.9375
0.734375 0.1 0.953125 0.734375 0.1 0.96875 0.734375 0.1 0.984375 0.734375
0.1 1 0.734375 0.1 0 0.75 0.1 0.015625 0.75 0.1
0.03125 0.75 0.1 0.046875 0.75 0.1 0.0625 0.75 0.1 0.078125
0.75 0.1 0.09375 0.75 0.1 0.109375 0.75 0.1 0.125 0.75
0.1 0.140625 0.75 0.1 0.15625 0.75 0.1 0.171875 0.75 0.1
0.1875 0.75 0.1 0.203125 0.75 0.1 0.21875 0.75 0.1 0.234375
0.75 0.1 0.25 0.75 0.1 0.265625 0.75 0.1 0.28125 0.75
0.1 0.296875 0.75 0.1 0.3125 0.75 0.1 0.328125 0.75 0.1
0.34375 0.75 0.1 0.359375 0.75 0.1 0.375 0.75 0.1 0.390625
0.75 0.1 0.40625 0.75 0.1 0.421875 0.75 0.1 0.4375 0.75
0.1 0.453125 0.75 0.1 0.46875 0.75 0.1 0.484375 0.75 0.1
0.5 0.75 0.1 0.515625 0.75 0.1 0.53125 0.75 0.1 0.546875
0.75 0.1 0.5625 0.75 0.1 0.578125 0.75 0.1 0.59375 0.75
0.1 0.609375 0.75 0.1 0.625 0.75 0.1 0.640625 0.75 0.1
0.65625 0.75 0.1 0.671875 0.75 0.1 0.6875 0.75 0.1 0.703125
0.75 0.1 0.71875 0.75 0.1 0.734375 0.75 0.1 0.75 0.75
0.1 0.765625 0.75 0.1 0.78125 0.75 0.1 0.796875 0.75 0.1
0.8125 0.75 0.1 0.828125 0.75 0.1 0.84375 0.75 0.1 0.859375
0.75 0.1 0.875 0.75 0.1 0.890625 0.75 0.1 0.90625 0.75
0.1 0.921875 0.75 0.1 0.9375 0.75 0.1 0.953125 0.75 0.1
0.96875 0.75 0.1 0.984375 0.75 0.1 1 0.75 0.1 0
0.765625 0.1 0.015625 0.765625 0.1 0.03125 0.765625 0.1 0.046875 0.765625
0.1 0.0625 0.765625 0.1 0.078125 0.765625 0.1 0.09375 0.765625 0.1
0.109375 0.765625 0.1 0.125 0.765625 0.1 0.140625 0.765625 0.1 0.15625
0.765625 0.1 0.171875 0.765625 0.1 0.1875 0.765625 0.1 0.203125 0.765625
0.1 0.21875 0.765625 0.1 0.234375 0.765625 0.1 0.25 0.765625 0.1
0.265625 0.765625 0.1 0.28125 0.765625 0.1 0.296875 0.765625 0.1 0.3125
0.765625 0.1 0.328125 0.765625 0.1 0.34375 0.765625 0.1 0.359375 0.765625
0.1 0.375 0.765625 0.1 0.390625 0.765625 0.1 0.40625 0.765625 0.1
0.421875 0.765625 0.1 0.4375 0.765625 0.1 0.453125 0.765625 0.1 0.46875
0.765625 0.1 0.484375 0.765625 0.1 0.5 0.765625 0.1 0.515625 0.765625
0.1 0.53125 0.765625 0.1 0.546875 0.765625 0.1 0.5625 0.765625 0.1
0.578125 0.765625 0.1 0.59375 0.765625 0.1 0.609375 0.765625 0.1 0.625
0.765625 0.1 0.640625 0.765625 0.1 0.65625 0.765625 0.1 0.671875 0.765625
0.1 0.6875 0.765625 0.1 0.703125 0.765625 0.1 0.71875 0.765625 0.1
0.734375 0.765625 0.1 0.75 0.765625 0.1 0.765625 0.765625 0.1 0.78125
0.765625 0.1 0.796875 0.765625 0.1 0.8125 0.765625 0.1 0.828125 0.765625
0.1 0.84375 0.765625 0.1 0.859375 0.765625 0.1 0.875 0.765625 0.1
0.890625 0.765625 0.1 0.90625 0.765625 0.1 0.921875 0.765625 0.1 0.9375
0.765625 0.1 0.953125 0.765625 0.1 0.96875 0.765625 0.1 0.984375 0.765625
0.1 1 0.765625 0.1 0 0.78125 0.1 0.015625 0.78125 0.1
0.03125 0.78125 0.1 0.046875 0.78125 0.1 0.0625 0.78125 0.1 0.078125
0.78125 0.1 0.09375 0.78125 0.1 0.109375 0.78125 0.1 0.125 0.78125
0.1 0.140625 0.78125 0.1 0.15625 0.78125 0.1 0.171875 0.78125 0.1
0.1875 0.78125 0.1 0.203125 0.78125 0.1 0.21875 0.78125 0.1 0.234375
0.78125 0.1 0.25 0.78125 0.1 0.265625 0.78125 0.1 0.28125 0.78125
0.1 0.296875 0.78125 0.1 0.3125 0.78125 0.1 0.328125 0.78125 0.1
0.34375 0.78125 0.1 0.359375 0.78125 0.1 0.375 0.78125 0.1 0.390625
0.78125 0.1 0.40625 0.78125 0.1 0.421875 0.78125 0.1 0.4375 0.78125
0.1 0.453125 0.78125 0.1 0.46875 0.78125 0.1 0.484375 0.78125 0.1
0.5 0.78125 0.1 0.515625 0.78125 0.1 0.53125 0.78125 0.1 0.546875
0.78125 0.1 0.5625 0.78125 0.1 0.578125 0.78125 0.1 0.59375 0.78125
0.1 0.609375 0.78125 0.1 0.625 0.78125 0.1 0.640625 0.78125 0.1
0.65625 0.78125 0.1 0.671875 0.78125 0.1 0.6875 0.78125 0.1 0.703125
0.78125 0.1 0.71875 0.78125 0.1 0.734375 0.78125 0.1 0.75 0.78125
0.1 0.765625 0.78125 0.1 0.78125 0.78125 0.1 0.796875 0.78125 0.1
0.8125 0.78125 0.1 0.828125 0.78125 0.1 0.84375 0.78125 0.1 0.859375
0.78125 0.1 0.875 0.78125 0.1 0.890625 0.78125 0.1 0.90625 0.78125
0.1 0.921875 0.78125 0.1 0.9375 0.78125 0.1 0.953125 0.78125 0.1
0.96875 0.78125 0.1 0.984375 0.78125 0.1 1 0.78125 0.1 0
0.796875 0.1 0.015625 0.796875 0.1 0.03125 0.796875 0.1 0.046875 0.796875
0.1 0.0625 0.796875 0.1 0.078125 0.796875 0.1 0.09375 0.796875 0.1
0.109375 0.796875 0.1 0.125 0.796875 0.1 0.140625 0.796875 0.1 0.15625
0.796875 0.1 0.171875 0.796875 0.1 0.1875 0.796875 0.1 0.203125 0.796875
0.1 0.21875 0.796875 0.1 0.234375 0.796875 0.1 0.25 0.796875 0.1
0.265625 0.796875 0.1 0.28125 0.796875 0.1 0.296875 0.796875 0.1 0.3125
0.796875 0.1 0.328125 0.796875 0.1 0.34375 0.796875 0.1 0.359375 0.796875
0.1 0.375 0.796875 0.1 0.390625 0.796875 0.1 0.40625 0.796875 0.1
0.421875 0.796875 0.1 0.4375 0.796875 0.1 0.453125 0.796875 0.1 0.46875
0.796875 0.1 0.484375 0.796875 0.1 0.5 0.796875 0.1 0.515625 0.796875
0.1 0.53125 0.796875 0.1 0.546875 0.796875 0.1 0.5625 0.796875 0.1
0.578125 0.796875 0.1 0.59375 0.796875 0.1 0.609375 0.796875 0.1 0.625
0.796875 0.1 0.640625 0.796875 0.1 0.65625 0.796875 0.1 0.671875 0.796875
0.1 0.6875 0.796875 0.1 0.703125 0.796875 0.1 0.71875 0.796875 0.1
0.734375 0.796875 0.1 0.75 0.796875 0.1 0.765625 0.796875 0.1 0.78125
0.796875 0.1 0.796875 0.796875 0.1 0.8125 0.796875 0.1 0.828125 0.796875
0.1 0.84375 0.796875 0.1 0.859375 0.796875 0.1 0.875 0.796875 0.1
0.890625 0.796875 0.1 0.90625 0.796875 0.1 0.921875 0.796875 0.1 0.9375
0.796875 0.1 0.953125 0.796875 0.1 0.96875 0.796875 0.1 0.984375 0.796875
0.1 1 0.796875 0.1 0 0.8125 0.1 0.015625 0.8125 0.1
0.03125 0.8125 0.1 0.046875 0.8125 0.1 0.0625 0.8125 0.1 0.078125
0.8125 0.1 0.09375 0.8125 0.1 0.109375 0.8125 0.1 0.125 0.8125
0.1 0.140625 0.8125 0.1 0.15625 0.8125 0.1 0.171875 0.8125 0.1
0.1875 0.8125 0.1 0.203125 0.8125 0.1 0.21875 0.8125 0.1 0.234375
0.8125 0.1 0.25 0.8125 0.1 0.265625 0.8125 0.1 0.28125 0.8125
0.1 0.296875 0.8125 0.1 0.3125 0.8125 0.1 0.328125 0.8125 0.1
0.34375 0.8125 0.1 0.359375 0.8125 0.1 0.375 0.8125 0.1 0.390625
0.8125 0.1 0.40625 0.8125 0.1 0.421875 0.8125 0.1 0.4375 0.8125
0.1 0.453125 0.8125 0.1 0.46875 0.8125 0.1 0.484375 0.8125 0.1
0.5 0.8125 0.1 0.515625 0.8125 0.1 0.53125 0.8125 0.1 0.546875
0.8125 0.1 0.5625 0.8125 0.1 0.578125 0.8125 0.1 0.59375 0.8125
0.1 0.609375 0.8125 0.1 0.625 0.8125 0.1 0.640625 0.8125 0.1
0.65625 0.8125 0.1 0.671875 0.8125 0.1 0.6875 0.8125 0.1 0.703125
0.8125 0.1 0.71875 0.8125 0.1 0.734375 0.8125 0.1 0.75 0.8125
0.1 0.765625 0.8125 0.1 0.78125 0.8125 0.1 0.796875 0.8125 0.1
0.8125 0.8125 0.1 0.828125 0.8125 0.1 0.84375 0.8125 0.1 0.859375
0.8125 0.1 0.875 0.8125 0.1 0.890625 0.8125 0.1 0.90625 0.8125
0.1 0.921875 0.8125 0.1 0.9375 0.8125 0.1 0.953125 0.8125 0.1
0.96875 0.8125 0.1 0.984375 0.8125 0.1 1 0.8125 0.1 0
0.828125 0.1 0.015625 0.828125 0.1 0.03125 0.828125 0.1 0.046875 0.828125
0.1 0.0625 0.828125 0.1 0.078125 0.828125 0.1 0.09375 0.828125 0.1
0.109375 0.828125 0.1 0.125 0.828125 0.1 0.140625 0.828125 0.1 0.15625
0.828125 0.1 0.171875 0.828125 0.1 0.1875 0.828125 0.1 0.203125 0.828125
0.1 0.21875 0.828125 0.1 0.234375 0.828125 0.1 0.25 0.828125 0.1
0.265625 0.828125 0.1 0.28125 0.828125 0.1 0.296875 0.828125 0.1 0.3125
0.828125 0.1 0.328125 0.828125 0.1 0.34375 0.828125 0.1 0.359375 0.828125
0.1 0.375 0.828125 0.1 0.390625 0.828125 0.1 0.40625 0.828125 0.1
0.421875 0.828125 0.1 0.4375 0.828125 0.1 0.453125 0.828125 0.1 0.46875
0.828125 0.1 0.484375 0.828125 0.1 0.5 0.828125 0.1 0.515625 0.828125
0.1 0.53125 0.828125 0.1 0.546875 0.828125 0.1 0.5625 0.828125 0.1
0.578125 0.828125 0.1 0.59375 0.828125 0.1 0.609375 0.828125 0.1 0.625
0.828125 0.1 0.640625 0.828125 0.1 0.65625 0.828125 0.1 0.671875 0.828125
0.1 0.6875 0.828125 0.1 0.703125 0.828125 0.1 0.71875 0.828125 0.1
0.734375 0.828125 0.1 0.75 0.828125 0.1 0.765625 0.828125 0.1 0.78125
0.828125 0.1 0.796875 0.828125 0.1 0.8125 0.828125 0.1 0.828125 0.828125
0.1 0.84375 0.828125 0.1 0.859375 0.828125 0.1 0.875 0.828125 0.1
0.890625 0.828125 0.1 0.90625 0.828125 0.1 0.921875 0.828125 0.1 0.9375
0.828125 0.1 0.953125 0.828125 0.1 0.96875 0.828125 0.1 0.984375 0.828125
0.1 1 0.828125 0.1 0 0.84375 0.1 0.015625 0.84375 0.1
0.03125 0.84375 0.1 0.046875 0.84375 0.1 0.0625 0.84375 0.1 0.078125
0.84375 0.1 0.09375 0.84375 0.1 0.109375 0.84375 0.1 0.125 0.84375
0.1 0.140625 0.84375 0.1 0.15625 0.84375 0.1 0.171875 0.84375 0.1
0.1875 0.84375 0.1 0.203125 0.84375 0.1 0.21875 0.84375 0.1 0.234375
0.84375 0.1 0.25 0.84375 0.1 0.265625 0.84375 0.1 0.28125 0.84375
0.1 0.296875 0.84375 0.1 0.3125 0.84375 0.1 0.328125 0.84375 0.1
0.34375 0.84375 0.1 0.359375 0.84375 0.1 0.375 0.84375 0.1 0.390625
0.84375 0.1 0.40625 0.84375 0.1 0.421875 0.84375 0.1 0.4375 0.84375
0.1 0.453125 0.84375 0.1 0.46875 0.84375 0.1 0.484375 0.84375 0.1
0.5 0.84375 0.1 0.515625 0.84375 0.1 0.53125 0.84375 0.1 0.546875
0.84375 0.1 0.5625 0.84375 0.1 0.578125 0.84375 0.1 0.59375 0.84375
0.1 0.609375 0.84375 0.1 0.625 0.84375 0.1 0.640625 0.84375 0.1
0.65625 0.84375 0.1 0.671875 0.84375 0.1 0.6875 0.84375 0.1 0.703125
0.84375 0.1 0.71875 0.84375 0.1 0.734375 0.84375 0.1 0.75 0.84375
0.1 0.765625 0.84375 0.1 0.78125 0.84375 0.1 0.796875 0.84375 0.1
0.8125 0.84375 0.1 0.828125 0.84375 0.1 0.84375 0.84375 0.1 0.859375
0.84375 0.1 0.875 0.84375 0.1 0.890625 0.84375 0.1 0.90625 0.84375
0.1 0.921875 0.84375 0.1 0.9375 0.84375 0.1 0.953125 0.84375 0.1
0.96875 0.84375 0.1 0.984375 0.84375 0.1 1 0.84375 0.1 0
0.859375 0.1 0.015625 0.859375 0.1 0.03125 0.859375 0.1 0.046875 0.859375
0.1 0.0625 0.859375 0.1 0.078125 0.859375 0.1 0.09375 0.859375 0.1
0.109375 0.859375 0.1 0.125 0.859375 0.1 0.140625 0.859375 0.1 0.15625
0.859375 0.1 0.171875 0.859375 0.1 0.1875 0.859375 0.1 0.203125 0.859375
0.1 0.21875 0.859375 0.1 0.234375 0.859375 0.1 0.25 0.859375 0.1
0.265625 0.859375 0.1 0.28125 0.859375 0.1 0.296875 0.859375 0.1 0.3125
0.859375 0.1 0.328125 0.859375 0.1 0.34375 0.859375 0.1 0.359375 0.859375
0.1 0.375 0.859375 0.1 0.390625 0.859375 0.1 0.40625 0.859375 0.1
0.421875 0.859375 0.1 0.4375 0.859375 0.1 0.453125 0.859375 0.1 0.46875
0.859375 0.1 0.484375 0.859375 0.1 0.5 0.859375 0.1 0.515625 0.859375
0.1 0.53125 0.859375 0.1 0.546875 0.859375 0.1 0.5625 0.859375 0.1
0.578125 0.859375 0.1 0.59375 0.859375 0.1 0.609375 0.859375 0.1 0.625
0.859375 0.1 0.640625 0.859375 0.1 0.65625 0.859375 0.1 0.671875 0.859375
0.1 0.6875 0.859375 0.1 0.703125 0.859375 0.1 0.71875 0.859375 0.1
0.734375 0.859375 0.1 0.75 0.859375 0.1 0.765625 0.859375 0.1 0.78125
0.859375 0.1 0.796875 0.859375 0.1 0.8125 0.859375 0.1 0.828125 0.859375
0.1 0.84375 0.859375 0.1 0.859375 0.859375 0.1 0.875 0.859375 0.1
0.890625 0.859375 0.1 0.90625 0.859375 0.1 0.921875 0.859375 0.1 0.9375
0.859375 0.1 0.953125 0.859375 0.1 0.96875 0.859375 0.1 0.984375 0.859375
0.1 1 0.859375 0.1 0 0.875 0.1 0.015625 0.875 0.1
0.03125 0.875 0.1 0.046875 0.875 0.1 0.0625 0.875 0.1 0.078125
0.875 0.1 0.09375 0.875 0.1 0.109375 0.875 0.1 0.125 0.875
0.1 0.140625 0.875 0.1 0.15625 0.875 0.1 0.171875 0.875 0.1
0.1875 0.875 0.1 0.203125 0.875 0.1 0.21875 0.875 0.1 0.234375
0.875 0.1 0.25 0.875 0.1 0.265625 0.875 0.1 0.28125 0.875
0.1 0.296875 0.875 0.1 0.3125 0.875 0.1 0.328125 0.875 0.1
0.34375 0.875 0.1 0.359375 0.875 0.1 0.375 0.875 0.1 0.390625
0.875 0.1 0.40625 0.875 0.1 0.421875 0.875 0.1 0.4375 0.875
0.1 0.453125 0.875 0.1 0.46875 0.875 0.1 0.484375 0.875 0.1
0.5 0.875 0.1 0.515625 0.875 0.1 0.53125 0.875 0.1 0.546875
0.875 0.1 0.5625 0.875 0.1 0.578125 0.875 0.1 0.59375 0.875
0.1 0.609375 0.875 0.1 0.625 0.875 0.1 0.640625 0.875 0.1
0.65625 0.875 0.1 0.671875 0.875 0.1 0.6875 0.875 0.1 0.703125
0.875 0.1 0.71875 0.875 0.1 0.734375 0.875 0.1 0.75 0.875
0.1 0.765625 0.875 0.1 0.78125 0.875 0.1 0.796875 0.875 0.1
0.8125 0.875 0.1 0.828125 0.875 0.1 0.84375 0.875 0.1 0.859375
0.875 0.1 0.875 0.875 0.1 0.890625 0.875 0.1 0.90625 0.875
0.1 0.921875 0.875 0.1 0.9375 0.875 0.1 0.953125 0.875 0.1
0.96875 0.875 0.1 0.984375 0.875 0.1 1 0.875 0.1 0
0.890625 0.1 0.015625 0.890625 0.1 0.03125 0.890625 0.1 0.046875 0.890625
0.1 0.0625 0.890625 0.1 0.078125 0.890625 0.1 0.09375 0.890625 0.1
0.109375 0.890625 0.1 0.125 0.890625 0.1 0.140625 0.890625 0.1 0.15625
0.890625 0.1 0.171875 0.890625 0.1 0.1875 0.890625 0.1 0.203125 0.890625
0.1 0.21875 0.890625 0.1 0.234375 0.890625 0.1 0.25 0.890625 0.1
0.265625 0.890625 0.1 0.28125 0.890625 0.1 0.296875 0.890625 0.1 0.3125
0.890625 0.1 0.328125 0.890625 0.1 0.34375 0.890625 0.1 0.359375 0.890625
0.1 0.375 0.890625 0.1 0.390625 0.890625 0.1 0.40625 0.890625 0.1
0.421875 0.890625 0.1 0.4375 0.890625 0.1 0.453125 0.890625 0.1 0.46875
0.890625 0.1 0.484375 0.890625 0.1 0.5 0.890625 0.1 0.515625 0.890625
0.1 0.53125 0.890625 0.1 0.546875 0.890625 0.1 0.5625 0.890625 0.1
0.578125 0.890625 0.1 0.59375 0.890625 0.1 0.609375 0.890625 0.1 0.625
0.890625 0.1 0.640625 0.890625 0.1 0.65625 0.890625 0.1 0.671875 0.890625
0.1 0.6875 0.890625 0.1 0.703125 0.890625 0.1 0.71875 0.890625 0.1
0.734375 0.890625 0.1 0.75 0.890625 0.1 0.765625 0.890625 0.1 0.78125
0.890625 0.1 0.796875 0.890625 0.1 0.8125 0.890625 0.1 0.828125 0.890625
0.1 0.84375 0.890625 0.1 0.859375 0.890625 0.1 0.875 0.890625 0.1
0.890625 0.890625 0.1 0.90625 0.890625 0.1 0.921875 0.890625 0.1 0.9375
0.890625 0.1 0.953125 0.890625 0.1 0.96875 0.890625 0.1 0.984375 0.890625
0.1 1 0.890625 0.1 0 0.90625 0.1 0.015625 0.90625 0.1
0.03125 0.90625 0.1 0.046875 0.90625 0.1 0.0625 0.90625 0.1 0.078125
0.90625 0.1 0.09375 0.90625 0.1 0.109375 0.90625 0.1 0.125 0.90625
0.1 0.140625 0.90625 0.1 0.15625 0.90625 0.1 0.171875 0.90625 0.1
0.1875 0.90625 0.1 0.203125 0.90625 0.1 0.21875 0.90625 0.1 0.234375
0.90625 0.1 0.25 0.90625 0.1 0.265625 0.90625 0.1 0.28125 0.90625
0.1 0.296875 0.90625 0.1 0.3125 0.90625 0.1 0.328125 0.90625 0.1
0.34375 0.90625 0.1 0.359375 0.90625 0.1 0.375 0.90625 0.1 0.390625
0.90625 0.1 0.40625 0.90625 0.1 0.421875 0.90625 0.1 0.4375 0.90625
0.1 0.453125 0.90625 0.1 0.46875 0.90625 0.1 0.484375 0.90625 0.1
0.5 0.90625 0.1 0.515625 0.90625 0.1 0.53125 0.90625 0.1 0.546875
0.90625 0.1 0.5625 0.90625 0.1 0.578125 0.90625 0.1 0.59375 0.90625
0.1 0.609375 0.90625 0.1 0.625 0.90625 0.1 0.640625 0.90625 0.1
0.65625 0.90625 0.1 0.671875 0.90625 0.1 0.6875 0.90625 0.1 0.703125
0.90625 0.1 0.71875 0.90625 0.1 0.734375 0.90625 0.1 0.75 0.90625
0.1 0.765625 0.90625 0.1 0.78125 0.90625 0.1 0.796875 0.90625 0.1
0.8125 0.90625 0.1 0.828125 0.90625 0.1 0.84375 0.90625 0.1 0.859375
0.90625 0.1 0.875 0.90625 0.1 0.890625 0.90625 0.1 0.90625 0.90625
0.1 0.921875 0.90625 0.1 0.9375 0.90625 0.1 0.953125 0.90625 0.1
0.96875 0.90625 0.1 0.984375 0.90625 0.1 1 0.90625 0.1 0
0.921875 0.1 0.015625 0.921875 0.1 0.03125 0.921875 0.1 0.046875 0.921875
0.1 0.0625 0.921875 0.1 0.078125 0.921875 0.1 0.09375 0.921875 0.1
0.109375 0.921875 0.1 0.125 0.921875 0.1 0.140625 0.921875 0.1 0.15625
0.921875 0.1 0.171875 0.921875 0.1 0.1875 0.921875 0.1 0.203125 0.921875
0.1 0.21875 0.921875 0.1 0.234375 0.921875 0.1 0.25 0.921875 0.1
0.265625 0.921875 0.1 0.28125 0.921875 0.1 0.296875 0.921875 0.1 0.3125
0.921875 0.1 0.328125 0.921875 0.1 0.34375 0.921875 0.1 0.359375 0.921875
0.1 0.375 0.921875 0.1 0.390625 0.921875 0.1 0.40625 0.921875 0.1
0.421875 0.921875 0.1 0.4375 0.921875 0.1 0.453125 0.921875 0.1 0.46875
0.921875 0.1 0.484375 0.921875 0.1 0.5 0.921875 0.1 0.515625 0.921875
0.1 0.53125 0.921875 0.1 0.546875 0.921875 0.1 0.5625 0.921875 0.1
0.578125 0.921875 0.1 0.59375 0.921875 0.1 0.609375 0.921875 0.1 0.625
0.921875 0.1 0.640625 0.921875 0.1 0.65625 0.921875 0.1 0.671875 0.921875
0.1 0.6875 0.921875 0.1 0.703125 0.921875 0.1 0.71875 0.921875 0.1
0.734375 0.921875 0.1 0.75 0.921875 0.1 0.765625 0.921875 0.1 0.78125
0.921875 0.1 0.796875 0.921875 0.1 0.8125 0.921875 0.1 0.828125 0.921875
0.1 0.84375 0.921875 0.1 0.859375 0.921875 0.1 0.875 0.921875 0.1
0.890625 0.921875 0.1 0.90625 0.921875 0.1 0.921875 0.921875 0.1 0.9375
0.921875 0.1 0.953125 0.921875 0.1 0.96875 0.921875 0.1 0.984375 0.921875
0.1 1 0.921875 0.1 0 0.9375 0.1 0.015625 0.9375 0.1
0.03125 0.9375 0.1 0.046875 0.9375 0.1 0.0625 0.9375 0.1 0.078125
0.9375 0.1 0.09375 0.9375 0.1 0.109375 0.9375 0.1 0.125 0.9375
0.1 0.140625 0.9375 0.1 0.15625 0.9375 0.1 0.171875 0.9375 0.1
0.1875 0.9375 0.1 0.203125 0.9375 0.1 0.21875 0.9375 0.1 0.234375
0.9375 0.1 0.25 0.9375 0.1 0.265625 0.9375 0.1 0.28125 0.9375
0.1 0.296875 0.9375 0.1 0.3125 0.9375 0.1 0.328125 0.9375 0.1
0.34375 0.9375 0.1 0.359375 0.9375 0.1 0.375 0.9375 0.1 0.390625
0.9375 0.1 0.40625 0.9375 0.1 0.421875 0.9375 0.1 0.4375 0.9375
0.1 0.453125 0.9375 0.1 0.46875 0.9375 0.1 0.484375 0.9375 0.1
0.5 0.9375 0.1 0.515625 0.9375 0.1 0.53125 0.9375 0.1 0.546875
0.9375 0.1 0.5625 0.9375 0.1 0.578125 0.9375 0.1 0.59375 0.9375
0.1 0.609375 0.9375 0.1 0.625 0.9375 0.1 0.640625 0.9375 0.1
0.65625 0.9375 0.1 0.671875 0.9375 0.1 0.6875 0.9375 0.1 0.703125
0.9375 0.1 0.71875 0.9375 0.1 0.734375 0.9375 0.1 0.75 0.9375
0.1 0.765625 0.9375 0.1 0.78125 0.9375 0.1 0.796875 0.9375 0.1
0.8125 0.9375 0.1 0.828125 0.9375 0.1 0.84375 0.9375 0.1 0.859375
0.9375 0.1 0.875 0.9375 0.1 0.890625 0.9375 0.1 0.90625 0.9375
0.1 0.921875 0.9375 0.1 0.9375 0.9375 0.1 0.953125 0.9375 0.1
0.96875 0.9375 0.1 0.984375 0.9375 0.1 1 0.9375 0.1 0
0.953125 0.1 0.015625 0.953125 0.1 0.03125 0.953125 0.1 0.046875 0.953125
0.1 0.0625 0.953125 0.1 0.078125 0.953125 0.1 0.09375 0.953125 0.1
0.109375 0.953125 0.1 0.125 0.953125 0.1 0.140625 0.953125 0.1 0.15625
0.953125 0.1 0.171875 0.953125 0.1 0.1875 0.953125 0.1 0.203125 0.953125
0.1 0.21875 0.953125 0.1 0.234375 0.953125 0.1 0.25 0.953125 0.1
0.265625 0.953125 0.1 0.28125 0.953125 0.1 0.296875 0.953125 0.1 0.3125
0.953125 0.1 0.328125 0.953125 0.1 0.34375 0.953125 0.1 0.359375 0.953125
0.1 0.375 0.953125 0.1 0.390625 0.953125 0.1 0.40625 0.953125 0.1
0.421875 0.953125 0.1 0.4375 0.953125 0.1 0.453125 0.953125 0.1 0.46875
0.953125 0.1 0.484375 0.953125 0.1 0.5 0.953125 0.1 0.515625 0.953125
0.1 0.53125 0.953125 0.1 0.546875 0.953125 0.1 0.5625 0.953125 0.1
0.578125 0.953125 0.1 0.59375 0.953125 0.1 0.609375 0.953125 0.1 0.625
0.953125 0.1 0.640625 0.953125 0.1 0.65625 0.953125 0.1 0.671875 0.953125
0.1 0.6875 0.953125 0.1 0.703125 0.953125 0.1 0.71875 0.953125 0.1
0.734375 0.953125 0.1 0.75 0.953125 0.1 0.765625 0.953125 0.1 0.78125
0.953125 0.1 0.796875 0.953125 0.1 0.8125 0.953125 0.1 0.828125 0.953125
0.1 0.84375 0.953125 0.1 0.859375 0.953125 0.1 0.875 0.953125 0.1
0.890625 0.953125 0.1 0.90625 0.953125 0.1 0.921875 0.953125 0.1 0.9375
0.953125 0.1 0.953125 0.953125 0.1 0.96875 0.953125 0.1 0.984375 0.953125
0.1 1 0.953125 0.1 0 0.96875 0.1 0.015625 0.96875 0.1
0.03125 0.96875 0.1 0.046875 0.96875 0.1 0.0625 0.96875 0.1 0.078125
0.96875 0.1 0.09375 0.96875 0.1 0.109375 0.96875 0.1 0.125 0.96875
0.1 0.140625 0.96875 0.1 0.15625 0.96875 0.1 0.171875 0.96875 0.1
0.1875 0.96875 0.1 0.203125 0.96875 0.1 0.21875 0.96875 0.1 0.234375
0.96875 0.1 0.25 0.96875 0.1 0.265625 0.96875 0.1 0.28125 0.96875
0.1 0.296875 0.96875 0.1 0.3125 0.96875 0.1 0.328125 0.96875 0.1
0.34375 0.96875 0.1 0.359375 0.96875 0.1 0.375 0.96875 0.1 0.390625
0.96875 0.1 0.40625 0.96875 0.1 0.421875 0.96875 0.1 0.4375 0.96875
0.1 0.453125 0.96875 0.1 0.46875 0.96875 0.1 0.484375 0.96875 0.1
0.5 0.96875 0.1 0.515625 0.96875 0.1 0.53125 0.96875 0.1 0.546875
0.96875 0.1 0.5625 0.96875 0.1 0.578125 0.96875 0.1 0.59375 0.96875
0.1 0.609375 0.96875 0.1 0.625 0.96875 0.1 0.640625 0.96875 0.1
0.65625 0.96875 0.1 0.671875 0.96875 0.1 0.6875 0.96875 0.1 0.703125
0.96875 0.1 0.71875 0.96875 0.1 0.734375 0.96875 0.1 0.75 0.96875
0.1 0.765625 0.96875 0.1 0.78125 0.96875 0.1 0.796875 0.96875 0.1
0.8125 0.96875 0.1 0.828125 0.96875 0.1 0.84375 0.96875 0.1 0.859375
0.96875 0.1 0.875 0.96875 0.1 0.890625 0.96875 0.1 0.90625 0.96875
0.1 0.921875 0.96875 0.1 0.9375 0.96875 0.1 0.953125 0.96875 0.1
0.96875 0.96875 0.1 0.984375 0.96875 0.1 1 0.96875 0.1 0
0.984375 0.1 0.015625 0.984375 0.1 0.03125 0.984375 0.1 0.046875 0.984375
0.1 0.0625 0.984375 0.1 0.078125 0.984375 0.1 0.09375 0.984375 0.1
0.109375 0.984375 0.1 0.125 0.984375 0.1 0.140625 0.984375 0.1 0.15625
0.984375 0.1 0.171875 0.984375 0.1 0.1875 0.984375 0.1 0.203125 0.984375
0.1 0.21875 0.984375 0.1 0.234375 0.984375 0.1 0.25 0.984375 0.1
0.265625 0.984375 0.1 0.28125 0.984375 0.1 0.296875 0.984375 0.1 0.3125
0.984375 0.1 0.328125 0.984375 0.1 0.34375 0.984375 0.1 0.359375 0.984375
0.1 0.375 0.984375 0.1 0.390625 0.984375 0.1 0.40625 0.984375 0.1
0.421875 0.984375 0.1 0.4375 0.984375 0.1 0.453125 0.984375 0.1 0.46875
0.984375 0.1 0.484375 0.984375 0.1 0.5 0.984375 0.1 0.515625 0.984375
0.1 0.53125 0.984375 0.1 0.546875 0.984375 0.1 0.5625 0.984375 0.1
0.578125 0.984375 0.1 0.59375 0.984375 0.1 0.609375 0.984375 0.1 0.625
0.984375 0.1 0.640625 0.984375 0.1 0.65625 0.984375 0.1 0.671875 0.984375
0.1 0.6875 0.984375 0.1 0.703125 0.984375 0.1 0.71875 0.984375 0.1
0.734375 0.984375 0.1 0.75 0.984375 0.1 0.765625 0.984375 0.1 0.78125
0.984375 0.1 0.796875 0.984375 0.1 0.8125 0.984375 0.1 0.828125 0.984375
0.1 0.84375 0.984375 0.1 0.859375 0.984375 0.1 0.875 0.984375 0.1
0.890625 0.984375 0.1 0.90625 0.984375 0.1 0.921875 0.984375 0.1 0.9375
0.984375 0.1 0.953125 0.984375 0.1 0.96875 0.984375 0.1 0.984375 0.984375
0.1 1 0.984375 0.1 0 1 0.1 0.015625 1 0.1
0.03125 1 0.1 0.046875 1 0.1 0.0625 1 0.1 0.078125
1 0.1 0.09375 1 0.1 0.109375 1 0.1 0.125 1
0.1 0.140625 1 0.1 0.15625 1 0.1 0.171875 1 0.1
0.1875 1 0.1 0.203125 1 0.1 0.21875 1 0.1 0.234375
1 0.1 0.25 1 0.1 0.265625 1 0.1 0.28125 1
0.1 0.296875 1 0.1 0.3125 1 0.1 0.328125 1 0.1
0.34375 1 0.1 0.359375 1 0.1 0.375 1 0.1 0.390625
1 0.1 0.40625 1 0.1 0.421875 1 0.1 0.4375 1
0.1 0.453125 1 0.1 0.46875 1 0.1 0.484375 1 0.1
0.5 1 0.1 0.515625 1 0.1 0.53125 1 0.1 0.546875
1 0.1 0.5625 1 0.1 0.578125 1 0.1 0.59375 1
0.1 0.609375 1 0.1 0.625 1 0.1 0.640625 1 0.1
0.65625 1 0.1 0.671875 1 0.1 0.6875 1 0.1 0.703125
1 0.1 0.71875 1 0.1 0.734375 1 0.1 0.75 1
0.1 0.765625 1 0.1 0.78125 1 0.1 0.796875 1 0.1
0.8125 1 0.1 0.828125 1 0.1 0.84375 1 0.1 0.859375
1 0.1 0.875 1 0.1 0.890625 1 0.1 0.90625 1
0.1 0.921875 1 0.1 0.9375 1 0.1 0.953125 1 0.1
0.96875 1 0.1 0.984375 1 0.1 1 1 0.1 
CELLS 4096 36864
8 1 4226 4291 66 0 4225 4290 65 8 2
4227 4292 67 1 4226 4291 66 8 3 4228
4293 68 2 4227 4292 67 8 4 4229 4294
69 3 4228 4293 68 8 5 4230 4295 70
4 4229 4294 69 8 6 4231 4296 71 5
4230 4295 70 8 7 4232 4297 72 6 4231
4296 71 8 8 4233 4298 73 7 4232 4297
72 8 9 4234 4299 74 8 4233 4298 73
8 10 4235 4300 75 9 4234 4299 74 8
11 4236 4301 76 10 4235 4300 75 8 12
4237 4302 77 11 4236 4301 76 8 13 4238
4303 78 12 4237 4302 77 8 14 4239 4304
79 13 4238 4303 78 8 15 4240 4305 80
14 4239 4304 79 8 16 4241 4306 81 15
4240 4305 80 8 17 4242 4307 82 16 4241
4306 81 8 18 4243 4308 83 17 4242 4307
82 8 19 4244 4309 84 18 4243 4308 83
8 20 4245 4310 85 19 4244 4309 84 8
21 4246 4311 86 20 4245 4310 85 8 22
4247 4312 87 21 4246 4311 86 8 23 4248
4313 88 22 4247 4312 87 8 24 4249 4314
89 23 4248 4313 88 8 25 4250 4315 90
24 4249 4314 89 8 26 4251 4316 91 25
4250 4315 90 8 27 4252 4317 92 26 4251
4316 91 8 28 4253 4318 93 27 4252 4317
92 8 29 4254 4319 94 28 4253 4318 93
8 30 4255 4320 95 29 4254 4319 94 8
31 4256 4321 96 30 4255 4320 95 8 32
4257 4322 97 31 4256 4321 96 8 33 4258
4323 98 32 4257 4322 97 8 34 4259 4324
99 33 4258 4323 98 8 35 4260 4325 100
34 4259 4324 99 8 36 4261 4326 101 35
4260 4325 100 8 37 4262 4327 102 36 4261
4326 101 8 38 4263 4328 103 37 4262 4327
102 8 39 4264 4329 104 38 4263 4328 103
8 40 4265 4330 105 39 4264 4329 104 8
41 4266 4331 106 40 4265 4330 105 8 42
4267 4332 107 41 4266 4331 106 8 43 4268
4333 108 42 4267 4332 107 8 44 4269 4334
109 43 4268 4333 108 8 45 4270 4335 110
44 4269 4334 109 8 46 4271 4336 111 45
4270 4335 110 8 47 4272 4337 112 46 4271
4336 111 8 48 4273 4338 113 47 4272 4337
112 8 49 4274 4339 114 48 4273 4338 113
8 50 4275 4340 115 49 4274 4339 114 8
51 4276 4341 116 50 4275 4340 115 8 52
4277 4342 117 51 4276 4341 116 8 53 4278
4343 118 52 4277 4342 117 8 54 4279 4344
119 53 4278 4343 118 8 55 4280 4345 120
54 4279 4344 119 8 56 4281 4346 121 55
4280 4345 120 8 57 4282 4347 122 56 4281
4346 121 8 58 4283 4348 123 57 4282 4347
122 8 59 4284 4349 124 58 4283 4348 123
8 60 4285 4350 125 59 4284 4349 124 8
61 4286 4351 126 60 4285 4350 125 8 62
4287 4352 127 61 4286 4351 126 8 63 4288
4353 128 62 4287 4352 127 8 128 129 4354
4353 63 64 4289 4288 8 66 4291 4356 131
65 4290 4355 130 8 67 4292 4357 132 66
4291 4356 131 8 68 4293 4358 133 67 4292
4357 132 8 69 4294 4359 134 68 4293 4358
133 8 70 4295 4360 135 69 4294 4359 134
8 71 4296 4361 136 70 4295 4360 135 8
72 4297 4362 137 71 4296 4361 136 8 73
4298 4363 138 72 4297 4362 137 8 74 4299
4364 139 73 4298 4363 138 8 75 4300 4365
140 74 4299 4364 139 8 76 4301 4366 141
75 4300 4365 140 8 77 4302 4367 142 76
4301 4366 141 8 78 4303 4368 143 77 4302
4367 142 8 79 4304 4369 144 78 4303 4368
143 8 80 4305 4370 145 79 4304 4369 144
8 81 4306 4371 146 80 4305 4370 145 8
82 4307 4372 147 81 4306 4371 146 8 83
4308 4373 148 82 4307 4372 147 8 84 4309
4374 149 83 4308 4373 148 8 85 4310 4375
150 84 4309 4374 149 8 86 4311 4376 151
85 4310 4375 150 8 87 4312 4377 152 86
4311 4376 151 8 88 4313 4378 153 87 4312
4377 152 8 89 4314 4379 154 88 4313 4378
153 8 90 4315 4380 155 89 4314 4379 154
8 91 4316 4381 156 90 4315 4380 155 8
92 4317 4382 157 91 4316 4381 156 8 93
4318 4383 158 92 4317 4382 157 8 94 4319
4384 159 93 4318 4383 158 8 95 4320 4385
160 94 4319 4384 159 8 96 4321 4386 161
95 4320 4385 160 8 97 4322 4387 162 96
4321 4386 161 8 98 4323 4388 163 97 4322
4387 162 8 99 4324 4389 164 98 4323 4388
163 8 100 4325 4390 165 99 4324 4389 164
8 101 4326 4391 166 100 4325 4390 165 8
102 4327 4392 167 101 4326 4391 166 8 103
4328 4393 168 102 4327 4392 167 8 104 4329
4394 169 103 4328 4393 168 8 105 4330 4395
170 104 4329 4394 169 8 106 4331 4396 171
105 4330 4395 170 8 107 4332 4397 172 106
4331 4396 171 8 108 4333 4398 173 107 4332
4397 172 8 109 4334 4399 174 108 4333 4398
173 8 110 4335 4400 175 109 4334 4399 174
8 111 4336 4401 176 110 4335 4400 175 8
112 4337 4402 177 111 4336 4401 176 8 113
4338 4403 178 112 4337 4402 177 8 114 4339
4404 179 113 4338 4403 178 8 115 4340 4405
180 114 4339 4404 179 8 116 4341 4406 181
115 4340 4405 180 8 117 4342 4407 182 116
4341 4406 181 8 118 4343 4408 183 117 4342
4407 182 8 119 4344 4409 184 118 4343 4408
183 8 120 4345 4410 185 119 4344 4409 184
8 121 4346 4411 186 120 4345 4410 185 8
122 4347 4412 187 121 4346 4411 186 8 123
4348 4413 188 122 4347 4412 187 8 124 4349
4414 189 123 4348 4413 188 8 125 4350 4415
190 124 4349 4414 189 8 126 4351 4416 191
125 4350 4415 190 8 127 4352 4417 192 126
4351 4416 191 8 128 4353 4418 193 127 4352
4417 192 8 193 194 4419 4418 128 129 4354
4353 8 131 4356 4421 196 130 4355 4420 195
8 132 4357 4422 197 131 4356 4421 196 8
133 4358 4423 198 132 4357 4422 197 8 134
4359 4424 199 133 4358 4423 198 8 135 4360
4425 200 134 4359 4424 199 8 136 4361 4426
201 135 4360 4425 200 8 137 4362 4427 202
136 4361 4426 201 8 138 4363 4428 203 137
4362 4427 202 8 139 4364 4429 204 138 4363
4428 203 8 140 4365 4430 205 139 4364 4429
204 8 141 4366 4431 206 140 4365 4430 205
8 142 4367 4432 207 141 4366 4431 206 8
143 4368 4433 208 142 4367 4432 207 8 144
4369 4434 209 143 4368 4433 208 8 145 4370
4435 210 144 4369 4434 209 8 146 4371 4436
211 145 4370 4435 210 8 147 4372 4437 212
146 4371 4436 211 8 148 4373 4438 213 147
4372 4437 212 8 149 4374 4439 214 148 4373
4438 213 8 150 4375 4440 215 149 4374 4439
214 8 151 4376 4441 216 150 4375 4440 215
8 152 4377 4442 217 151 4376 4441 216 8
153 4378 4443 218 152 4377 4442 217 8 154
4379 4444 219 153 4378 4443 218 8 155 4380
4445 220 154 4379 4444 219 8 156 4381 4446
221 155 4380 4445 220 8 157 4382 4447 222
156 4381 4446 221 8 158 4383 4448 223 157
4382 4447 222 8 159 4384 4449 224 158 4383
4448 223 8 160 4385 4450 225 159 4384 4449
224 8 161 4386 4451 226 160 4385 4450 225
8 162 4387 4452 227 161 4386 4451 226 8
163 4388 4453 228 162 4387 4452 227 8 164
4389 4454 229 163 4388 4453 228 8 165 4390
4455 230 164 4389 4454 229 8 166 4391 4456
231 165 4390 4455 230 8 167 4392 4457 232
166 4391 4456 231 8 168 4393 4458 233 167
4392 4457 232 8 169 4394 4459 234 168 4393
4458 233 8 170 4395 4460 235 169 4394 4459
234 8 171 4396 4461 236 170 4395 4460 235
8 172 4397 4462 237 171 4396 4461 236 8
173 4398 4463 238 172 4397 4462 237 8 174
4399 4464 239 173 4398 4463 238 8 175 4400
4465 240 174 4399 4464 239 8 176 4401 4466
241 175 4400 4465 240 8 177 4402 4467 242
176 4401 4466 241 8 178 4403 4468 243 177
4402 4467 242 8 179 4404 4469 244 178 4403
4468 243 8 180 4405 4470 245 179 4404 4469
244 8 181 4406 4471 246 180 4405 4470 245
8 182 4407 4472 247 181 4406 4471 246 8
183 4408 4473 248 182 4407 4472 247 8 184
4409 4474 249 183 4408 4473 248 8 185 4410
4475 250 184 4409 4474 249 8 186 4411 4476
251 185 4410 4475 250 8 187 4412 4477 252
186 4411 4476 251 8 188 4413 4478 253 187
4412 4477 252 8 189 4414 4479 254 188 4413
4478 253 8 190 4415 4480 255 189 4414 4479
254 8 191 4416 4481 256 190 4415 4480 255
8 192 4417 4482 257 191 4416 4481 256 8
193 4418 4483 258 192 4417 4482 257 8 258
259 4484 4483 193 194 4419 4418 8 196 4421
4486 261 195 4420 4485 260 8 197 4422 4487
262 196 4421 4486 261 8 198 4423 4488 263
197 4422 4487 262 8 199 4424 4489 264 198
4423 4488 263 8 200 4425 4490 265 199 4424
4489 264 8 201 4426 4491 266 200 4425 4490
265 8 202 4427 4492 267 201 4426 4491 266
8 203 4428 4493 268 202 4427 4492 267 8
204 4429 4494 269 203 4428 4493 268 8 205
4430 4495 270 204 4429 4494 269 8 206 4431
4496 271 205 4430 4495 270 8 207 4432 4497
272 206 4431 4496 271 8 208 4433 4498 273
207 4432 4497 272 8 209 4434 4499 274 208
4433 4498 273 8 210 4435 4500 275 209 4434
4499 274 8 211 4436 4501 276 210 4435 4500
275 8 212 4437 4502 277 211 4436 4501 276
8 213 4438 4503 278 212 4437 4502 277 8
214 4439 4504 279 213 4438 4503 278 8 215
4440 4505 280 214 4439 4504 279 8 216 4441
4506 281 215 4440 4505 280 8 217 4442 4507
282 216 4441 4506 281 8 218 4443 4508 283
217 4442 4507 282 8 219 4444 4509 284 218
4443 4508 283 8 220 4445 4510 285 219 4444
4509 284 8 221 4446 4511 286 220 4445 4510
285 8 222 4447 4512 287 221 4446 4511 286
8 223 4448 4513 288 222 4447 4512 287 8
224 4449 4514 289 223 4448 4513 288 8 225
4450 4515 290 224 4449 4514 289 8 226 4451
4516 291 225 4450 4515 290 8 227 4452 4517
292 226 4451 4516 291 8 228 4453 4518 293
227 4452 4517 292 8 229 4454 4519 294 228
4453 4518 293 8 230 4455 4520 295 229 4454
4519 294 8 231 4456 4521 296 230 4455 4520
295 8 232 4457 4522 297 231 4456 4521 296
8 233 4458 4523 298 232 4457 4522 297 8
234 4459 4524 299 233 4458 4523 298 8 235
4460 4525 300 234 4459 4524 299 8 236 4461
4526 301 235 4460 4525 300 8 237 4462 4527
302 236 4461 4526 301 8 238 4463 4528 303
237 4462 4527 302 8 239 4464 4529 304 238
4463 4528 303 8 240 4465 4530 305 239 4464
4529 304 8 241 4466 4531 306 240 4465 4530
305 8 242 4467 4532 307 241 4466 4531 306
8 243 4468 4533 308 242 4467 4532 307 8
244 4469 4534 309 243 4468 4533 308 8 245
4470 4535 310 244 4469 4534 309 8 246 4471
4536 311 245 4470 4535 310 8 247 4472 4537
312 246 4471 4536 311 8 248 4473 4538 313
247 4472 4537 312 8 249 4474 4539 314 248
4473 4538 313 8 250 4475 4540 315 249 4474
4539 314 8 251 4476 4541 316 250 4475 4540
315 8 252 4477 4542 317 251 4476 4541 316
8 253 4478 4543 318 252 4477 4542 317 8
254 4479 4544 319 253 4478 4543 318 8 255
4480 4545 320 254 4479 4544 319 8 256 4481
4546 321 255 4480 4545 320 8 257 4482 4547
322 256 4481 4546 321 8 258 4483 4548 323
257 4482 4547 322 8 323 324 4549 4548 258
259 4484 4483 8 261 4486 4551 326 260 4485
4550 325 8 262 4487 4552 327 261 4486 4551
326 8 263 4488 4553 328 262 4487 4552 327
8 264 4489 4554 329 263 4488 4553 328 8
265 4490 4555 330 264 4489 4554 329 8 266
4491 4556 331 265 4490 4555 330 8 267 4492
4557 332 266 4491 4556 331 8 268 4493 4558
333 267 4492 4557 332 8 269 4494 4559 334
268 4493 4558 333 8 270 4495 4560 335 269
4494 4559 334 8 271 4496 4561 336 270 4495
4560 335 8 272 4497 4562 337 271 4496 4561
336 8 273 4498 4563 338 272 4497 4562 337
8 274 4499 4564 339 273 4498 4563 338 8
275 4500 4565 340 274 4499 4564 339 8 276
4501 4566 341 275 4500 4565 340 8 277 4502
4567 342 276 4501 4566 341 8 278 4503 4568
343 277 4502 4567 342 8 279 4504 4569 344
278 4503 4568 343 8 280 4505 4570 345 279
4504 4569 344 8 281 4506 4571 346 280 4505
4570 345 8 282 4507 4572 347 281 4506 4571
346 8 283 4508 4573 348 282 4507 4572 347
8 284 4509 4574 349 283 4508 4573 348 8
285 4510 4575 350 284 4509 4574 349 8 286
4511 4576 351 285 4510 4575 350 8 287 4512
4577 352 286 4511 4576 351 8 288 4513 4578
353 287 4512 4577 352 8 289 4514 4579 354
288 4513 4578 353 8 290 4515 4580 355 289
4514 4579 354 8 291 4516 4581 356 290 4515
4580 355 8 292 4517 4582 357 291 4516 4581
356 8 293 4518 4583 358 292 4517 4582 357
8 294 4519 4584 359 293 4518 4583 358 8
295 4520 4585 360 294 4519 4584 359 8 296
4521 4586 361 295 4520 4585 360 8 297 4522
4587 362 296 4521 4586 361 8 298 4523 4588
363 297 4522 4587 362 8 299 4524 4589 364
298 4523 4588 363 8 300 4525 4590 365 299
4524 4589 364 8 301 4526 4591 366 300 4525
4590 365 8 302 4527 4592 367 301 4526 4591
366 8 303 4528 4593 368 302 4527 4592 367
8 304 4529 4594 369 303 4528 4593 368 8
305 4530 4595 370 304 4529 4594 369 8 306
4531 4596 371 305 4530 4595 370 8 307 4532
4597 372 306 4531 4596 371 8 308 4533 4598
373 307 4532 4597 372 8 309 4534 4599 374
308 4533 4598 373 8 310 4535 4600 375 309
4534 4599 374 8 311 4536 4601 376 310 4535
4600 375 8 312 4537 4602 377 311 4536 4601
376 8 313 4538 4603 378 312 4537 4602 377
8 314 4539 4604 379 313 4538 4603 378 8
315 4540 4605 380 314 4539 4604 379 8 316
4541 4606 381 315 4540 4605 380 8 317 4542
4607 382 316 4541 4606 381 8 318 4543 4608
383 317 4542 4607 382 8 319 4544 4609 384
318 4543 4608 383 8 320 4545 4610 385 319
4544 4609 384 8 321 4546 4611 386 320 4545
4610 385 8 322 4547 4612 387 321 4546 4611
386 8 323 4548 4613 388 322 4547 4612 387
8 388 389 4614 4613 323 324 4549 4548 8
326 4551 4616 391 325 4550 4615 390 8 327
4552 4617 392 326 4551 4616 391 8 328 4553
4618 393 327 4552 4617 392 8 329 4554 4619
394 328 4553 4618 393 8 330 4555 4620 395
329 4554 4619 394 8 331 4556 4621 396 330
4555 4620 395 8 332 4557 4622 397 331 4556
4621 396 8 333 4558 4623 398 332 4557 4622
397 8 334 4559 4624 399 333 4558 4623 398
8 335 4560 4625 400 334 4559 4624 399 8
336 4561 4626 401 335 4560 4625 400 8 337
4562 4627 402 336 4561 4626 401 8 338 4563
4628 403 337 4562 4627 402 8 339 4564 4629
404 338 4563 4628 403 8 340 4565 4630 405
339 4564 4629 404 8 341 4566 4631 406 340
4565 4630 405 8 342 4567 4632 407 341 4566
4631 406 8 343 4568 4633 408 342 4567 4632
407 8 344 4569 4634 409 343 4568 4633 408
8 345 4570 4635 410 344 4569 4634 409 8
346 4571 4636 411 345 4570 4635 410 8 347
4572 4637 412 346 4571 4636 411 8 348 4573
4638 413 347 4572 4637 412 8 349 4574 4639
414 348 4573 4638 413 8 350 4575 4640 415
349 4574 4639 414 8 351 4576 4641 416 350
4575 4640 415 8 352 4577 4642 417 351 4576
4641 416 8 353 4578 4643 418 352 4577 4642
417 8 354 4579 4644 419 353 4578 4643 418
8 355 4580 4645 420 354 4579 4644 419 8
356 4581 4646 421 355 4580 4645 420 8 357
4582 4647 422 356 4581 4646 421 8 358 4583
4648 423 357 4582 4647 422 8 359 4584 4649
424 358 4583 4648 423 8 360 4585 4650 425
359 4584 4649 424 8 361 4586 4651 426 360
4585 4650 425 8 362 4587 4652 427 361 4586
4651 426 8 363 4588 4653 428 362 4587 4652
427 8 364 4589 4654 429 363 4588 4653 428
8 365 4590 4655 430 364 4589 4654 429 8
366 4591 4656 431 365 4590 4655 430 8 367
4592 4657 432 366 4591 4656 431 8 368 4593
4658 433 367 4592 4657 432 8 369 4594 4659
434 368 4593 4658 433 8 370 4595 4660 435
369 4594 4659 434 8 371 4596 4661 436 370
4595 4660 435 8 372 4597 4662 437 371 4596
4661 436 8 373 4598 4663 438 372 4597 4662
437 8 374 4599 4664 439 373 4598 4663 438
8 375 4600 4665 440 374 4599 4664 439 8
376 4601 4666 441 375 4600 4665 440 8 377
4602 4667 442 376 4601 4666 441 8 378 4603
4668 443 377 4602 4667 442 8 379 4604 4669
444 378 4603 4668 443 8 380 4605 4670 445
379 4604 4669 444 8 381 4606 4671 446 380
4605 4670 445 8 382 4607 4672 447 381 4606
4671 446 8 383 4608 4673 448 382 4607 4672
447 8 384 4609 4674 449 383 4608 4673 448
8 385 4610 4675 450 384 4609 4674 449 8
386 4611 4676 451 385 4610 4675 450 8 387
4612 4677 452 386 4611 4676 451 8 388 4613
4678 453 387 4612 4677 452 8 453 454 4679
4678 388 389 4614 4613 8 391 4616 4681 456
390 4615 4680 455 8 392 4617 4682 457 391
4616 4681 456 8 393 4618 4683 458 392 4617
4682 457 8 394 4619 4684 459 393 4618 4683
458 8 395 4620 4685 460 394 4619 4684 459
8 396 4621 4686 461 395 4620 4685 460 8
397 4622 4687 462 396 4621 4686 461 8 398
4623 4688 463 397 4622 4687 462 8 399 4624
4689 464 398 4623 4688 463 8 400 4625 4690
465 399 4624 4689 464 8 401 4626 4691 466
400 4625 4690 465 8 402 4627 4692 467 401
4626 4691 466 8 403 4628 4693 468 402 4627
4692 467 8 404 4629 4694 469 403 4628 4693
468 8 405 4630 4695 470 404 4629 4694 469
8 406 4631 4696 471 405 4630 4695 470 8
407 4632 4697 472 406 4631 4696 471 8 408
4633 4698 473 407 4632 4697 472 8 409 4634
4699 474 408 4633 4698 473 8 410 4635 4700
475 409 4634 4699 474 8 411 4636 4701 476
410 4635 4700 475 8 412 4637 4702 477 411
4636 4701 476 8 413 4638 4703 478 412 4637
4702 477 8 414 4639 4704 479 413 4638 4703
478 8 415 4640 4705 480 414 4639 4704 479
8 416 4641 4706 481 415 4640 4705 480 8
417 4642 4707 482 416 4641 4706 481 8 418
4643 4708 483 417 4642 4707 482 8 419 4644
4709 484 418 4643 4708 483 8 420 4645 4710
485 419 4644 4709 484 8 421 4646 4711 486
420 4645 4710 485 8 422 4647 4712 487 421
4646 4711 486 8 423 4648 4713 488 422 4647
4712 487 8 424 4649 4714 489 423 4648 4713
488 8 425 4650 4715 490 424 4649 4714 489
8 426 4651 4716 491 425 4650 4715 490 8
427 4652 4717 492 426 4651 4716 491 8 428
4653 4718 493 427 4652 4717 492 8 429 4654
4719 494 428 4653 4718 493 8 430 4655 4720
495 429 4654 4719 494 8 431 4656 4721 496
430 4655 4720 495 8 432 4657 4722 497 431
4656 4721 496 8 433 4658 4723 498 432 4657
4722 497 8 434 4659 4724 499 433 4658 4723
498 8 435 4660 4725 500 434 4659 4724 499
8 436 4661 4726 501 435 4660 4725 500 8
437 4662 4727 502 436 4661 4726 501 8 438
4663 4728 503 437 4662 4727 502 8 439 4664
4729 504 438 4663 4728 503 8 440 4665 4730
505 439 4664 4729 504 8 441 4666 4731 506
440 4665 4730 505 8 442 4667 4732 507 441
4666 4731 506 8 443 4668 4733 508 442 4667
4732 507 8 444 4669 4734 509 443 4668 4733
508 8 445 4670 4735 510 444 4669 4734 509
8 446 4671 4736 511 445 4670 4735 510 8
447 4672 4737 512 446 4671 4736 511 8 448
4673 4738 513 447 4672 4737 512 8 449 4674
4739 514 448 4673 4738 513 8 450 4675 4740
515 449 4674 4739 514 8 451 4676 4741 516
450 4675 4740 515 8 452 4677 4742 517 451
4676 4741 516 8 453 4678 4743 518 452 4677
4742 517 8 518 519 4744 4743 453 454 4679
4678 8 456 4681 4746 521 455 4680 4745 520
8 457 4682 4747 522 456 4681 4746 521 8
458 4683 4748 523 457 4682 4747 522 8 459
4684 4749 524 458 4683 4748 523 8 460 4685
4750 525 459 4684 4749 524 8 461 4686 4751
526 460 4685 4750 525 8 462 4687 4752 527
461 4686 4751 526 8 463 4688 4753 528 462
4687 4752 527 8 464 4689 4754 529 463 4688
4753 528 8 465 4690 4755 530 464 4689 4754
529 8 466 4691 4756 531 465 4690 4755 530
8 467 4692 4757 532 466 4691 4756 531 8
468 4693 4758 533 467 4692 4757 532 8 469
4694 4759 534 468 4693 4758 533 8 470 4695
4760 535 469 4694 4759 534 8 471 4696 4761
536 470 4695 4760 535 8 472 4697 4762 537
471 4696 4761 536 8 473 4698 4763 538 472
4697 4762 537 8 474 4699 4764 539 473 4698
4763 538 8 475 4700 4765 540 474 4699 4764
539 8 476 4701 4766 541 475 4700 4765 540
8 477 4702 4767 542 476 4701 4766 541 8
478 4703 4768 543 477 4702 4767 542 8 479
4704 4769 544 478 4703 4768 543 8 480 4705
4770 545 479 4704 4769 544 8 481 4706 4771
546 480 4705 4770 545 8 482 4707 4772 547
481 4706 4771 546 8 483 4708 4773 548 482
4707 4772 547 8 484 4709 4774 549 483 4708
4773 548 8 485 4710 4775 550 484 4709 4774
549 8 486 4711 4776 551 485 4710 4775 550
8 487 4712 4777 552 486 4711 4776 551 8
488 4713 4778 553 487 4712 4777 552 8 489
4714 4779 554 488 4713 4778 553 8 490 4715
4780 555 489 4714 4779 554 8 491 4716 4781
556 490 4715 4780 555 8 492 4717 4782 557
491 4716 4781 556 8 493 4718 4783 558 492
4717 4782 557 8 494 4719 4784 559 493 4718
4783 558 8 495 4720 4785 560 494 4719 4784
559 8 496 4721 4786 561 495 4720 4785 560
8 497 4722 4787 562 496 4721 4786 561 8
498 4723 4788 563 497 4722 4787 562 8 499
4724 4789 564 498 4723 4788 563 8 500 4725
4790 565 499 4724 4789 564 8 501 4726 4791
566 500 4725 4790 565 8 502 4727 4792 567
501 4726 4791 566 8 503 4728 4793 568 502
4727 4792 567 8 504 4729 4794 569 503 4728
4793 568 8 505 4730 4795 570 504 4729 4794
569 8 506 4731 4796 571 505 4730 4795 570
8 507 4732 4797 572 506 4731 4796 571 8
508 4733 4798 573 507 4732 4797 572 8 509
4734 4799 574 508 4733 4798 573 8 510 4735
4800 575 509 4734 4799 574 8 511 4736 4801
576 510 4735 4800 575 8 512 4737 4802 577
511 4736 4801 576 8 513 4738 4803 578 512
4737 4802 577 8 514 4739 4804 579 513 4738
4803 578 8 515 4740 4805 580 514 4739 4804
579 8 516 4741 4806 581 515 4740 4805 580
8 517 4742 4807 582 516 4741 4806 581 8
518 4743 4808 583 517 4742 4807 582 8 583
584 4809 4808 518 519 4744 4743 8 521 4746
4811 586 520 4745 4810 585 8 522 4747 4812
587 521 4746 4811 586 8 523 4748 4813 588
522 4747 4812 587 8 524 4749 4814 589 523
4748 4813 588 8 525 4750 4815 590 524 4749
4814 589 8 526 4751 4816 591 525 4750 4815
590 8 527 4752 4817 592 526 4751 4816 591
8 528 4753 4818 593 527 4752 4817 592 8
529 4754 4819 594 528 4753 4818 593 8 530
4755 4820 595 529 4754 4819 594 8 531 4756
4821 596 530 4755 4820 595 8 532 4757 4822
597 531 4756 4821 596 8 533 4758 4823 598
532 4757 4822 597 8 534 4759 4824 599 533
4758 4823 598 8 535 4760 4825 600 534 4759
4824 599 8 536 4761 4826 601 535 4760 4825
600 8 537 4762 4827 602 536 4761 4826 601
8 538 4763 4828 603 537 4762 4827 602 8
539 4764 4829 604 538 4763 4828 603 8 540
4765 4830 605 539 4764 4829 604 8 541 4766
4831 606 540 4765 4830 605 8 542 4767 4832
607 541 4766 4831 606 8 543 4768 4833 608
542 4767 4832 607 8 544 4769 4834 609 543
4768 4833 608 8 545 4770 4835 610 544 4769
4834 609 8 546 4771 4836 611 545 4770 4835
610 8 547 4772 4837 612 546 4771 4836 611
8 548 4773 4838 613 547 4772 4837 612 8
549 4774 4839 614 548 4773 4838 613 8 550
4775 4840 615 549 4774 4839 614 8 551 4776
4841 616 550 4775 4840 615 8 552 4777 4842
617 551 4776 4841 616 8 553 4778 4843 618
552 4777 4842 617 8 554 4779 4844 619 553
4778 4843 618 8 555 4780 4845 620 554 4779
4844 619 8 556 4781 4846 621 555 4780 4845
620 8 557 4782 4847 622 556 4781 4846 621
8 558 4783 4848 623 557 4782 4847 622 8
559 4784 4849 624 558 4783 4848 623 8 560
4785 4850 625 559 4784 4849 624 8 561 4786
4851 626 560 4785 4850 625 8 562 4787 4852
627 561 4786 4851 626 8 563 4788 4853 628
562 4787 4852 627 8 564 4789 4854 629 563
4788 4853 628 8 565 4790 4855 630 564 4789
4854 629 8 566 4791 4856 631 565 4790 4855
630 8 567 4792 4857 632 566 4791 4856 631
8 568 4793 4858 633 567 4792 4857 632 8
569 4794 4859 634 568 4793 4858 633 8 570
4795 4860 635 569 4794 4859 634 8 571 4796
4861 636 570 4795 4860 635 8 572 4797 4862
637 571 4796 4861 636 8 573 4798 4863 638
572 4797 4862 637 8 574 4799 4864 639 573
4798 4863 638 8 575 4800 4865 640 574 4799
4864 639 8 576 4801 4866 641 575 4800 4865
640 8 577 4802 4867 642 576 4801 4866 641
8 578 4803 4868 643 577 4802 4867 642 8
579 4804 4869 644 578 4803 4868 643 8 580
4805 4870 645 579 4804 4869 644 8 581 4806
4871 646 580 4805 4870 645 8 582 4807 4872
647 581 4806 4871 646 8 583 4808 4873 648
582 4807 4872 647 8 648 649 4874 4873 583
584 4809 4808 8 586 4811 4876 651 585 4810
4875 650 8 587 4812 4877 652 586 4811 4876
651 8 588 4813 4878 653 587 4812 4877 652
8 589 4814 4879 654 588 4813 4878 653 8
590 4815 4880 655 589 4814 4879 654 8 591
4816 4881 656 590 4815 4880 655 8 592 4817
4882 657 591 4816 4881 656 8 593 4818 4883
658 592 4817 4882 657 8 594 4819 4884 659
593 4818 4883 658 8 595 4820 4885 660 594
4819 4884 659 8 596 4821 4886 661 595 4820
4885 660 8 597 4822 4887 662 596 4821 4886
661 8 598 4823 4888 663 597 4822 4887 662
8 599 4824 4889 664 598 4823 4888 663 8
600 4825 4890 665 599 4824 4889 664 8 601
4826 4891 666 600 4825 4890 665 8 602 4827
4892 667 601 4826 4891 666 8 603 4828 4893
668 602 4827 4892 667 8 604 4829 4894 669
603 4828 4893 668 8 605 4830 4895 670 604
4829 4894 669 8 606 4831 4896 671 605 4830
4895 670 8 607 4832 4897 672 606 4831 4896
671 8 608 4833 4898 673 607 4832 4897 672
8 609 4834 4899 674 608 4833 4898 673 8
610 4835 4900 675 609 4834 4899 674 8 611
4836 4901 676 610 4835 4900 675 8 612 4837
4902 677 611 4836 4901 676 8 613 4838 4903
678 612 4837 4902 677 8 614 4839 4904 679
613 4838 4903 678 8 615 4840 4905 680 614
4839 4904 679 8 616 4841 4906 681 615 4840
4905 680 8 617 4842 4907 682 616 4841 4906
681 8 618 4843 4908 683 617 4842 4907 682
8 619 4844 4909 684 618 4843 4908 683 8
620 4845 4910 685 619 4844 4909 684 8 621
4846 4911 686 620 4845 4910 685 8 622 4847
4912 687 621 4846 4911 686 8 623 4848 4913
688 622 4847 4912 687 8 624 4849 4914 689
623 4848 4913 688 8 625 4850 4915 690 624
4849 4914 689 8 626 4851 4916 691 625 4850
4915 690 8 627 4852 4917 692 626 4851 4916
691 8 628 4853 4918 693 627 4852 4917 692
8 629 4854 4919 694 628 4853 4918 693 8
630 4855 4920 695 629 4854 4919 694 8 631
4856 4921 696 630 4855 4920 695 8 632 4857
4922 697 631 4856 4921 696 8 633 4858 4923
698 632 4857 4922 697 8 634 4859 4924 699
633 4858 4923 698 8 635 4860 4925 700 634
4859 4924 699 8 636 4861 4926 701 635 4860
4925 700 8 637 4862 4927 702 636 4861 4926
701 8 638 4863 4928 703 637 4862 4927 702
8 639 4864 4929 704 638 4863 4928 703 8
640 4865 4930 705 639 4864 4929 704 8 641
4866 4931 706 640 4865 4930 705 8 642 4867
4932 707 641 4866 4931 706 8 643 4868 4933
708 642 4867 4932 707 8 644 4869 4934 709
643 4868 4933 708 8 645 4870 4935 710 644
4869 4934 709 8 646 4871 4936 711 645 4870
4935 710 8 647 4872 4937 712 646 4871 4936
711 8 648 4873 4938 713 647 4872 4937 712
8 713 714 4939 4938 648 649 4874 4873 8
651 4876 4941 716 650 4875 4940 715 8 652
4877 4942 717 651 4876 4941 716 8 653 4878
4943 718 652 4877 4942 717 8 654 4879 4944
719 653 4878 4943 718 8 655 4880 4945 720
654 4879 4944 719 8 656 4881 4946 721 655
4880 4945 720 8 657 4882 4947 722 656 4881
4946 721 8 658 4883 4948 723 657 4882 4947
722 8 659 4884 4949 724 658 4883 4948 723
8 660 4885 4950 725 659 4884 4949 724 8
661 4886 4951 726 660 4885 4950 725 8 662
4887 4952 727 661 4886 4951 726 8 663 4888
4953 728 662 4887 4952 727 8 664 4889 4954
729 663 4888 4953 728 8 665 4890 4955 730
664 4889 4954 729 8 666 4891 4956 731 665
4890 4955 730 8 667 4892 4957 732 666 4891
4956 731 8 668 4893 4958 733 667 4892 4957
732 8 669 4894 4959 734 668 4893 4958 733
8 670 4895 4960 735 669 4894 4959 734 8
671 4896 4961 736 670 4895 4960 735 8 672
4897 4962 737 671 4896 4961 736 8 673 4898
4963 738 672 4897 4962 737 8 674 4899 4964
739 673 4898 4963 738 8 675 4900 4965 740
674 4899 4964 739 8 676 4901 4966 741 675
4900 4965 740 8 677 4902 4967 742 676 4901
4966 741 8 678 4903 4968 743 677 4902 4967
742 8 679 4904 4969 744 678 4903 4968 743
8 680 4905 4970 745 679 4904 4969 744 8
681 4906 4971 746 680 4905 4970 745 8 682
4907 4972 747 681 4906 4971 746 8 683 4908
4973 748 682 4907 4972 747 8 684 4909 4974
749 683 4908 4973 748 8 685 4910 4975 750
684 4909 4974 749 8 686 4911 4976 751 685
4910 4975 750 8 687 4912 4977 752 686 4911
4976 751 8 688 4913 4978 753 687 4912 4977
752 8 689 4914 4979 754 688 4913 4978 753
8 690 4915 4980 755 689 4914 4979 754 8
691 4916 4981 756 690 4915 4980 755 8 692
4917 4982 757 691 4916 4981 756 8 693 4918
4983 758 692 4917 4982 757 8 694 4919 4984
759 693 4918 4983 758 8 695 4920 4985 760
694 4919 4984 759 8 696 4921 4986 761 695
4920 4985 760 8 697 4922 4987 762 696 4921
4986 761 8 698 4923 4988 763 697 4922 4987
762 8 699 4924 4989 764 698 4923 4988 763
8 700 4925 4990 765 699 4924 4989 764 8
701 4926 4991 766 700 4925 4990 765 8 702
4927 4992 767 701 4926 4991 766 8 703 4928
4993 768 702 4927 4992 767 8 704 4929 4994
769 703 4928 4993 768 8 705 4930 4995 770
704 4929 4994 769 8 706 4931 4996 771 705
4930 4995 770 8 707 4932 4997 772 706 4931
4996 771 8 708 4933 4998 773 707 4932 4997
772 8 709 4934 4999 774 708 4933 4998 773
8 710 4935 5000 775 709 4934 4999 774 8
711 4936 5001 776 710 4935 5000 775 8 712
4937 5002 777 711 4936 5001 776 8 713 4938
5003 778 712 4937 5002 777 8 778 779 5004
5003 713 714 4939 4938 8 716 4941 5006 781
715 4940 5005 780 8 717 4942 5007 782 716
4941 5006 781 8 718 4943 5008 783 717 4942
5007 782 8 719 4944 5009 784 718 4943 5008
783 8 720 4945 5010 785 719 4944 5009 784
8 721 4946 5011 786 720 4945 5010 785 8
722 4947 5012 787 721 4946 5011 786 8 723
4948 5013 788 722 4947 5012 787 8 724 4949
5014 789 723 4948 5013 788 8 725 4950 5015
790 724 4949 5014 789 8 726 4951 5016 791
725 4950 5015 790 8 727 4952 5017 792 726
4951 5016 791 8 728 4953 5018 793 727 4952
5017 792 8 729 4954 5019 794 728 4953 5018
793 8 730 4955 5020 795 729 4954 5019 794
8 731 4956 5021 796 730 4955 5020 795 8
732 4957 5022 797 731 4956 5021 796 8 733
4958 5023 798 732 4957 5022 797 8 734 4959
5024 799 733 4958 5023 798 8 735 4960 5025
800 734 4959 5024 799 8 736 4961 5026 801
735 4960 5025 800 8 737 4962 5027 802 736
4961 5026 801 8 738 4963 5028 803 737 4962
5027 802 8 739 4964 5029 804 738 4963 5028
803 8 740 4965 5030 805 739 4964 5029 804
8 741 4966 5031 806 740 4965 5030 805 8
742 4967 5032 807 741 4966 5031 806 8 743
4968 5033 808 742 4967 5032 807 8 744 4969
5034 809 743 4968 5033 808 8 745 4970 5035
810 744 4969 5034 809 8 746 4971 5036 811
745 4970 5035 810 8 747 4972 5037 812 746
4971 5036 811 8 748 4973 5038 813 747 4972
5037 812 8 749 4974 5039 814 748 4973 5038
813 8 750 4975 5040 815 749 4974 5039 814
8 751 4976 5041 816 750 4975 5040 815 8
752 4977 5042 817 751 4976 5041 816 8 753
4978 5043 818 752 4977 5042 817 8 754 4979
5044 819 753 4978 5043 818 8 755 4980 5045
820 754 4979 5044 819 8 756 4981 5046 821
755 4980 5045 820 8 757 4982 5047 822 756
4981 5046 821 8 758 4983 5048 823 757 4982
5047 822 8 759 4984 5049 824 758 4983 5048
823 8 760 4985 5050 825 759 4984 5049 824
8 761 4986 5051 826 760 4985 5050 825 8
762 4987 5052 827 761 4986 5051 826 8 763
4988 5053 828 762 4987 5052 827 8 764 4989
5054 829 763 4988 5053 828 8 765 4990 5055
830 764 4989 5054 829 8 766 4991 5056 831
765 4990 5055 830 8 767 4992 5057 832 766
4991 5056 831 8 768 4993 5058 833 767 4992
5057 832 8 769 4994 5059 834 768 4993 5058
833 8 770 4995 5060 835 769 4994 5059 834
8 771 4996 5061 836 770 4995 5060 835 8
772 4997 5062 837 771 4996 5061 836 8 773
4998 5063 838 772 4997 5062 837 8 774 4999
5064 839 773 4998 5063 838 8 775 5000 5065
840 774 4999 5064 839 8 776 5001 5066 841
775 5000 5065 840 8 777 5002 5067 842 776
5001 5066 841 8 778 5003 5068 843 777 5002
5067 842 8 843 844 5069 5068 778 779 5004
5003 8 781 5006 5071 846 780 5005 5070 845
8 782 5007 5072 847 781 5006 5071 846 8
783 5008 5073 848 782 5007 5072 847 8 784
5009 5074 849 783 5008 5073 848 8 785 5010
5075 850 784 5009 5074 849 8 786 5011 5076
851 785 5010 5075 850 8 787 5012 5077 852
786 5011 5076 851 8 788 5013 5078 853 787
5012 5077 852 8 789 5014 5079 854 788 5013
5078 853 8 790 5015 5080 855 789 5014 5079
854 8 791 5016 5081 856 790 5015 5080 855
8 792 5017 5082 857 791 5016 5081 856 8
793 5018 5083 858 792 5017 5082 857 8 794
5019 5084 859 793 5018 5083 858 8 795 5020
5085 860 794 5019 5084 859 8 796 5021 5086
861 795 5020 5085 860 8 797 5022 5087 862
796 5021 5086 861 8 798 5023 5088 863 797
5022 5087 862 8 799 5024 5089 864 798 5023
5088 863 8 800 5025 5090 865 799 5024 5089
864 8 801 5026 5091 866 800 5025 5090 865
8 802 5027 5092 867 801 5026 5091 866 8
803 5028 5093 868 802 5027 5092 867 8 804
5029 5094 869 803 5028 5093 868 8 805 5030
5095 870 804 5029 5094 869 8 806 5031 5096
871 805 5030 5095 870 8 807 5032 5097 872
806 5031 5096 871 8 808 5033 5098 873 807
5032 5097 872 8 809 5034 5099 874 808 5033
5098 873 8 810 5035 5100 875 809 5034 5099
874 8 811 5036 5101 876 810 5035 5100 875
8 812 5037 5102 877 811 5036 5101 876 8
813 5038 5103 878 812 5037 5102 877 8 814
5039 5104 879 813 5038 5103 878 8 815 5040
5105 880 814 5039 5104 879 8 816 5041 5106
881 815 5040 5105 880 8 817 5042 5107 882
816 5041 5106 881 8 818 5043 5108 883 817
5042 5107 882 8 819 5044 5109 884 818 5043
5108 883 8 820 5045 5110 885 819 5044 5109
884 8 821 5046 5111 886 820 5045 5110 885
8 822 5047 5112 887 821 5046 5111 886 8
823 5048 5113 888 822 5047 5112 887 8 824
5049 5114 889 823 5048 5113 888 8 825 5050
5115 890 824 5049 5114 889 8 826 5051 5116
891 825 5050 5115 890 8 827 5052 5117 892
826 5051 5116 891 8 828 5053 5118 893 827
5052 5117 892 8 829 5054 5119 894 828 5053
5118 893 8 830 5055 5120 895 829 5054 5119
894 8 831 5056 5121 896 830 5055 5120 895
8 832 5057 5122 897 831 5056 5121 896 8
833 5058 5123 898 832 5057 5122 897 8 834
5059 5124 899 833 5058 5123 898 8 835 5060
5125 900 834 5059 5124 899 8 836 5061 5126
901 835 5060 5125 900 8 837 5062 5127 902
836 5061 5126 901 8 838 5063 5128 903 837
5062 5127 902 8 839 5064 5129 904 838 5063
5128 903 8 840 5065 5130 905 839 5064 5129
904 8 841 5066 5131 906 840 5065 5130 905
8 842 5067 5132 907 841 5066 5131 906 8
843 5068 5133 908 842 5067 5132 907 8 908
909 5134 5133 843 844 5069 5068 8 846 5071
5136 911 845 5070 5135 910 8 847 5072 5137
912 846 5071 5136 911 8 848 5073 5138 913
847 5072 5137 912 8 849 5074 5139 914 848
5073 5138 913 8 850 5075 5140 915 849 5074
5139 914 8 851 5076 5141 916 850 5075 5140
915 8 852 5077 5142 917 851 5076 5141 916
8 853 5078 5143 918 852 5077 5142 917 8
854 5079 5144 919 853 5078 5143 918 8 855
5080 5145 920 854 5079 5144 919 8 856 5081
5146 921 855 5080 5145 920 8 857 5082 5147
922 856 5081 5146 921 8 858 5083 5148 923
857 5082 5147 922 8 859 5084 5149 924 858
5083 5148 923 8 860 5085 5150 925 859 5084
5149 924 8 861 5086 5151 926 860 5085 5150
925 8 862 5087 5152 927 861 5086 5151 926
8 863 5088 5153 928 862 5087 5152 927 8
864 5089 5154 929 863 5088 5153 928 8 865
5090 5155 930 864 5089 5154 929 8 866 5091
5156 931 865 5090 5155 930 8 867 5092 5157
932 866 5091 5156 931 8 868 5093 5158 933
867 5092 5157 932 8 869 5094 5159 934 868
5093 5158 933 8 870 5095 5160 935 869 5094
5159 934 8 871 5096 5161 936 870 5095 5160
935 8 872 5097 5162 937 871 5096 5161 936
8 873 5098 5163 938 872 5097 5162 937 8
874 5099 5164 939 873 5098 5163 938 8 875
5100 5165 940 874 5099 5164 939 8 876 5101
5166 941 875 5100 5165 940 8 877 5102 5167
942 876 5101 5166 941 8 878 5103 5168 943
877 5102 5167 942 8 879 5104 5169 944 878
5103 5168 943 8 880 5105 5170 945 879 5104
5169 944 8 881 5106 5171 946 880 5105 5170
945 8 882 5107 5172 947 881 5106 5171 946
8 883 5108 5173 948 882 5107 5172 947 8
884 5109 5174 949 883 5108 5173 948 8 885
5110 5175 950 884 5109 5174 949 8 886 5111
5176 951 885 5110 5175 950 8 887 5112 5177
952 886 5111 5176 951 8 888 5113 5178 953
887 5112 5177 952 8 889 5114 5179 954 888
5113 5178 953 8 890 5115 5180 955 889 5114
5179 954 8 891 5116 5181 956 890 5115 5180
955 8 892 5117 5182 957 891 5116 5181 956
8 893 5118 5183 958 892 5117 5182 957 8
894 5119 5184 959 893 5118 5183 958 8 895
5120 5185 960 894 5119 5184 959 8 896 5121
5186 961 895 5120 5185 960 8 897 5122 5187
962 896 5121 5186 961 8 898 5123 5188 963
897 5122 5187 962 8 899 5124 5189 964 898
5123 5188 963 8 900 5125 5190 965 899 5124
5189 964 8 901 5126 5191 966 900 5125 5190
965 8 902 5127 5192 967 901 5126 5191 966
8 903 5128 5193 968 902 5127 5192 967 8
904 5129 5194 969 903 5128 5193 968 8 905
5130 5195 970 904 5129 5194 969 8 906 5131
5196 971 905 5130 5195 970 8 907 5132 5197
972 906 5131 5196 971 8 908 5133 5198 973
907 5132 5197 972 8 973 974 5199 5198 908
909 5134 5133 8 911 5136 5201 976 910 5135
5200 975 8 912 5137 5202 977 911 5136 5201
976 8 913 5138 5203 978 912 5137 5202 977
8 914 5139 5204 979 913 5138 5203 978 8
915 5140 5205 980 914 5139 5204 979 8 916
5141 5206 981 915 5140 5205 980 8 917 5142
5207 982 916 5141 5206 981 8 918 5143 5208
983 917 5142 5207 982 8 919 5144 5209 984
918 5143 5208 983 8 920 5145 5210 985 919
5144 5209 984 8 921 5146 5211 986 920 5145
5210 985 8 922 5147 5212 987 921 5146 5211
986 8 923 5148 5213 988 922 5147 5212 987
8 924 5149 5214 989 923 5148 5213 988 8
925 5150 5215 990 924 5149 5214 989 8 926
5151 5216 991 925 5150 5215 990 8 927 5152
5217 992 926 5151 5216 991 8 928 5153 5218
993 927 5152 5217 992 8 929 5154 5219 994
928 5153 5218 993 8 930 5155 5220 995 929
5154 5219 994 8 931 5156 5221 996 930 5155
5220 995 8 932 5157 5222 997 931 5156 5221
996 8 933 5158 5223 998 932 5157 5222 997
8 934 5159 5224 999 933 5158 5223 998 8
935 5160 5225 1000 934 5159 5224 999 8 936
5161 5226 1001 935 5160 5225 1000 8 937 5162
5227 1002 936 5161 5226 1001 8 938 5163 5228
1003 937 5162 5227 1002 8 939 5164 5229 1004
938 5163 5228 1003 8 940 5165 5230 1005 939
5164 5229 1004 8 941 5166 5231 1006 940 5165
5230 1005 8 942 5167 5232 1007 941 5166 5231
1006 8 943 5168 5233 1008 942 5167 5232 1007
8 944 5169 5234 1009 943 5168 5233 1008 8
945 5170 5235 1010 944 5169 5234 1009 8 946
5171 5236 1011 945 5170 5235 1010 8 947 5172
5237 1012 946 5171 5236 1011 8 948 5173 5238
1013 947 5172 5237 1012 8 949 5174 5239 1014
948 5173 5238 1013 8 950 5175 5240 1015 949
5174 5239 1014 8 951 5176 5241 1016 950 5175
5240 1015 8 952 5177 5242 1017 951 5176 5241
1016 8 953 5178 5243 1018 952 5177 5242 1017
8 954 5179 5244 1019 953 5178 5243 1018 8
955 5180 5245 1020 954 5179 5244 1019 8 956
5181 5246 1021 955 5180 5245 1020 8 957 5182
5247 1022 956 5181 5246 1021 8 958 5183 5248
1023 957 5182 5247 1022 8 959 5184 5249 1024
958 5183 5248 1023 8 960 5185 5250 1025 959
5184 5249 1024 8 961 5186 5251 1026 960 5185
5250 1025 8 962 5187 5252 1027 961 5186 5251
1026 8 963 5188 5253 1028 962 5187 5252 1027
8 964 5189 5254 1029 963 5188 5253 1028 8
965 5190 5255 1030 964 5189 5254 1029 8 966
5191 5256 1031 965 5190 5255 1030 8 967 5192
5257 1032 966 5191 5256 1031 8 968 5193 5258
1033 967 5192 5257 1032 8 969 5194 5259 1034
968 5193 5258 1033 8 970 5195 5260 1035 969
5194 5259 1034 8 971 5196 5261 1036 970 5195
5260 1035 8 972 5197 5262 1037 971 5196 5261
1036 8 973 5198 5263 1038 972 5197 5262 1037
8 1038 1039 5264 5263 973 974 5199 5198 8
976 5201 5266 1041 975 5200 5265 1040 8 977
5202 5267 1042 976 5201 5266 1041 8 978 5203
5268 1043 977 5202 5267 1042 8 979 5204 5269
1044 978 5203 5268 1043 8 980 5205 5270 1045
979 5204 5269 1044 8 981 5206 5271 1046 980
5205 5270 1045 8 982 5207 5272 1047 981 5206
5271 1046 8 983 5208 5273 1048 982 5207 5272
1047 8 984 5209 5274 1049 983 5208 5273 1048
8 985 5210 5275 1050 984 5209 5274 1049 8
986 5211 5276 1051 985 5210 5275 1050 8 987
5212 5277 1052 986 5211 5276 1051 8 988 5213
5278 1053 987 5212 5277 1052 8 989 5214 5279
1054 988 5213 5278 1053 8 990 5215 5280 1055
989 5214 5279 1054 8 991 5216 5281 1056 990
5215 5280 1055 8 992 5217 5282 1057 991 5216
5281 1056 8 993 5218 5283 1058 992 5217 5282
1057 8 994 5219 5284 1059 993 5218 5283 1058
8 995 5220 5285 1060 994 5219 5284 1059 8
996 5221 5286 1061 995 5220 5285 1060 8 997
5222 5287 1062 996 5221 5286 1061 8 998 5223
5288 1063 997 5222 5287 1062 8 999 5224 5289
1064 998 5223 5288 1063 8 1000 5225 5290 1065
999 5224 5289 1064 8 1001 5226 5291 1066 1000
5225 5290 1065 8 1002 5227 5292 1067 1001 5226
5291 1066 8 1003 5228 5293 1068 1002 5227 5292
1067 8 1004 5229 5294 1069 1003 5228 5293 1068
8 1005 5230 5295 1070 1004 5229 5294 1069 8
1006 5231 5296 1071 1005 5230 5295 1070 8 1007
5232 5297 1072 1006 5231 5296 1071 8 1008 5233
5298 1073 1007 5232 5297 1072 8 1009 5234 5299
1074 1008 5233 5298 1073 8 1010 5235 5300 1075
1009 5234 5299 1074 8 1011 5236 5301 1076 1010
5235 5300 1075 8 1012 5237 5302 1077 1011 5236
5301 1076 8 1013 5238 5303 1078 1012 5237 5302
1077 8 1014 5239 5304 1079 1013 5238 5303 1078
8 1015 5240 5305 1080 1014 5239 5304 1079 8
1016 5241 5306 1081 1015 5240 5305 1080 8 1017
5242 5307 1082 1016 5241 5306 1081 8 1018 5243
5308 1083 1017 5242 5307 1082 8 1019 5244 5309
1084 1018 5243 5308 1083 8 1020 5245 5310 1085
1019 5244 5309 1084 8 1021 5246 5311 1086 1020
5245 5310 1085 8 1022 5247 5312 1087 1021 5246
5311 1086 8 1023 5248 5313 1088 1022 5247 5312
1087 8 1024 5249 5314 1089 1023 5248 5313 1088
8 1025 5250 5315 1090 1024 5249 5314 1089 8
1026 5251 5316 1091 1025 5250 5315 1090 8 1027
5252 5317 1092 1026 5251 5316 1091 8 1028 5253
5318 1093 1027 5252 5317 1092 8 1029 5254 5319
1094 1028 5253 5318 1093 8 1030 5255 5320 1095
1029 5254 5319 1094 8 1031 5256 5321 1096 1030
5255 5320 1095 8 1032 5257 5322 1097 1031 5256
5321 1096 8 1033 5258 5323 1098 1032 5257 5322
1097 8 1034 5259 5324 1099 1033 5258 5323 1098
8 1035 5260 5325 1100 1034 5259 5324 1099 8
1036 5261 5326 1101 1035 5260 5325 1100 8 1037
5262 5327 1102 1036 5261 5326 1101 8 1038 5263
5328 1103 1037 5262 5327 1102 8 1103 1104 5329
5328 1038 1039 5264 5263 8 1041 5266 5331 1106
1040 5265 5330 1105 8 1042 5267 5332 1107 1041
5266 5331 1106 8 1043 5268 5333 1108 1042 5267
5332 1107 8 1044 5269 5334 1109 1043 5268 5333
1108 8 1045 5270 5335 1110 1044 5269 5334 1109
8 1046 5271 5336 1111 1045 5270 5335 1110 8
1047 5272 5337 1112 1046 5271 5336 1111 8 1048
5273 5338 1113 1047 5272 5337 1112 8 1049 5274
5339 1114 1048 5273 5338 1113 8 1050 5275 5340
1115 1049 5274 5339 1114 8 1051 5276 5341 1116
1050 5275 5340 1115 8 1052 5277 5342 1117 1051
5276 5341 1116 8 1053 5278 5343 1118 1052 5277
5342 1117 8 1054 5279 5344 1119 1053 5278 5343
1118 8 1055 5280 5345 1120 1054 5279 5344 1119
8 1056 5281 5346 1121 1055 5280 5345 1120 8
1057 5282 5347 1122 1056 5281 5346 1121 8 1058
5283 5348 1123 1057 5282 5347 1122 8 1059 5284
5349 1124 1058 5283 5348 1123 8 1060 5285 5350
1125 1059 5284 5349 1124 8 1061 5286 5351 1126
1060 5285 5350 1125 8 1062 5287 5352 1127 1061
5286 5351 1126 8 1063 5288 5353 1128 1062 5287
5352 1127 8 1064 5289 5354 1129 1063 5288 5353
1128 8 1065 5290 5355 1130 1064 5289 5354 1129
8 1066 5291 5356 1131 1065 5290 5355 1130 8
1067 5292 5357 1132 1066 5291 5356 1131 8 1068
5293 5358 1133 1067 5292 5357 1132 8 1069 5294
5359 1134 1068 5293 5358 1133 8 1070 5295 5360
1135 1069 5294 5359 1134 8 1071 5296 5361 1136
1070 5295 5360 1135 8 1072 5297 5362 1137 1071
5296 5361 1136 8 1073 5298 5363 1138 1072 5297
5362 1137 8 1074 5299 5364 1139 1073 5298 5363
1138 8 1075 5300 5365 1140 1074 5299 5364 1139
8 1076 5301 5366 1141 1075 5300 5365 1140 8
1077 5302 5367 1142 1076 5301 5366 1141 8 1078
5303 5368 1143 1077 5302 5367 1142 8 1079 5304
5369 1144 1078 5303 5368 1143 8 1080 5305 5370
1145 1079 5304 5369 1144 8 1081 5306 5371 1146
1080 5305 5370 1145 8 1082 5307 5372 1147 1081
5306 5371 1146 8 1083 5308 5373 1148 1082 5307
5372 1147 8 1084 5309 5374 1149 1083 5308 5373
1148 8 1085 5310 5375 1150 1084 5309 5374 1149
8 1086 5311 5376 1151 1085 5310 5375 1150 8
1087 5312 5377 1152 1086 5311 5376 1151 8 1088
5313 5378 1153 1087 5312 5377 1152 8 1089 5314
5379 1154 1088 5313 5378 1153 8 1090 5315 5380
1155 1089 5314 5379 1154 8 1091 5316 5381 1156
1090 5315 5380 1155 8 1092 5317 5382 1157 1091
5316 5381 1156 8 1093 5318 5383 1158 1092 5317
5382 1157 8 1094 5319 5384 1159 1093 5318 5383
1158 8 1095 5320 5385 1160 1094 5319 5384 1159
8 1096 5321 5386 1161 1095 5320 5385 1160 8
1097 5322 5387 1162 1096 5321 5386 1161 8 1098
5323 5388 1163 1097 5322 5387 1162 8 1099 5324
5389 1164 1098 5323 5388 1163 8 1100 5325 5390
1165 1099 5324 5389 1164 8 1101 5326 5391 1166
1100 5325 5390 1165 8 1102 5327 5392 1167 1101
5326 5391 1166 8 1103 5328 5393 1168 1102 5327
5392 1167 8 1168 1169 5394 5393 1103 1104 5329
5328 8 1106 5331 5396 1171 1105 5330 5395 1170
8 1107 5332 5397 1172 1106 5331 5396 1171 8
1108 5333 5398 1173 1107 5332 5397 1172 8 1109
5334 5399 1174 1108 5333 5398 1173 8 1110 5335
5400 1175 1109 5334 5399 1174 8 1111 5336 5401
1176 1110 5335 5400 1175 8 1112 5337 5402 1177
1111 5336 5401 1176 8 1113 5338 5403 1178 1112
5337 5402 1177 8 1114 5339 5404 1179 1113 5338
5403 1178 8 1115 5340 5405 1180 1114 5339 5404
1179 8 1116 5341 5406 1181 1115 5340 5405 1180
8 1117 5342 5407 1182 1116 5341 5406 1181 8
1118 5343 5408 1183 1117 5342 5407 1182 8 1119
5344 5409 1184 1118 5343 5408 1183 8 1120 5345
5410 1185 1119 5344 5409 1184 8 1121 5346 5411
1186 1120 5345 5410 1185 8 1122 5347 5412 1187
1121 5346 5411 1186 8 1123 5348 5413 1188 1122
5347 5412 1187 8 1124 5349 5414 1189 1123 5348
5413 1188 8 1125 5350 5415 1190 1124 5349 5414
1189 8 1126 5351 5416 1191 1125 5350 5415 1190
8 1127 5352 5417 1192 1126 5351 5416 1191 8
1128 5353 5418 1193 1127 5352 5417 1192 8 1129
5354 5419 1194 1128 5353 5418 1193 8 1130 5355
5420 1195 1129 5354 5419 1194 8 1131 5356 5421
1196 1130 5355 5420 1195 8 1132 5357 5422 1197
1131 5356 5421 1196 8 1133 5358 5423 1198 1132
5357 5422 1197 8 1134 5359 5424 1199 1133 5358
5423 1198 8 1135 5360 5425 1200 1134 5359 5424
1199 8 1136 5361 5426 1201 1135 5360 5425 1200
8 1137 5362 5427 1202 1136 5361 5426 1201 8
1138 5363 5428 1203 1137 5362 5427 1202 8 1139
5364 5429 1204 1138 5363 5428 1203 8 1140 5365
5430 1205 1139 5364 5429 1204 8 1141 5366 5431
1206 1140 5365 5430 1205 8 1142 5367 5432 1207
1141 5366 5431 1206 8 1143 5368 5433 1208 1142
5367 5432 1207 8 1144 5369 5434 1209 1143 5368
5433 1208 8 1145 5370 5435 1210 1144 5369 5434
1209 8 1146 5371 5436 1211 1145 5370 5435 1210
8 1147 5372 5437 1212 1146 5371 5436 1211 8
1148 5373 5438 1213 1147 5372 5437 1212 8 1149
5374 5439 1214 1148 5373 5438 1213 8 1150 5375
5440 1215 1149 5374 5439 1214 8 1151 5376 5441
1216 1150 5375 5440 1215 8 1152 5377 5442 1217
1151 5376 5441 1216 8 1153 5378 5443 1218 1152
5377 5442 1217 8 1154 5379 5444 1219 1153 5378
5443 1218 8 1155 5380 5445 1220 1154 5379 5444
1219 8 1156 5381 5446 1221 1155 5380 5445 1220
8 1157 5382 5447 1222 1156 5381 5446 1221 8
1158 5383 5448 1223 1157 5382 5447 1222 8 1159
5384 5449 1224 1158 5383 5448 1223 8 1160 5385
5450 1225 1159 5384 5449 1224 8 1161 5386 5451
1226 1160 5385 5450 1225 8 1162 5387 5452 1227
1161 5386 5451 1226 8 1163 5388 5453 1228 1162
5387 5452 1227 8 1164 5389 5454 1229 1163 5388
5453 1228 8 1165 5390 5455 1230 1164 5389 5454
1229 8 1166 5391 5456 1231 1165 5390 5455 1230
8 1167 5392 5457 1232 1166 5391 5456 1231 8
1168 5393 5458 1233 1167 5392 5457 1232 8 1233
1234 5459 5458 1168 1169 5394 5393 8 1171 5396
5461 1236 1170 5395 5460 1235 8 1172 5397 5462
1237 1171 5396 5461 1236 8 1173 5398 5463 1238
1172 5397 5462 1237 8 1174 5399 5464 1239 1173
5398 5463 1238 8 1175 5400 5465 1240 1174 5399
5464 1239 8 1176 5401 5466 1241 1175 5400 5465
1240 8 1177 5402 5467 1242 1176 5401 5466 1241
8 1178 5403 5468 1243 1177 5402 5467 1242 8
1179 5404 5469 1244 1178 5403 5468 1243 8 1180
5405 5470 1245 1179 5404 5469 1244 8 1181 5406
5471 1246 1180 5405 5470 1245 8 1182 5407 5472
1247 1181 5406 5471 1246 8 1183 5408 5473 1248
1182 5407 5472 1247 8 1184 5409 5474 1249 1183
5408 5473 1248 8 1185 5410 5475 1250 1184 5409
5474 1249 8 1186 5411 5476 1251 1185 5410 5475
1250 8 1187 5412 5477 1252 1186 5411 5476 1251
8 1188 5413 5478 1253 1187 5412 5477 1252 8
1189 5414 5479 1254 1188 5413 5478 1253 8 1190
5415 5480 1255 1189 5414 5479 1254 8 1191 5416
5481 1256 1190 5415 5480 1255 8 1192 5417 5482
1257 1191 5416 5481 1256 8 1193 5418 5483 1258
1192 5417 5482 1257 8 1194 5419 5484 1259 1193
5418 5483 1258 8 1195 5420 5485 1260 1194 5419
5484 1259 8 1196 5421 5486 1261 1195 5420 5485
1260 8 1197 5422 5487 1262 1196 5421 5486 1261
8 1198 5423 5488 1263 1197 5422 5487 1262 8
1199 5424 5489 1264 1198 5423 5488 1263 8 1200
5425 5490 1265 1199 5424 5489 1264 8 1201 5426
5491 1266 1200 5425 5490 1265 8 1202 5427 5492
1267 1201 5426 5491 1266 8 1203 5428 5493 1268
1202 5427 5492 1267 8 1204 5429 5494 1269 1203
5428 5493 1268 8 1205 5430 5495 1270 1204 5429
5494 1269 8 1206 5431 5496 1271 1205 5430 5495
1270 8 1207 5432 5497 1272 1206 5431 5496 1271
8 1208 5433 5498 1273 1207 5432 5497 1272 8
1209 5434 5499 1274 1208 5433 5498 1273 8 1210
5435 5500 1275 1209 5434 5499 1274 8 1211 5436
5501 1276 1210 5435 5500 1275 8 1212 5437 5502
1277 1211 5436 5501 1276 8 1213 5438 5503 1278
1212 5437 5502 1277 8 1214 5439 5504 1279 1213
5438 5503 1278 8 1215 5440 5505 1280 1214 5439
5504 1279 8 1216 5441 5506 1281 1215 5440 5505
1280 8 1217 5442 5507 1282 1216 5441 5506 1281
8 1218 5443 5508 1283 1217 5442 5507 1282 8
1219 5444 5509 1284 1218 5443 5508 1283 8 1220
5445 5510 1285 1219 5444 5509 1284 8 1221 5446
5511 1286 1220 5445 5510 1285 8 1222 5447 5512
1287 1221 5446 5511 1286 8 1223 5448 5513 1288
1222 5447 5512 1287 8 1224 5449 5514 1289 1223
5448 5513 1288 8 1225 5450 5515 1290 1224 5449
5514 1289 8 1226 5451 5516 1291 1225 5450 5515
1290 8 1227 5452 5517 1292 1226 5451 5516 1291
8 1228 5453 5518 1293 1227 5452 5517 1292 8
1229 5454 5519 1294 1228 5453 5518 1293 8 1230
5455 5520 1295 1229 5454 5519 1294 8 1231 5456
5521 1296 1230 5455 5520 1295 8 1232 5457 5522
1297 1231 5456 5521 1296 8 1233 5458 5523 1298
1232 5457 5522 1297 8 1298 1299 5524 5523 1233
1234 5459 5458 8 1236 5461 5526 1301 1235 5460
5525 1300 8 1237 5462 5527 1302 1236 5461 5526
1301 8 1238 5463 5528 1303 1237 5462 5527 1302
8 1239 5464 5529 1304 1238 5463 5528 1303 8
1240 5465 5530 1305 1239 5464 5529 1304 8 1241
5466 5531 1306 1240 5465 5530 1305 8 1242 5467
5532 1307 1241 5466 5531 1306 8 1243 5468 5533
1308 1242 5467 5532 1307 8 1244 5469 5534 1309
1243 5468 5533 1308 8 1245 5470 5535 1310 1244
5469 5534 1309 8 1246 5471 5536 1311 1245 5470
5535 1310 8 1247 5472 5537 1312 1246 5471 5536
1311 8 1248 5473 5538 1313 1247 5472 5537 1312
8 1249 5474 5539 1314 1248 5473 5538 1313 8
1250 5475 5540 1315 1249 5474 5539 1314 8 1251
5476 5541 1316 1250 5475 5540 1315 8 1252 5477
5542 1317 1251 5476 5541 1316 8 1253 5478 5543
1318 1252 5477 5542 1317 8 1254 5479 5544 1319
1253 5478 5543 1318 8 1255 5480 5545 1320 1254
5479 5544 1319 8 1256 5481 5546 1321 1255 5480
5545 1320 8 1257 5482 5547 1322 1256 5481 5546
1321 8 1258 5483 5548 1323 1257 5482 5547 1322
8 1259 5484 5549 1324 1258 5483 5548 1323 8
1260 5485 5550 1325 1259 5484 5549 1324 8 1261
5486 5551 1326 1260 5485 5550 1325 8 1262 5487
5552 1327 1261 5486 5551 1326 8 1263 5488 5553
1328 1262 5487 5552 1327 8 1264 5489 5554 1329
1263 5488 5553 1328 8 1265 5490 5555 1330 1264
5489 5554 1329 8 1266 5491 5556 1331 1265 5490
5555 1330 8 1267 5492 5557 1332 1266 5491 5556
1331 8 1268 5493 5558 1333 1267 5492 5557 1332
8 1269 5494 5559 1334 1268 5493 5558 1333 8
1270 5495 5560 1335 1269 5494 5559 1334 8 1271
5496 5561 1336 1270 5495 5560 1335 8 1272 5497
5562 1337 1271 5496 5561 1336 8 1273 5498 5563
1338 1272 5497 5562 1337 8 1274 5499 5564 1339
1273 5498 5563 1338 8 1275 5500 5565 1340 1274
5499 5564 1339 8 1276 5501 5566 1341 1275 5500
5565 1340 8 1277 5502 5567 1342 1276 5501 5566
1341 8 1278 5503 5568 1343 1277 5502 5567 1342
8 1279 5504 5569 1344 1278 5503 5568 1343 8
1280 5505 5570 1345 1279 5504 5569 1344 8 1281
5506 5571 1346 1280 5505 5570 1345 8 1282 5507
5572 1347 1281 5506 5571 1346 8 1283 5508 5573
1348 1282 5507 5572 1347 8 1284 5509 5574 1349
1283 5508 5573 1348 8 1285 5510 5575 1350 1284
5509 5574 1349 8 1286 5511 5576 1351 1285 5510
5575 1350 8 1287 5512 5577 1352 1286 5511 5576
1351 8 1288 5513 5578 1353 1287 5512 5577 1352
8 1289 5514 5579 1354 1288 5513 5578 1353 8
1290 5515 5580 1355 1289 5514 5579 1354 8 1291
5516 5581 1356 1290 5515 5580 1355 8 1292 5517
5582 1357 1291 5516 5581 1356 8 1293 5518 5583
1358 1292 5517 5582 1357 8 1294 5519 5584 1359
1293 5518 5583 1358 8 1295 5520 5585 1360 1294
5519 5584 1359 8 1296 5521 5586 1361 1295 5520
5585 1360 8 1297 5522 5587 1362 1296 5521 5586
1361 8 1298 5523 5588 1363 1297 5522 5587 1362
8 1363 1364 5589 5588 1298 1299 5524 5523 8
1301 5526 5591 1366 1300 5525 5590 1365 8 1302
5527 5592 1367 1301 5526 5591 1366 8 1303 5528
5593 1368 1302 5527 5592 1367 8 1304 5529 5594
1369 1303 5528 5593 1368 8 1305 5530 5595 1370
1304 5529 5594 1369 8 1306 5531 5596 1371 1305
5530 5595 1370 8 1307 5532 5597 1372 1306 5531
5596 1371 8 1308 5533 5598 1373 1307 5532 5597
1372 8 1309 5534 5599 1374 1308 5533 5598 1373
8 1310 5535 5600 1375 1309 5534 5599 1374 8
1311 5536 5601 1376 1310 5535 5600 1375 8 1312
5537 5602 1377 1311 5536 5601 1376 8 1313 5538
5603 1378 1312 5537 5602 1377 8 1314 5539 5604
1379 1313 5538 5603 1378 8 1315 5540 5605 1380
1314 5539 5604 1379 8 1316 5541 5606 1381 1315
5540 5605 1380 8 1317 5542 5607 1382 1316 5541
5606 1381 8 1318 5543 5608 1383 1317 5542 5607
1382 8 1319 5544 5609 1384 1318 5543 5608 1383
8 1320 5545 5610 1385 1319 5544 5609 1384 8
1321 5546 5611 1386 1320 5545 5610 1385 8 1322
5547 5612 1387 1321 5546 5611 1386 8 1323 5548
5613 1388 1322 5547 5612 1387 8 1324 5549 5614
1389 1323 5548 5613 1388 8 1325 5550 5615 1390
1324 5549 5614 1389 8 1326 5551 5616 1391 1325
5550 5615 1390 8 1327 5552 5617 1392 1326 5551
5616 1391 8 1328 5553 5618 1393 1327 5552 5617
1392 8 1329 5554 5619 1394 1328 5553 5618 1393
8 1330 5555 5620 1395 1329 5554 5619 1394 8
1331 5556 5621 1396 1330 5555 5620 1395 8 1332
5557 5622 1397 1331 5556 5621 1396 8 1333 5558
5623 1398 1332 5557 5622 1397 8 1334 5559 5624
1399 1333 5558 5623 1398 8 1335 5560 5625 1400
1334 5559 5624 1399 8 1336 5561 5626 1401 1335
5560 5625 1400 8 1337 5562 5627 1402 1336 5561
5626 1401 8 1338 5563 5628 1403 1337 5562 5627
1402 8 1339 5564 5629 1404 1338 5563 5628 1403
8 1340 5565 5630 1405 1339 5564 5629 1404 8
1341 5566 5631 1406 1340 5565 5630 1405 8 1342
5567 5632 1407 1341 5566 5631 1406 8 1343 5568
5633 1408 1342 5567 5632 1407 8 1344 5569 5634
1409 1343 5568 5633 1408 8 1345 5570 5635 1410
1344 5569 5634 1409 8 1346 5571 5636 1411 1345
5570 5635 1410 8 1347 5572 5637 1412 1346 5571
5636 1411 8 1348 5573 5638 1413 1347 5572 5637
1412 8 1349 5574 5639 1414 1348 5573 5638 1413
8 1350 5575 5640 1415 1349 5574 5639 1414 8
1351 5576 5641 1416 1350 5575 5640 1415 8 1352
5577 5642 1417 1351 5576 5641 1416 8 1353 5578
5643 1418 1352 5577 5642 1417 8 1354 5579 5644
1419 1353 5578 5643 1418 8 1355 5580 5645 1420
1354 5579 5644 1419 8 1356 5581 5646 1421 1355
5580 5645 1420 8 1357 5582 5647 1422 1356 5581
5646 1421 8 1358 5583 5648 1423 1357 5582 5647
1422 8 1359 5584 5649 1424 1358 5583 5648 1423
8 1360 5585 5650 1425 1359 5584 5649 1424 8
1361 5586 5651 1426 1360 5585 5650 1425 8 1362
5587 5652 1427 1361 5586 5651 1426 8 1363 5588
5653 1428 1362 5587 5652 1427 8 1428 1429 5654
5653 1363 1364 5589 5588 8 1366 5591 5656 1431
1365 5590 5655 1430 8 1367 5592 5657 1432 1366
5591 5656 1431 8 1368 5593 5658 1433 1367 5592
5657 1432 8 1369 5594 5659 1434 1368 5593 5658
1433 8 1370 5595 5660 1435 1369 5594 5659 1434
8 1371 5596 5661 1436 1370 5595 5660 1435 8
1372 5597 5662 1437 1371 5596 5661 1436 8 1373
5598 5663 1438 1372 5597 5662 1437 8 1374 5599
5664 1439 1373 5598 5663 1438 8 1375 5600 5665
1440 1374 5599 5664 1439 8 1376 5601 5666 1441
1375 5600 5665 1440 8 1377 5602 5667 1442 1376
5601 5666 1441 8 1378 5603 5668 1443 1377 5602
5667 1442 8 1379 5604 5669 1444 1378 5603 5668
1443 8 1380 5605 5670 1445 1379 5604 5669 1444
8 1381 5606 5671 1446 1380 5605 5670 1445 8
1382 5607 5672 1447 1381 5606 5671 1446 8 1383
5608 5673 1448 1382 5607 5672 1447 8 1384 5609
5674 1449 1383 5608 5673 1448 8 1385 5610 5675
1450 1384 5609 5674 1449 8 1386 5611 5676 1451
1385 5610 5675 1450 8 1387 5612 5677 1452 1386
5611 5676 1451 8 1388 5613 5678 1453 1387 5612
5677 1452 8 1389 5614 5679 1454 1388 5613 5678
1453 8 1390 5615 5680 1455 1389 5614 5679 1454
8 1391 5616 5681 1456 1390 5615 5680 1455 8
1392 5617 5682 1457 1391 5616 5681 1456 8 1393
5618 5683 1458 1392 5617 5682 1457 8 1394 5619
5684 1459 1393 5618 5683 1458 8 1395 5620 5685
1460 1394 5619 5684 1459 8 1396 5621 5686 1461
1395 5620 5685 1460 8 1397 5622 5687 1462 1396
5621 5686 1461 8 1398 5623 5688 1463 1397 5622
5687 1462 8 1399 5624 5689 1464 1398 5623 5688
1463 8 1400 5625 5690 1465 1399 5624 5689 1464
8 1401 5626 5691 1466 1400 5625 5690 1465 8
1402 5627 5692 1467 1401 5626 5691 1466 8 1403
5628 5693 1468 1402 5627 5692 1467 8 1404 5629
5694 1469 1403 5628 5693 1468 8 1405 5630 5695
1470 1404 5629 5694 1469 8 1406 5631 5696 1471
1405 5630 5695 1470 8 1407 5632 5697 1472 1406
5631 5696 1471 8 1408 5633 5698 1473 1407 5632
5697 1472 8 1409 5634 5699 1474 1408 5633 5698
1473 8 1410 5635 5700 1475 1409 5634 5699 1474
8 1411 5636 5701 1476 1410 5635 5700 1475 8
1412 5637 5702 1477 1411 5636 5701 1476 8 1413
5638 5703 1478 1412 5637 5702 1477 8 1414 5639
5704 1479 1413 5638 5703 1478 8 1415 5640 5705
1480 1414 5639 5704 1479 8 1416 5641 5706 1481
1415 5640 5705 1480 8 1417 5642 5707 1482 1416
5641 5706 1481 8 1418 5643 5708 1483 1417 5642
5707 1482 8 1419 5644 5709 1484 1418 5643 5708
1483 8 1420 5645 5710 1485 1419 5644 5709 1484
8 1421 5646 5711 1486 1420 5645 5710 1485 8
1422 5647 5712 1487 1421 5646 5711 1486 8 1423
5648 5713 1488 1422 5647 5712 1487 8 1424 5649
5714 1489 1423 5648 5713 1488 8 1425 5650 5715
1490 1424 5649 5714 1489 8 1426 5651 5716 1491
1425 5650 5715 1490 8 1427 5652 5717 1492 1426
5651 5716 1491 8 1428 5653 5718 1493 1427 5652
5717 1492 8 1493 1494 5719 5718 1428 1429 5654
5653 8 1431 5656 5721 1496 1430 5655 5720 1495
8 1432 5657 5722 1497 1431 5656 5721 1496 8
1433 5658 5723 1498 1432 5657 5722 1497 8 1434
5659 5724 1499 1433 5658 5723 1498 8 1435 5660
5725 1500 1434 5659 5724 1499 8 1436 5661 5726
1501 1435 5660 5725 1500 8 1437 5662 5727 1502
1436 5661 5726 1501 8 1438 5663 5728 1503 1437
5662 5727 1502 8 1439 5664 5729 1504 1438 5663
5728 1503 8 1440 5665 5730 1505 1439 5664 5729
1504 8 1441 5666 5731 1506 1440 5665 5730 1505
8 1442 5667 5732 1507 1441 5666 5731 1506 8
1443 5668 5733 1508 1442 5667 5732 1507 8 1444
5669 5734 1509 1443 5668 5733 1508 8 1445 5670
5735 1510 1444 5669 5734 1509 8 1446 5671 5736
1511 1445 5670 5735 1510 8 1447 5672 5737 1512
1446 5671 5736 1511 8 1448 5673 5738 1513 1447
5672 5737 1512 8 1449 5674 5739 1514 1448 5673
5738 1513 8 1450 5675 5740 1515 1449 5674 5739
1514 8 1451 5676 5741 1516 1450 5675 5740 1515
8 1452 5677 5742 1517 1451 5676 5741 1516 8
1453 5678 5743 1518 1452 5677 5742 1517 8 1454
5679 5744 1519 1453 5678 5743 1518 8 1455 5680
5745 1520 1454 5679 5744 1519 8 1456 5681 5746
1521 1455 5680 5745 1520 8 1457 5682 5747 1522
1456 5681 5746 1521 8 1458 5683 5748 1523 1457
5682 5747 1522 8 1459 5684 5749 1524 1458 5683
5748 1523 8 1460 5685 5750 1525 1459 5684 5749
1524 8 1461 5686 5751 1526 1460 5685 5750 1525
8 1462 5687 5752 1527 1461 5686 5751 1526 8
1463 5688 5753 1528 1462 5687 5752 1527 8 1464
5689 5754 1529 1463 5688 5753 1528 8 1465 5690
5755 1530 1464 5689 5754 1529 8 1466 5691 5756
1531 1465 5690 5755 1530 8 1467 5692 5757 1532
1466 5691 5756 1531 8 1468 5693 5758 1533 1467
5692 5757 1532 8 1469 5694 5759 1534 1468 5693
5758 1533 8 1470 5695 5760 1535 1469 5694 5759
1534 8 1471 5696 5761 1536 1470 5695 5760 1535
8 1472 5697 5762 1537 1471 5696 5761 1536 8
1473 5698 5763 1538 1472 5697 5762 1537 8 1474
5699 5764 1539 1473 5698 5763 1538 8 1475 5700
5765 1540 1474 5699 5764 1539 8 1476 5701 5766
1541 1475 5700 5765 1540 8 1477 5702 5767 1542
1476 5701 5766 1541 8 1478 5703 5768 1543 1477
5702 5767 1542 8 1479 5704 5769 1544 1478 5703
5768 1543 8 1480 5705 5770 1545 1479 5704 5769
1544 8 1481 5706 5771 1546 1480 5705 5770 1545
8 1482 5707 5772 1547 1481 5706 5771 1546 8
1483 5708 5773 1548 1482 5707 5772 1547 8 1484
5709 5774 1549 1483 5708 5773 1548 8 1485 5710
5775 1550 1484 5709 5774 1549 8 1486 5711 5776
1551 1485 5710 5775 1550 8 1487 5712 5777 1552
1486 5711 5776 1551 8 1488 5713 5778 1553 1487
5712 5777 1552 8 1489 5714 5779 1554 1488 5713
5778 1553 8 1490 5715 5780 1555 1489 5714 5779
1554 8 1491 5716 5781 1556 1490 5715 5780 1555
8 1492 5717 5782 1557 1491 5716 5781 1556 8
1493 5718 5783 1558 1492 5717 5782 1557 8 1558
1559 5784 5783 1493 1494 5719 5718 8 1496 5721
5786 1561 1495 5720 5785 1560 8 1497 5722 5787
1562 1496 5721 5786 1561 8 1498 5723 5788 1563
1497 5722 5787 1562 8 1499 5724 5789 1564 1498
5723 5788 1563 8 1500 5725 5790 1565 1499 5724
5789 1564 8 1501 5726 5791 1566 1500 5725 5790
1565 8 1502 5727 5792 1567 1501 5726 5791 1566
8 1503 5728 5793 1568 1502 5727 5792 1567 8
1504 5729 5794 1569 1503 5728 5793 1568 8 1505
5730 5795 1570 1504 5729 5794 1569 8 1506 5731
5796 1571 1505 5730 5795 1570 8 1507 5732 5797
1572 1506 5731 5796 1571 8 1508 5733 5798 1573
1507 5732 5797 1572 8 1509 5734 5799 1574 1508
5733 5798 1573 8 1510 5735 5800 1575 1509 5734
5799 1574 8 1511 5736 5801 1576 1510 5735 5800
1575 8 1512 5737 5802 1577 1511 5736 5801 1576
8 1513 5738 5803 1578 1512 5737 5802 1577 8
1514 5739 5804 1579 1513 5738 5803 1578 8 1515
5740 5805 1580 1514 5739 5804 1579 8 1516 5741
5806 1581 1515 5740 5805 1580 8 1517 5742 5807
1582 1516 5741 5806 1581 8 1518 5743 5808 1583
1517 5742 5807 1582 8 1519 5744 5809 1584 1518
5743 5808 1583 8 1520 5745 5810 1585 1519 5744
5809 1584 8 1521 5746 5811 1586 1520 5745 5810
1585 8 1522 5747 5812 1587 1521 5746 5811 1586
8 1523 5748 5813 1588 1522 5747 5812 1587 8
1524 5749 5814 1589 1523 5748 5813 1588 8 1525
5750 5815 1590 1524 5749 5814 1589 8 1526 5751
5816 1591 1525 5750 5815 1590 8 1527 5752 5817
1592 1526 5751 5816 1591 8 1528 5753 5818 1593
1527 5752 5817 1592 8 1529 5754 5819 1594 1528
5753 5818 1593 8 1530 5755 5820 1595 1529 5754
5819 1594 8 1531 5756 5821 1596 1530 5755 5820
1595 8 1532 5757 5822 1597 1531 5756 5821 1596
8 1533 5758 5823 1598 1532 5757 5822 1597 8
1534 5759 5824 1599 1533 5758 5823 1598 8 1535
5760 5825 1600 1534 5759 5824 1599 8 1536 5761
5826 1601 1535 5760 5825 1600 8 1537 5762 5827
1602 1536 5761 5826 1601 8 1538 5763 5828 1603
1537 5762 5827 1602 8 1539 5764 5829 1604 1538
5763 5828 1603 8 1540 5765 5830 1605 1539 5764
5829 1604 8 1541 5766 5831 1606 1540 5765 5830
1605 8 1542 5767 5832 1607 1541 5766 5831 1606
8 1543 5768 5833 1608 1542 5767 5832 1607 8
1544 5769 5834 1609 1543 5768 5833 1608 8 1545
5770 5835 1610 1544 5769 5834 1609 8 1546 5771
5836 1611 1545 5770 5835 1610 8 1547 5772 5837
1612 1546 5771 5836 1611 8 1548 5773 5838 1613
1547 5772 5837 1612 8 1549 5774 5839 1614 1548
5773 5838 1613 8 1550 5775 5840 1615 1549 5774
5839 1614 8 1551 5776 5841 1616 1550 5775 5840
1615 8 1552 5777 5842 1617 1551 5776 5841 1616
8 1553 5778 5843 1618 1552 5777 5842 1617 8
1554 5779 5844 1619 1553 5778 5843 1618 8 1555
5780 5845 1620 1554 5779 5844 1619 8 1556 5781
5846 1621 1555 5780 5845 1620 8 1557 5782 5847
1622 1556 5781 5846 1621 8 1558 5783 5848 1623
1557 5782 5847 1622 8 1623 1624 5849 5848 1558
1559 5784 5783 8 1561 5786 5851 1626 1560 5785
5850 1625 8 1562 5787 5852 1627 1561 5786 5851
1626 8 1563 5788 5853 1628 1562 5787 5852 1627
8 1564 5789 5854 1629 1563 5788 5853 1628 8
1565 5790 5855 1630 1564 5789 5854 1629 8 1566
5791 5856 1631 1565 5790 5855 1630 8 1567 5792
5857 1632 1566 5791 5856 1631 8 1568 5793 5858
1633 1567 5792 5857 1632 8 1569 5794 5859 1634
1568 5793 5858 1633 8 1570 5795 5860 1635 1569
5794 5859 1634 8 1571 5796 5861 1636 1570 5795
5860 1635 8 1572 5797 5862 1637 1571 5796 5861
1636 8 1573 5798 5863 1638 1572 5797 5862 1637
8 1574 5799 5864 1639 1573 5798 5863 1638 8
1575 5800 5865 1640 1574 5799 5864 1639 8 1576
5801 5866 1641 1575 5800 5865 1640 8 1577 5802
5867 1642 1576 5801 5866 1641 8 1578 5803 5868
1643 1577 5802 5867 1642 8 1579 5804 5869 1644
1578 5803 5868 1643 8 1580 5805 5870 1645 1579
5804 5869 1644 8 1581 5806 5871 1646 1580 5805
5870 1645 8 1582 5807 5872 1647 1581 5806 5871
1646 8 1583 5808 5873 1648 1582 5807 5872 1647
8 1584 5809 5874 1649 1583 5808 5873 1648 8
1585 5810 5875 1650 1584 5809 5874 1649 8 1586
5811 5876 1651 1585 5810 5875 1650 8 1587 5812
5877 1652 1586 5811 5876 1651 8 1588 5813 5878
1653 1587 5812 5877 1652 8 1589 5814 5879 1654
1588 5813 5878 1653 8 1590 5815 5880 1655 1589
5814 5879 1654 8 1591 5816 5881 1656 1590 5815
5880 1655 8 1592 5817 5882 1657 1591 5816 5881
1656 8 1593 5818 5883 1658 1592 5817 5882 1657
8 1594 5819 5884 1659 1593 5818 5883 1658 8
1595 5820 5885 1660 1594 5819 5884 1659 8 1596
5821 5886 1661 1595 5820 5885 1660 8 1597 5822
5887 1662 1596 5821 5886 1661 8 1598 5823 5888
1663 1597 5822 5887 1662 8 1599 5824 5889 1664
1598 5823 5888 1663 8 1600 5825 5890 1665 1599
5824 5889 1664 8 1601 5826 5891 1666 1600 5825
5890 1665 8 1602 5827 5892 1667 1601 5826 5891
1666 8 1603 5828 5893 1668 1602 5827 5892 1667
8 1604 5829 5894 1669 1603 5828 5893 1668 8
1605 5830 5895 1670 1604 5829 5894 1669 8 1606
5831 5896 1671 1605 5830 5895 1670 8 1607 5832
5897 1672 1606 5831 5896 1671 8 1608 5833 5898
1673 1607 5832 5897 1672 8 1609 5834 5899 1674
1608 5833 5898 1673 8 1610 5835 5900 1675 1609
5834 5899 1674 8 1611 5836 5901 1676 1610 5835
5900 1675 8 1612 5837 5902 1677 1611 5836 5901
1676 8 1613 5838 5903 1678 1612 5837 5902 1677
8 1614 5839 5904 1679 1613 5838 5903 1678 8
1615 5840 5905 1680 1614 5839 5904 1679 8 1616
5841 5906 1681 1615 5840 5905 1680 8 1617 5842
5907 1682 1616 5841 5906 1681 8 1618 5843 5908
1683 1617 5842 5907 1682 8 1619 5844 5909 1684
1618 5843 5908 1683 8 1620 5845 5910 1685 1619
5844 5909 1684 8 1621 5846 5911 1686 1620 5845
5910 1685 8 1622 5847 5912 1687 1621 5846 5911
1686 8 1623 5848 5913 1688 1622 5847 5912 1687
8 1688 1689 5914 5913 1623 1624 5849 5848 8
1626 5851 5916 1691 1625 5850 5915 1690 8 1627
5852 5917 1692 1626 5851 5916 1691 8 1628 5853
5918 1693 1627 5852 5917 1692 8 1629 5854 5919
1694 1628 5853 5918 1693 8 1630 5855 5920 1695
1629 5854 5919 1694 8 1631 5856 5921 1696 1630
5855 5920 1695 8 1632 5857 5922 1697 1631 5856
5921 1696 8 1633 5858 5923 1698 1632 5857 5922
1697 8 1634 5859 5924 1699 1633 5858 5923 1698
8 1635 5860 5925 1700 1634 5859 5924 1699 8
1636 5861 5926 1701 1635 5860 5925 1700 8 1637
5862 5927 1702 1636 5861 5926 1701 8 1638 5863
5928 1703 1637 5862 5927 1702 8 1639 5864 5929
1704 1638 5863 5928 1703 8 1640 5865 5930 1705
1639 5864 5929 1704 8 1641 5866 5931 1706 1640
5865 5930 1705 8 1642 5867 5932 1707 1641 5866
5931 1706 8 1643 5868 5933 1708 1642 5867 5932
1707 8 1644 5869 5934 1709 1643 5868 5933 1708
8 1645 5870 5935 1710 1644 5869 5934 1709 8
1646 5871 5936 1711 1645 5870 5935 1710 8 1647
5872 5937 1712 1646 5871 5936 1711 8 1648 5873
5938 1713 1647 5872 5937 1712 8 1649 5874 5939
1714 1648 5873 5938 1713 8 1650 5875 5940 1715
1649 5874 5939 1714 8 1651 5876 5941 1716 1650
5875 5940 1715 8 1652 5877 5942 1717 1651 5876
5941 1716 8 1653 5878 5943 1718 1652 5877 5942
1717 8 1654 5879 5944 1719 1653 5878 5943 1718
8 1655 5880 5945 1720 1654 5879 5944 1719 8
1656 5881 5946 1721 1655 5880 5945 1720 8 1657
5882 5947 1722 1656 5881 5946 1721 8 1658 5883
5948 1723 1657 5882 5947 1722 8 1659 5884 5949
1724 1658 5883 5948 1723 8 1660 5885 5950 1725
1659 5884 5949 1724 8 1661 5886 5951 1726 1660
5885 5950 1725 8 1662 5887 5952 1727 1661 5886
5951 1726 8 1663 5888 5953 1728 1662 5887 5952
1727 8 1664 5889 5954 1729 1663 5888 5953 1728
8 1665 5890 5955 1730 1664 5889 5954 1729 8
1666 5891 5956 1731 1665 5890 5955 1730 8 1667
5892 5957 1732 1666 5891 5956 1731 8 1668 5893
5958 1733 1667 5892 5957 1732 8 1669 5894 5959
1734 1668 5893 5958 1733 8 1670 5895 5960 1735
1669 5894 5959 1734 8 1671 5896 5961 1736 1670
5895 5960 1735 8 1672 5897 5962 1737 1671 5896
5961 1736 8 1673 5898 5963 1738 1672 5897 5962
1737 8 1674 5899 5964 1739 1673 5898 5963 1738
8 1675 5900 5965 1740 1674 5899 5964 1739 8
1676 5901 5966 1741 1675 5900 5965 1740 8 1677
5902 5967 1742 1676 5901 5966 1741 8 1678 5903
5968 1743 1677 5902 5967 1742 8 1679 5904 5969
1744 1678 5903 5968 1743 8 1680 5905 5970 1745
1679 5904 5969 1744 8 1681 5906 5971 1746 1680
5905 5970 1745 8 1682 5907 5972 1747 1681 5906
5971 1746 8 1683 5908 5973 1748 1682 5907 5972
1747 8 1684 5909 5974 1749 1683 5908 5973 1748
8 1685 5910 5975 1750 1684 5909 5974 1749 8
1686 5911 5976 1751 1685 5910 5975 1750 8 1687
5912 5977 1752 1686 5911 5976 1751 8 1688 5913
5978 1753 1687 5912 5977 1752 8 1753 1754 5979
5978 1688 1689 5914 5913 8 1691 5916 5981 1756
1690 5915 5980 1755 8 1692 5917 5982 1757 1691
5916 5981 1756 8 1693 5918 5983 1758 1692 5917
5982 1757 8 1694 5919 5984 1759 1693 5918 5983
1758 8 1695 5920 5985 1760 1694 5919 5984 1759
8 1696 5921 5986 1761 1695 5920 5985 1760 8
1697 5922 5987 1762 1696 5921 5986 1761 8 1698
5923 5988 1763 1697 5922 5987 1762 8 1699 5924
5989 1764 1698 5923 5988 1763 8 1700 5925 5990
1765 1699 5924 5989 1764 8 1701 5926 5991 1766
1700 5925 5990 1765 8 1702 5927 5992 1767 1701
5926 5991 1766 8 1703 5928 5993 1768 1702 5927
5992 1767 8 1704 5929 5994 1769 1703 5928 5993
1768 8 1705 5930 5995 1770 1704 5929 5994 1769
8 1706 5931 5996 1771 1705 5930 5995 1770 8
1707 5932 5997 1772 1706 5931 5996 1771 8 1708
5933 5998 1773 1707 5932 5997 1772 8 1709 5934
5999 1774 1708 5933 5998 1773 8 1710 5935 6000
1775 1709 5934 5999 1774 8 1711 5936 6001 1776
1710 5935 6000 1775 8 1712 5937 6002 1777 1711
5936 6001 1776 8 1713 5938 6003 1778 1712 5937
6002 1777 8 1714 5939 6004 1779 1713 5938 6003
1778 8 1715 5940 6005 1780 1714 5939 6004 1779
8 1716 5941 6006 1781 1715 5940 6005 1780 8
1717 5942 6007 1782 1716 5941 6006 1781 8 1718
5943 6008 1783 1717 5942 6007 1782 8 1719 5944
6009 1784 1718 5943 6008 1783 8 1720 5945 6010
1785 1719 5944 6009 1784 8 1721 5946 6011 1786
1720 5945 6010 1785 8 1722 5947 6012 1787 1721
5946 6011 1786 8 1723 5948 6013 1788 1722 5947
6012 1787 8 1724 5949 6014 1789 1723 5948 6013
1788 8 1725 5950 6015 1790 1724 5949 6014 1789
8 1726 5951 6016 1791 1725 5950 6015 1790 8
1727 5952 6017 1792 1726 5951 6016 1791 8 1728
5953 6018 1793 1727 5952 6017 1792 8 1729 5954
6019 1794 1728 5953 6018 1793 8 1730 5955 6020
1795 1729 5954 6019 1794 8 1731 5956 6021 1796
1730 5955 6020 1795 8 1732 5957 6022 1797 1731
5956 6021 1796 8 1733 5958 6023 1798 1732 5957
6022 1797 8 1734 5959 6024 1799 1733 5958 6023
1798 8 1735 5960 6025 1800 1734 5959 6024 1799
8 1736 5961 6026 1801 1735 5960 6025 1800 8
1737 5962 6027 1802 1736 5961 6026 1801 8 1738
5963 6028 1803 1737 5962 6027 1802 8 1739 5964
6029 1804 1738 5963 6028 1803 8 1740 5965 6030
1805 1739 5964 6029 1804 8 1741 5966 6031 1806
1740 5965 6030 1805 8 1742 5967 6032 1807 1741
5966 6031 1806 8 1743 5968 6033 1808 1742 5967
6032 1807 8 1744 5969 6034 1809 1743 5968 6033
1808 8 1745 5970 6035 1810 1744 5969 6034 1809
8 1746 5971 6036 1811 1745 5970 6035 1810 8
1747 5972 6037 1812 1746 5971 6036 1811 8 1748
5973 6038 1813 1747 5972 6037 1812 8 1749 5974
6039 1814 1748 5973 6038 1813 8 1750 5975 6040
1815 1749 5974 6039 1814 8 1751 5976 6041 1816
1750 5975 6040 1815 8 1752 5977 6042 1817 1751
5976 6041 1816 8 1753 5978 6043 1818 1752 5977
6042 1817 8 1818 1819 6044 6043 1753 1754 5979
5978 8 1756 5981 6046 1821 1755 5980 6045 1820
8 1757 5982 6047 1822 1756 5981 6046 1821 8
1758 5983 6048 1823 1757 5982 6047 1822 8 1759
5984 6049 1824 1758 5983 6048 1823 8 1760 5985
6050 1825 1759 5984 6049 1824 8 1761 5986 6051
1826 1760 5985 6050 1825 8 1762 5987 6052 1827
1761 5986 6051 1826 8 1763 5988 6053 1828 1762
5987 6052 1827 8 1764 5989 6054 1829 1763 5988
6053 1828 8 1765 5990 6055 1830 1764 5989 6054
1829 8 1766 5991 6056 1831 1765 5990 6055 1830
8 1767 5992 6057 1832 1766 5991 6056 1831 8
1768 5993 6058 1833 1767 5992 6057 1832 8 1769
5994 6059 1834 1768 5993 6058 1833 8 1770 5995
6060 1835 1769 5994 6059 1834 8 1771 5996 6061
1836 1770 5995 6060 1835 8 1772 5997 6062 1837
1771 5996 6061 1836 8 1773 5998 6063 1838 1772
5997 6062 1837 8 1774 5999 6064 1839 1773 5998
6063 1838 8 1775 6000 6065 1840 1774 5999 6064
1839 8 1776 6001 6066 1841 1775 6000 6065 1840
8 1777 6002 6067 1842 1776 6001 6066 1841 8
1778 6003 6068 1843 1777 6002 6067 1842 8 1779
6004 6069 1844 1778 6003 6068 1843 8 1780 6005
6070 1845 1779 6004 6069 1844 8 1781 6006 6071
1846 1780 6005 6070 1845 8 1782 6007 6072 1847
1781 6006 6071 1846 8 1783 6008 6073 1848 1782
6007 6072 1847 8 1784 6009 6074 1849 1783 6008
6073 1848 8 1785 6010 6075 1850 1784 6009 6074
1849 8 1786 6011 6076 1851 1785 6010 6075 1850
8 1787 6012 6077 1852 1786 6011 6076 1851 8
1788 6013 6078 1853 1787 6012 6077 1852 8 1789
6014 6079 1854 1788 6013 6078 1853 8 1790 6015
6080 1855 1789 6014 6079 1854 8 1791 6016 6081
1856 1790 6015 6080 1855 8 1792 6017 6082 1857
1791 6016 6081 1856 8 1793 6018 6083 1858 1792
6017 6082 1857 8 1794 6019 6084 1859 1793 6018
6083 1858 8 1795 6020 6085 1860 1794 6019 6084
1859 8 1796 6021 6086 1861 1795 6020 6085 1860
8 1797 6022 6087 1862 1796 6021 6086 1861 8
1798 6023 6088 1863 1797 6022 6087 1862 8 1799
6024 6089 1864 1798 6023 6088 1863 8 1800 6025
6090 1865 1799 6024 6089 1864 8 1801 6026 6091
1866 1800 6025 6090 1865 8 1802 6027 6092 1867
1801 6026 6091 1866 8 1803 6028 6093 1868 1802
6027 6092 1867 8 1804 6029 6094 1869 1803 6028
6093 1868 8 1805 6030 6095 1870 1804 6029 6094
1869 8 1806 6031 6096 1871 1805 6030 6095 1870
8 1807 6032 6097 1872 1806 6031 6096 1871 8
1808 6033 6098 1873 1807 6032 6097 1872 8 1809
6034 6099 1874 1808 6033 6098 1873 8 1810 6035
6100 1875 1809 6034 6099 1874 8 1811 6036 6101
1876 1810 6035 6100 1875 8 1812 6037 6102 1877
1811 6036 6101 1876 8 1813 6038 6103 1878 1812
6037 6102 1877 8 1814 6039 6104 1879 1813 6038
6103 1878 8 1815 6040 6105 1880 1814 6039 6104
1879 8 1816 6041 6106 1881 1815 6040 6105 1880
8 1817 6042 6107 1882 1816 6041 6106 1881 8
1818 6043 6108 1883 1817 6042 6107 1882 8 1883
1884 6109 6108 1818 1819 6044 6043 8 1821 6046
6111 1886 1820 6045 6110 1885 8 1822 6047 6112
1887 1821 6046 6111 1886 8 1823 6048 6113 1888
1822 6047 6112 1887 8 1824 6049 6114 1889 1823
6048 6113 1888 8 1825 6050 6115 1890 1824 6049
6114 1889 8 1826 6051 6116 1891 1825 6050 6115
1890 8 1827 6052 6117 1892 1826 6051 6116 1891
8 1828 6053 6118 1893 1827 6052 6117 1892 8
1829 6054 6119 1894 1828 6053 6118 1893 8 1830
6055 6120 1895 1829 6054 6119 1894 8 1831 6056
6121 1896 1830 6055 6120 1895 8 1832 6057 6122
1897 1831 6056 6121 1896 8 1833 6058 6123 1898
1832 6057 6122 1897 8 1834 6059 6124 1899 1833
6058 6123 1898 8 1835 6060 6125 1900 1834 6059
6124 1899 8 1836 6061 6126 1901 1835 6060 6125
1900 8 1837 6062 6127 1902 1836 6061 6126 1901
8 1838 6063 6128 1903 1837 6062 6127 1902 8
1839 6064 6129 1904 1838 6063 6128 1903 8 1840
6065 6130 1905 1839 6064 6129 1904 8 1841 6066
6131 1906 1840 6065 6130 1905 8 1842 6067 6132
1907 1841 6066 6131 1906 8 1843 6068 6133 1908
1842 6067 6132 1907 8 1844 6069 6134 1909 1843
6068 6133 1908 8 1845 6070 6135 1910 1844 6069
6134 1909 8 1846 6071 6136 1911 1845 6070 6135
1910 8 1847 6072 6137 1912 1846 6071 6136 1911
8 1848 6073 6138 1913 1847 6072 6137 1912 8
1849 6074 6139 1914 1848 6073 6138 1913 8 1850
6075 6140 1915 1849 6074 6139 1914 8 1851 6076
6141 1916 1850 6075 6140 1915 8 1852 6077 6142
1917 1851 6076 6141 1916 8 1853 6078 6143 1918
1852 6077 6142 1917 8 1854 6079 6144 1919 1853
6078 6143 1918 8 1855 6080 6145 1920 1854 6079
6144 1919 8 1856 6081 6146 1921 1855 6080 6145
1920 8 1857 6082 6147 1922 1856 6081 6146 1921
8 1858 6083 6148 1923 1857 6082 6147 1922 8
1859 6084 6149 1924 1858 6083 6148 1923 8 1860
6085 6150 1925 1859 6084 6149 1924 8 1861 6086
6151 1926 1860 6085 6150 1925 8 1862 6087 6152
1927 1861 6086 6151 1926 8 1863 6088 6153 1928
1862 6087 6152 1927 8 1864 6089 6154 1929 1863
6088 6153 1928 8 1865 6090 6155 1930 1864 6089
6154 1929 8 1866 6091 6156 1931 1865 6090 6155
1930 8 1867 6092 6157 1932 1866 6091 6156 1931
8 1868 6093 6158 1933 1867 6092 6157 1932 8
1869 6094 6159 1934 1868 6093 6158 1933 8 1870
6095 6160 1935 1869 6094 6159 1934 8 1871 6096
6161 1936 1870 6095 6160 1935 8 1872 6097 6162
1937 1871 6096 6161 1936 8 1873 6098 6163 1938
1872 6097 6162 1937 8 1874 6099 6164 1939 1873
6098 6163 1938 8 1875 6100 6165 1940 1874 6099
6164 1939 8 1876 6101 6166 1941 1875 6100 6165
1940 8 1877 6102 6167 1942 1876 6101 6166 1941
8 1878 6103 6168 1943 1877 6102 6167 1942 8
1879 6104 6169 1944 1878 6103 6168 1943 8 1880
6105 6170 1945 1879 6104 6169 1944 8 1881 6106
6171 1946 1880 6105 6170 1945 8 1882 6107 6172
1947 1881 6106 6171 1946 8 1883 6108 6173 1948
1882 6107 6172 1947 8 1948 1949 6174 6173 1883
1884 6109 6108 8 1886 6111 6176 1951 1885 6110
6175 1950 8 1887 6112 6177 1952 1886 6111 6176
1951 8 1888 6113 6178 1953 1887 6112 6177 1952
8 1889 6114 6179 1954 1888 6113 6178 1953 8
1890 6115 6180 1955 1889 6114 6179 1954 8 1891
6116 6181 1956 1890 6115 6180 1955 8 1892 6117
6182 1957 1891 6116 6181 1956 8 1893 6118 6183
1958 1892 6117 6182 1957 8 1894 6119 6184 1959
1893 6118 6183 1958 8 1895 6120 6185 1960 1894
6119 6184 1959 8 1896 6121 6186 1961 1895 6120
6185 1960 8 1897 6122 6187 1962 1896 6121 6186
1961 8 1898 6123 6188 1963 1897 6122 6187 1962
8 1899 6124 6189 1964 1898 6123 6188 1963 8
1900 6125 6190 1965 1899 6124 6189 1964 8 1901
6126 6191 1966 1900 6125 6190 1965 8 1902 6127
6192 1967 1901 6126 6191 1966 8 1903 6128 6193
1968 1902 6127 6192 1967 8 1904 6129 6194 1969
1903 6128 6193 1968 8 1905 6130 6195 1970 1904
6129 6194 1969 8 1906 6131 6196 1971 1905 6130
6195 1970 8 1907 6132 6197 1972 1906 6131 6196
1971 8 1908 6133 6198 1973 1907 6132 6197 1972
8 1909 6134 6199 1974 1908 6133 6198 1973 8
1910 6135 6200 1975 1909 6134 6199 1974 8 1911
6136 6201 1976 1910 6135 6200 1975 8 1912 6137
6202 1977 1911 6136 6201 1976 8 1913 6138 6203
1978 1912 6137 6202 1977 8 1914 6139 6204 1979
1913 6138 6203 1978 8 1915 6140 6205 1980 1914
6139 6204 1979 8 1916 6141 6206 1981 1915 6140
6205 1980 8 1917 6142 6207 1982 1916 6141 6206
1981 8 1918 6143 6208 1983 1917 6142 6207 1982
8 1919 6144 6209 1984 1918 6143 6208 1983 8
1920 6145 6210 1985 1919 6144 6209 1984 8 1921
6146 6211 1986 1920 6145 6210 1985 8 1922 6147
6212 1987 1921 6146 6211 1986 8 1923 6148 6213
1988 1922 6147 6212 1987 8 1924 6149 6214 1989
1923 6148 6213 1988 8 1925 6150 6215 1990 1924
6149 6214 1989 8 1926 6151 6216 1991 1925 6150
6215 1990 8 1927 6152 6217 1992 1926 6151 6216
1991 8 1928 6153 6218 1993 1927 6152 6217 1992
8 1929 6154 6219 1994 1928 6153 6218 1993 8
1930 6155 6220 1995 1929 6154 6219 1994 8 1931
6156 6221 1996 1930 6155 6220 1995 8 1932 6157
6222 1997 1931 6156 6221 1996 8 1933 6158 6223
1998 1932 6157 6222 1997 8 1934 6159 6224 1999
1933 6158 6223 1998 8 1935 6160 6225 2000 1934
6159 6224 1999 8 1936 6161 6226 2001 1935 6160
6225 2000 8 1937 6162 6227 2002 1936 6161 6226
2001 8 1938 6163 6228 2003 1937 6162 6227 2002
8 1939 6164 6229 2004 1938 6163 6228 2003 8
1940 6165 6230 2005 1939 6164 6229 2004 8 1941
6166 6231 2006 1940 6165 6230 2005 8 1942 6167
6232 2007 1941 6166 6231 2006 8 1943 6168 6233
2008 1942 6167 6232 2007 8 1944 6169 6234 2009
1943 6168 6233 2008 8 1945 6170 6235 2010 1944
6169 6234 2009 8 1946 6171 6236 2011 1945 6170
6235 2010 8 1947 6172 6237 2012 1946 6171 6236
2011 8 1948 6173 6238 2013 1947 6172 6237 2012
8 2013 2014 6239 6238 1948 1949 6174 6173 8
1951 6176 6241 2016 1950 6175 6240 2015 8 1952
6177 6242 2017 1951 6176 6241 2016 8 1953 6178
6243 2018 1952 6177 6242 2017 8 1954 6179 6244
2019 1953 6178 6243 2018 8 1955 6180 6245 2020
1954 6179 6244 2019 8 1956 6181 6246 2021 1955
6180 6245 2020 8 1957 6182 6247 2022 1956 6181
6246 2021 8 1958 6183 6248 2023 1957 6182 6247
2022 8 1959 6184 6249 2024 1958 6183 6248 2023
8 1960 6185 6250 2025 1959 6184 6249 2024 8
1961 6186 6251 2026 1960 6185 6250 2025 8 1962
6187 6252 2027 1961 6186 6251 2026 8 1963 6188
6253 2028 1962 6187 6252 2027 8 1964 6189 6254
2029 1963 6188 6253 2028 8 1965 6190 6255 2030
1964 6189 6254 2029 8 1966 6191 6256 2031 1965
6190 6255 2030 8 1967 6192 6257 2032 1966 6191
6256 2031 8 1968 6193 6258 2033 1967 6192 6257
2032 8 1969 6194 6259 2034 1968 6193 6258 2033
8 1970 6195 6260 2035 1969 6194 6259 2034 8
1971 6196 6261 2036 1970 6195 6260 2035 8 1972
6197 6262 2037 1971 6196 6261 2036 8 1973 6198
6263 2038 1972 6197 6262 2037 8 1974 6199 6264
2039 1973 6198 6263 2038 8 1975 6200 6265 2040
1974 6199 6264 2039 8 1976 6201 6266 2041 1975
6200 6265 2040 8 1977 6202 6267 2042 1976 6201
6266 2041 8 1978 6203 6268 2043 1977 6202 6267
2042 8 1979 6204 6269 2044 1978 6203 6268 2043
8 1980 6205 6270 2045 1979 6204 6269 2044 8
1981 6206 6271 2046 1980 6205 6270 2045 8 1982
6207 6272 2047 1981 6206 6271 2046 8 1983 6208
6273 2048 1982 6207 6272 2047 8 1984 6209 6274
2049 1983 6208 6273 2048 8 1985 6210 6275 2050
1984 6209 6274 2049 8 1986 6211 6276 2051 1985
6210 6275 2050 8 1987 6212 6277 2052 1986 6211
6276 2051 8 1988 6213 6278 2053 1987 6212 6277
2052 8 1989 6214 6279 2054 1988 6213 6278 2053
8 1990 6215 6280 2055 1989 6214 6279 2054 8
1991 6216 6281 2056 1990 6215 6280 2055 8 1992
6217 6282 2057 1991 6216 6281 2056 8 1993 6218
6283 2058 1992 6217 6282 2057 8 1994 6219 6284
2059 1993 6218 6283 2058 8 1995 6220 6285 2060
1994 6219 6284 2059 8 1996 6221 6286 2061 1995
6220 6285 2060 8 1997 6222 6287 2062 1996 6221
6286 2061 8 1998 6223 6288 2063 1997 6222 6287
2062 8 1999 6224 6289 2064 1998 6223 6288 2063
8 2000 6225 6290 2065 1999 6224 6289 2064 8
2001 6226 6291 2066 2000 6225 6290 2065 8 2002
6227 6292 2067 2001 6226 6291 2066 8 2003 6228
6293 2068 2002 6227 6292 2067 8 2004 6229 6294
2069 2003 6228 6293 2068 8 2005 6230 6295 2070
2004 6229 6294 2069 8 2006 6231 6296 2071 2005
6230 6295 2070 8 2007 6232 6297 2072 2006 6231
6296 2071 8 2008 6233 6298 2073 2007 6232 6297
2072 8 2009 6234 6299 2074 2008 6233 6298 2073
8 2010 6235 6300 2075 2009 6234 6299 2074 8
2011 6236 6301 2076 2010 6235 6300 2075 8 2012
6237 6302 2077 2011 6236 6301 2076 8 2013 6238
6303 2078 2012 6237 6302 2077 8 2078 2079 6304
6303 2013 2014 6239 6238 8 2016 6241 6306 2081
2015 6240 6305 2080 8 2017 6242 6307 2082 2016
6241 6306 2081 8 2018 6243 6308 2083 2017 6242
6307 2082 8 2019 6244 6309 2084 2018 6243 6308
2083 8 2020 6245 6310 2085 2019 6244 6309 2084
8 2021 6246 6311 2086 2020 6245 6310 2085 8
2022 6247 6312 2087 2021 6246 6311 2086 8 2023
6248 6313 2088 2022 6247 6312 2087 8 2024 6249
6314 2089 2023 6248 6313 2088 8 2025 6250 6315
2090 2024 6249 6314 2089 8 2026 6251 6316 2091
2025 6250 6315 2090 8 2027 6252 6317 2092 2026
6251 6316 2091 8 2028 6253 6318 2093 2027 6252
6317 2092 8 2029 6254 6319 2094 2028 6253 6318
2093 8 2030 6255 6320 2095 2029 6254 6319 2094
8 2031 6256 6321 2096 2030 6255 6320 2095 8
2032 6257 6322 2097 2031 6256 6321 2096 8 2033
6258 6323 2098 2032 6257 6322 2097 8 2034 6259
6324 2099 2033 6258 6323 2098 8 2035 6260 6325
2100 2034 6259 6324 2099 8 2036 6261 6326 2101
2035 6260 6325 2100 8 2037 6262 6327 2102 2036
6261 6326 2101 8 2038 6263 6328 2103 2037 6262
6327 2102 8 2039 6264 6329 2104 2038 6263 6328
2103 8 2040 6265 6330 2105 2039 6264 6329 2104
8 2041 6266 6331 2106 2040 6265 6330 2105 8
2042 6267 6332 2107 2041 6266 6331 2106 8 2043
6268 6333 2108 2042 6267 6332 2107 8 2044 6269
6334 2109 2043 6268 6333 2108 8 2045 6270 6335
2110 2044 6269 6334 2109 8 2046 6271 6336 2111
2045 6270 6335 2110 8 2047 6272 6337 2112 2046
6271 6336 2111 8 2048 6273 6338 2113 2047 6272
6337 2112 8 2049 6274 6339 2114 2048 6273 6338
2113 8 2050 6275 6340 2115 2049 6274 6339 2114
8 2051 6276 6341 2116 2050 6275 6340 2115 8
2052 6277 6342 2117 2051 6276 6341 2116 8 2053
6278 6343 2118 2052 6277 6342 2117 8 2054 6279
6344 2119 2053 6278 6343 2118 8 2055 6280 6345
2120 2054 6279 6344 2119 8 2056 6281 6346 2121
2055 6280 6345 2120 8 2057 6282 6347 2122 2056
6281 6346 2121 8 2058 6283 6348 2123 2057 6282
6347 2122 8 2059 6284 6349 2124 2058 6283 6348
2123 8 2060 6285 6350 2125 2059 6284 6349 2124
8 2061 6286 6351 2126 2060 6285 6350 2125 8
2062 6287 6352 2127 2061 6286 6351 2126 8 2063
6288 6353 2128 2062 6287 6352 2127 8 2064 6289
6354 2129 2063 6288 6353 2128 8 2065 6290 6355
2130 2064 6289 6354 2129 8 2066 6291 6356 2131
2065 6290 6355 2130 8 2067 6292 6357 2132 2066
6291 6356 2131 8 2068 6293 6358 2133 2067 6292
6357 2132 8 2069 6294 6359 2134 2068 6293 6358
2133 8 2070 6295 6360 2135 2069 6294 6359 2134
8 2071 6296 6361 2136 2070 6295 6360 2135 8
2072 6297 6362 2137 2071 6296 6361 2136 8 2073
6298 6363 2138 2072 6297 6362 2137 8 2074 6299
6364 2139 2073 6298 6363 2138 8 2075 6300 6365
2140 2074 6299 6364 2139 8 2076 6301 6366 2141
2075 6300 6365 2140 8 2077 6302 6367 2142 2076
6301 6366 2141 8 2078 6303 6368 2143 2077 6302
6367 2142 8 2143 2144 6369 6368 2078 2079 6304
6303 8 2081 6306 6371 2146 2080 6305 6370 2145
8 2082 6307 6372 2147 2081 6306 6371 2146 8
2083 6308 6373 2148 2082 6307 6372 2147 8 2084
6309 6374 2149 2083 6308 6373 2148 8 2085 6310
6375 2150 2084 6309 6374 2149 8 2086 6311 6376
2151 2085 6310 6375 2150 8 2087 6312 6377 2152
2086 6311 6376 2151 8 2088 6313 6378 2153 2087
6312 6377 2152 8 2089 6314 6379 2154 2088 6313
6378 2153 8 2090 6315 6380 2155 2089 6314 6379
2154 8 2091 6316 6381 2156 2090 6315 6380 2155
8 2092 6317 6382 2157 2091 6316 6381 2156 8
2093 6318 6383 2158 2092 6317 6382 2157 8 2094
6319 6384 2159 2093 6318 6383 2158 8 2095 6320
6385 2160 2094 6319 6384 2159 8 2096 6321 6386
2161 2095 6320 6385 2160 8 2097 6322 6387 2162
2096 6321 6386 2161 8 2098 6323 6388 2163 2097
6322 6387 2162 8 2099 6324 6389 2164 2098 6323
6388 2163 8 2100 6325 6390 2165 2099 6324 6389
2164 8 2101 6326 6391 2166 2100 6325 6390 2165
8 2102 6327 6392 2167 2101 6326 6391 2166 8
2103 6328 6393 2168 2102 6327 6392 2167 8 2104
6329 6394 2169 2103 6328 6393 2168 8 2105 6330
6395 2170 2104 6329 6394 2169 8 2106 6331 6396
2171 2105 6330 6395 2170 8 2107 6332 6397 2172
2106 6331 6396 2171 8 2108 6333 6398 2173 2107
6332 6397 2172 8 2109 6334 6399 2174 2108 6333
6398 2173 8 2110 6335 6400 2175 2109 6334 6399
2174 8 2111 6336 6401 2176 2110 6335 6400 2175
8 2112 6337 6402 2177 2111 6336 6401 2176 8
2113 6338 6403 2178 2112 6337 6402 2177 8 2114
6339 6404 2179 2113 6338 6403 2178 8 2115 6340
6405 2180 2114 6339 6404 2179 8 2116 6341 6406
2181 2115 6340 6405 2180 8 2117 6342 6407 2182
2116 6341 6406 2181 8 2118 6343 6408 2183 2117
6342 6407 2182 8 2119 6344 6409 2184 2118 6343
6408 2183 8 2120 6345 6410 2185 2119 6344 6409
2184 8 2121 6346 6411 2186 2120 6345 6410 2185
8 2122 6347 6412 2187 2121 6346 6411 2186 8
2123 6348 6413 2188 2122 6347 6412 2187 8 2124
6349 6414 2189 2123 6348 6413 2188 8 2125 6350
6415 2190 2124 6349 6414 2189 8 2126 6351 6416
2191 2125 6350 6415 2190 8 2127 6352 6417 2192
2126 6351 6416 2191 8 2128 6353 6418 2193 2127
6352 6417 2192 8 2129 6354 6419 2194 2128 6353
6418 2193 8 2130 6355 6420 2195 2129 6354 6419
2194 8 2131 6356 6421 2196 2130 6355 6420 2195
8 2132 6357 6422 2197 2131 6356 6421 2196 8
2133 6358 6423 2198 2132 6357 6422 2197 8 2134
6359 6424 2199 2133 6358 6423 2198 8 2135 6360
6425 2200 2134 6359 6424 2199 8 2136 6361 6426
2201 2135 6360 6425 2200 8 2137 6362 6427 2202
2136 6361 6426 2201 8 2138 6363 6428 2203 2137
6362 6427 2202 8 2139 6364 6429 2204 2138 6363
6428 2203 8 2140 6365 6430 2205 2139 6364 6429
2204 8 2141 6366 6431 2206 2140 6365 6430 2205
8 2142 6367 6432 2207 2141 6366 6431 2206 8
2143 6368 6433 2208 2142 6367 6432 2207 8 2208
2209 6434 6433 2143 2144 6369 6368 8 2146 6371
6436 2211 2145 6370 6435 2210 8 2147 6372 6437
2212 2146 6371 6436 2211 8 2148 6373 6438 2213
2147 6372 6437 2212 8 2149 6374 6439 2214 2148
6373 6438 2213 8 2150 6375 6440 2215 2149 6374
6439 2214 8 2151 6376 6441 2216 2150 6375 6440
2215 8 2152 6377 6442 2217 2151 6376 6441 2216
8 2153 6378 6443 2218 2152 6377 6442 2217 8
2154 6379 6444 2219 2153 6378 6443 2218 8 2155
6380 6445 2220 2154 6379 6444 2219 8 2156 6381
6446 2221 2155 6380 6445 2220 8 2157 6382 6447
2222 2156 6381 6446 2221 8 2158 6383 6448 2223
2157 6382 6447 2222 8 2159 6384 6449 2224 2158
6383 6448 2223 8 2160 6385 6450 2225 2159 6384
6449 2224 8 2161 6386 6451 2226 2160 6385 6450
2225 8 2162 6387 6452 2227 2161 6386 6451 2226
8 2163 6388 6453 2228 2162 6387 6452 2227 8
2164 6389 6454 2229 2163 6388 6453 2228 8 2165
6390 6455 2230 2164 6389 6454 2229 8 2166 6391
6456 2231 2165 6390 6455 2230 8 2167 6392 6457
2232 2166 6391 6456 2231 8 2168 6393 6458 2233
2167 6392 6457 2232 8 2169 6394 6459 2234 2168
6393 6458 2233 8 2170 6395 6460 2235 2169 6394
6459 2234 8 2171 6396 6461 2236 2170 6395 6460
2235 8 2172 6397 6462 2237 2171 6396 6461 2236
8 2173 6398 6463 2238 2172 6397 6462 2237 8
2174 6399 6464 2239 2173 6398 6463 2238 8 2175
6400 6465 2240 2174 6399 6464 2239 8 2176 6401
6466 2241 2175 6400 6465 2240 8 2177 6402 6467
2242 2176 6401 6466 2241 8 2178 6403 6468 2243
2177 6402 6467 2242 8 2179 6404 6469 2244 2178
6403 6468 2243 8 2180 6405 6470 2245 2179 6404
6469 2244 8 2181 6406 6471 2246 2180 6405 6470
2245 8 2182 6407 6472 2247 2181 6406 6471 2246
8 2183 6408 6473 2248 2182 6407 6472 2247 8
2184 6409 6474 2249 2183 6408 6473 2248 8 2185
6410 6475 2250 2184 6409 6474 2249 8 2186 6411
6476 2251 2185 6410 6475 2250 8 2187 6412 6477
2252 2186 6411 6476 2251 8 2188 6413 6478 2253
2187 6412 6477 2252 8 2189 6414 6479 2254 2188
6413 6478 2253 8 2190 6415 6480 2255 2189 6414
6479 2254 8 2191 6416 6481 2256 2190 6415 6480
2255 8 2192 6417 6482 2257 2191 6416 6481 2256
8 2193 6418 6483 2258 2192 6417 6482 2257 8
2194 6419 6484 2259 2193 6418 6483 2258 8 2195
6420 6485 2260 2194 6419 6484 2259 8 2196 6421
6486 2261 2195 6420 6485 2260 8 2197 6422 6487
2262 2196 6421 6486 2261 8 2198 6423 6488 2263
2197 6422 6487 2262 8 2199 6424 6489 2264 2198
6423 6488 2263 8 2200 6425 6490 2265 2199 6424
6489 2264 8 2201 6426 6491 2266 2200 6425 6490
2265 8 2202 6427 6492 2267 2201 6426 6491 2266
8 2203 6428 6493 2268 2202 6427 6492 2267 8
2204 6429 6494 2269 2203 6428 6493 2268 8 2205
6430 6495 2270 2204 6429 6494 2269 8 2206 6431
6496 2271 2205 6430 6495 2270 8 2207 6432 6497
2272 2206 6431 6496 2271 8 2208 6433 6498 2273
2207 6432 6497 2272 8 2273 2274 6499 6498 2208
2209 6434 6433 8 2211 6436 6501 2276 2210 6435
6500 2275 8 2212 6437 6502 2277 2211 6436 6501
2276 8 2213 6438 6503 2278 2212 6437 6502 2277
8 2214 6439 6504 2279 2213 6438 6503 2278 8
2215 6440 6505 2280 2214 6439 6504 2279 8 2216
6441 6506 2281 2215 6440 6505 2280 8 2217 6442
6507 2282 2216 6441 6506 2281 8 2218 6443 6508
2283 2217 6442 6507 2282 8 2219 6444 6509 2284
2218 6443 6508 2283 8 2220 6445 6510 2285 2219
6444 6509 2284 8 2221 6446 6511 2286 2220 6445
6510 2285 8 2222 6447 6512 2287 2221 6446 6511
2286 8 2223 6448 6513 2288 2222 6447 6512 2287
8 2224 6449 6514 2289 2223 6448 6513 2288 8
2225 6450 6515 2290 2224 6449 6514 2289 8 2226
6451 6516 2291 2225 6450 6515 2290 8 2227 6452
6517 2292 2226 6451 6516 2291 8 2228 6453 6518
2293 2227 6452 6517 2292 8 2229 6454 6519 2294
2228 6453 6518 2293 8 2230 6455 6520 2295 2229
6454 6519 2294 8 2231 6456 6521 2296 2230 6455
6520 2295 8 2232 6457 6522 2297 2231 6456 6521
2296 8 2233 6458 6523 2298 2232 6457 6522 2297
8 2234 6459 6524 2299 2233 6458 6523 2298 8
2235 6460 6525 2300 2234 6459 6524 2299 8 2236
6461 6526 2301 2235 6460 6525 2300 8 2237 6462
6527 2302 2236 6461 6526 2301 8 2238 6463 6528
2303 2237 6462 6527 2302 8 2239 6464 6529 2304
2238 6463 6528 2303 8 2240 6465 6530 2305 2239
6464 6529 2304 8 2241 6466 6531 2306 2240 6465
6530 2305 8 2242 6467 6532 2307 2241 6466 6531
2306 8 2243 6468 6533 2308 2242 6467 6532 2307
8 2244 6469 6534 2309 2243 6468 6533 2308 8
2245 6470 6535 2310 2244 6469 6534 2309 8 2246
6471 6536 2311 2245 6470 6535 2310 8 2247 6472
6537 2312 2246 6471 6536 2311 8 2248 6473 6538
2313 2247 6472 6537 2312 8 2249 6474 6539 2314
2248 6473 6538 2313 8 2250 6475 6540 2315 2249
6474 6539 2314 8 2251 6476 6541 2316 2250 6475
6540 2315 8 2252 6477 6542 2317 2251 6476 6541
2316 8 2253 6478 6543 2318 2252 6477 6542 2317
8 2254 6479 6544 2319 2253 6478 6543 2318 8
2255 6480 6545 2320 2254 6479 6544 2319 8 2256
6481 6546 2321 2255 6480 6545 2320 8 2257 6482
6547 2322 2256 6481 6546 2321 8 2258 6483 6548
2323 2257 6482 6547 2322 8 2259 6484 6549 2324
2258 6483 6548 2323 8 2260 6485 6550 2325 2259
6484 6549 2324 8 2261 6486 6551 2326 2260 6485
6550 2325 8 2262 6487 6552 2327 2261 6486 6551
2326 8 2263 6488 6553 2328 2262 6487 6552 2327
8 2264 6489 6554 2329 2263 6488 6553 2328 8
2265 6490 6555 2330 2264 6489 6554 2329 8 2266
6491 6556 2331 2265 6490 6555 2330 8 2267 6492
6557 2332 2266 6491 6556 2331 8 2268 6493 6558
2333 2267 6492 6557 2332 8 2269 6494 6559 2334
2268 6493 6558 2333 8 2270 6495 6560 2335 2269
6494 6559 2334 8 2271 6496 6561 2336 2270 6495
6560 2335 8 2272 6497 6562 2337 2271 6496 6561
2336 8 2273 6498 6563 2338 2272 6497 6562 2337
8 2338 2339 6564 6563 2273 2274 6499 6498 8
2276 6501 6566 2341 2275 6500 6565 2340 8 2277
6502 6567 2342 2276 6501 6566 2341 8 2278 6503
6568 2343 2277 6502 6567 2342 8 2279 6504 6569
2344 2278 6503 6568 2343 8 2280 6505 6570 2345
2279 6504 6569 2344 8 2281 6506 6571 2346 2280
6505 6570 2345 8 2282 6507 6572 2347 2281 6506
6571 2346 8 2283 6508 6573 2348 2282 6507 6572
2347 8 2284 6509 6574 2349 2283 6508 6573 2348
8 2285 6510 6575 2350 2284 6509 6574 2349 8
2286 6511 6576 2351 2285 6510 6575 2350 8 2287
6512 6577 2352 2286 6511 6576 2351 8 2288 6513
6578 2353 2287 6512 6577 2352 8 2289 6514 6579
2354 2288 6513 6578 2353 8 2290 6515 6580 2355
2289 6514 6579 2354 8 2291 6516 6581 2356 2290
6515 6580 2355 8 2292 6517 6582 2357 2291 6516
6581 2356 8 2293 6518 6583 2358 2292 6517 6582
2357 8 2294 6519 6584 2359 2293 6518 6583 2358
8 2295 6520 6585 2360 2294 6519 6584 2359 8
2296 6521 6586 2361 2295 6520 6585 2360 8 2297
6522 6587 2362 2296 6521 6586 2361 8 2298 6523
6588 2363 2297 6522 6587 2362 8 2299 6524 6589
2364 2298 6523 6588 2363 8 2300 6525 6590 2365
2299 6524 6589 2364 8 2301 6526 6591 2366 2300
6525 6590 2365 8 2302 6527 6592 2367 2301 6526
6591 2366 8 2303 6528 6593 2368 2302 6527 6592
2367 8 2304 6529 6594 2369 2303 6528 6593 2368
8 2305 6530 6595 2370 2304 6529 6594 2369 8
2306 6531 6596 2371 2305 6530 6595 2370 8 2307
6532 6597 2372 2306 6531 6596 2371 8 2308 6533
6598 2373 2307 6532 6597 2372 8 2309 6534 6599
2374 2308 6533 6598 2373 8 2310 6535 6600 2375
2309 6534 6599 2374 8 2311 6536 6601 2376 2310
6535 6600 2375 8 2312 6537 6602 2377 2311 6536
6601 2376 8 2313 6538 6603 2378 2312 6537 6602
2377 8 2314 6539 6604 2379 2313 6538 6603 2378
8 2315 6540 6605 2380 2314 6539 6604 2379 8
2316 6541 6606 2381 2315 6540 6605 2380 8 2317
6542 6607 2382 2316 6541 6606 2381 8 2318 6543
6608 2383 2317 6542 6607 2382 8 2319 6544 6609
2384 2318 6543 6608 2383 8 2320 6545 6610 2385
2319 6544 6609 2384 8 2321 6546 6611 2386 2320
6545 6610 2385 8 2322 6547 6612 2387 2321 6546
6611 2386 8 2323 6548 6613 2388 2322 6547 6612
2387 8 2324 6549 6614 2389 2323 6548 6613 2388
8 2325 6550 6615 2390 2324 6549 6614 2389 8
2326 6551 6616 2391 2325 6550 6615 2390 8 2327
6552 6617 2392 2326 6551 6616 2391 8 2328 6553
6618 2393 2327 6552 6617 2392 8 2329 6554 6619
2394 2328 6553 6618 2393 8 2330 6555 6620 2395
2329 6554 6619 2394 8 2331 6556 6621 2396 2330
6555 6620 2395 8 2332 6557 6622 2397 2331 6556
6621 2396 8 2333 6558 6623 2398 2332 6557 6622
2397 8 2334 6559 6624 2399 2333 6558 6623 2398
8 2335 6560 6625 2400 2334 6559 6624 2399 8
2336 6561 6626 2401 2335 6560 6625 2400 8 2337
6562 6627 2402 2336 6561 6626 2401 8 2338 6563
6628 2403 2337 6562 6627 2402 8 2403 2404 6629
6628 2338 2339 6564 6563 8 2341 6566 6631 2406
2340 6565 6630 2405 8 2342 6567 6632 2407 2341
6566 6631 2406 8 2343 6568 6633 2408 2342 6567
6632 2407 8 2344 6569 6634 2409 2343 6568 6633
2408 8 2345 6570 6635 2410 2344 6569 6634 2409
8 2346 6571 6636 2411 2345 6570 6635 2410 8
2347 6572 6637 2412 2346 6571 6636 2411 8 2348
6573 6638 2413 2347 6572 6637 2412 8 2349 6574
6639 2414 2348 6573 6638 2413 8 2350 6575 6640
2415 2349 6574 6639 2414 8 2351 6576 6641 2416
2350 6575 6640 2415 8 2352 6577 6642 2417 2351
6576 6641 2416 8 2353 6578 6643 2418 2352 6577
6642 2417 8 2354 6579 6644 2419 2353 6578 6643
2418 8 2355 6580 6645 2420 2354 6579 6644 2419
8 2356 6581 6646 2421 2355 6580 6645 2420 8
2357 6582 6647 2422 2356 6581 6646 2421 8 2358
6583 6648 2423 2357 6582 6647 2422 8 2359 6584
6649 2424 2358 6583 6648 2423 8 2360 6585 6650
2425 2359 6584 6649 2424 8 2361 6586 6651 2426
2360 6585 6650 2425 8 2362 6587 6652 2427 2361
6586 6651 2426 8 2363 6588 6653 2428 2362 6587
6652 2427 8 2364 6589 6654 2429 2363 6588 6653
2428 8 2365 6590 6655 2430 2364 6589 6654 2429
8 2366 6591 6656 2431 2365 6590 6655 2430 8
2367 6592 6657 2432 2366 6591 6656 2431 8 2368
6593 6658 2433 2367 6592 6657 2432 8 2369 6594
6659 2434 2368 6593 6658 2433 8 2370 6595 6660
2435 2369 6594 6659 2434 8 2371 6596 6661 2436
2370 6595 6660 2435 8 2372 6597 6662 2437 2371
6596 6661 2436 8 2373 6598 6663 2438 2372 6597
6662 2437 8 2374 6599 6664 2439 2373 6598 6663
2438 8 2375 6600 6665 2440 2374 6599 6664 2439
8 2376 6601 6666 2441 2375 6600 6665 2440 8
2377 6602 6667 2442 2376 6601 6666 2441 8 2378
6603 6668 2443 2377 6602 6667 2442 8 2379 6604
6669 2444 2378 6603 6668 2443 8 2380 6605 6670
2445 2379 6604 6669 2444 8 2381 6606 6671 2446
2380 6605 6670 2445 8 2382 6607 6672 2447 2381
6606 6671 2446 8 2383 6608 6673 2448 2382 6607
6672 2447 8 2384 6609 6674 2449 2383 6608 6673
2448 8 2385 6610 6675 2450 2384 6609 6674 2449
8 2386 6611 6676 2451 2385 6610 6675 2450 8
2387 6612 6677 2452 2386 6611 6676 2451 8 2388
6613 6678 2453 2387 6612 6677 2452 8 2389 6614
6679 2454 2388 6613 6678 2453 8 2390 6615 6680
2455 2389 6614 6679 2454 8 2391 6616 6681 2456
2390 6615 6680 2455 8 2392 6617 6682 2457 2391
6616 6681 2456 8 2393 6618 6683 2458 2392 6617
6682 2457 8 2394 6619 6684 2459 2393 6618 6683
2458 8 2395 6620 6685 2460 2394 6619 6684 2459
8 2396 6621 6686 2461 2395 6620 6685 2460 8
2397 6622 6687 2462 2396 6621 6686 2461 8 2398
6623 6688 2463 2397 6622 6687 2462 8 2399 6624
6689 2464 2398 6623 6688 2463 8 2400 6625 6690
2465 2399 6624 6689 2464 8 2401 6626 6691 2466
2400 6625 6690 2465 8 2402 6627 6692 2467 2401
6626 6691 2466 8 2403 6628 6693 2468 2402 6627
6692 2467 8 2468 2469 6694 6693 2403 2404 6629
6628 8 2406 6631 6696 2471 2405 6630 6695 2470
8 2407 6632 6697 2472 2406 6631 6696 2471 8
2408 6633 6698 2473 2407 6632 6697 2472 8 2409
6634 6699 2474 2408 6633 6698 2473 8 2410 6635
6700 2475 2409 6634 6699 2474 8 2411 6636 6701
2476 2410 6635 6700 2475 8 2412 6637 6702 2477
2411 6636 6701 2476 8 2413 6638 6703 2478 2412
6637 6702 2477 8 2414 6639 6704 2479 2413 6638
6703 2478 8 2415 6640 6705 2480 2414 6639 6704
2479 8 2416 6641 6706 2481 2415 6640 6705 2480
8 2417 6642 6707 2482 2416 6641 6706 2481 8
2418 6643 6708 2483 2417 6642 6707 2482 8 2419
6644 6709 2484 2418 6643 6708 2483 8 2420 6645
6710 2485 2419 6644 6709 2484 8 2421 6646 6711
2486 2420 6645 6710 2485 8 2422 6647 6712 2487
2421 6646 6711 2486 8 2423 6648 6713 2488 2422
6647 6712 2487 8 2424 6649 6714 2489 2423 6648
6713 2488 8 2425 6650 6715 2490 2424 6649 6714
2489 8 2426 6651 6716 2491 2425 6650 6715 2490
8 2427 6652 6717 2492 2426 6651 6716 2491 8
2428 6653 6718 2493 2427 6652 6717 2492 8 2429
6654 6719 2494 2428 6653 6718 2493 8 2430 6655
6720 2495 2429 6654 6719 2494 8 2431 6656 6721
2496 2430 6655 6720 2495 8 2432 6657 6722 2497
2431 6656 6721 2496 8 2433 6658 6723 2498 2432
6657 6722 2497 8 2434 6659 6724 2499 2433 6658
6723 2498 8 2435 6660 6725 2500 2434 6659 6724
2499 8 2436 6661 6726 2501 2435 6660 6725 2500
8 2437 6662 6727 2502 2436 6661 6726 2501 8
2438 6663 6728 2503 2437 6662 6727 2502 8 2439
6664 6729 2504 2438 6663 6728 2503 8 2440 6665
6730 2505 2439 6664 6729 2504 8 2441 6666 6731
2506 2440 6665 6730 2505 8 2442 6667 6732 2507
2441 6666 6731 2506 8 2443 6668 6733 2508 2442
6667 6732 2507 8 2444 6669 6734 2509 2443 6668
6733 2508 8 2445 6670 6735 2510 2444 6669 6734
2509 8 2446 6671 6736 2511 2445 6670 6735 2510
8 2447 6672 6737 2512 2446 6671 6736 2511 8
2448 6673 6738 2513 2447 6672 6737 2512 8 2449
6674 6739 2514 2448 6673 6738 2513 8 2450 6675
6740 2515 2449 6674 6739 2514 8 2451 6676 6741
2516 2450 6675 6740 2515 8 2452 6677 6742 2517
2451 6676 6741 2516 8 2453 6678 6743 2518 2452
6677 6742 2517 8 2454 6679 6744 2519 2453 6678
6743 2518 8 2455 6680 6745 2520 2454 6679 6744
2519 8 2456 6681 6746 2521 2455 6680 6745 2520
8 2457 6682 6747 2522 2456 6681 6746 2521 8
2458 6683 6748 2523 2457 6682 6747 2522 8 2459
6684 6749 2524 2458 6683 6748 2523 8 2460 6685
6750 2525 2459 6684 6749 2524 8 2461 6686 6751
2526 2460 6685 6750 2525 8 2462 6687 6752 2527
2461 6686 6751 2526 8 2463 6688 6753 2528 2462
6687 6752 2527 8 2464 6689 6754 2529 2463 6688
6753 2528 8 2465 6690 6755 2530 2464 6689 6754
2529 8 2466 6691 6756 2531 2465 6690 6755 2530
8 2467 6692 6757 2532 2466 6691 6756 2531 8
2468 6693 6758 2533 2467 6692 6757 2532 8 2533
2534 6759 6758 2468 2469 6694 6693 8 2471 6696
6761 2536 2470 6695 6760 2535 8 2472 6697 6762
2537 2471 6696 6761 2536 8 2473 6698 6763 2538
2472 6697 6762 2537 8 2474 6699 6764 2539 2473
6698 6763 2538 8 2475 6700 6765 2540 2474 6699
6764 2539 8 2476 6701 6766 2541 2475 6700 6765
2540 8 2477 6702 6767 2542 2476 6701 6766 2541
8 2478 6703 6768 2543 2477 6702 6767 2542 8
2479 6704 6769 2544 2478 6703 6768 2543 8 2480
6705 6770 2545 2479 6704 6769 2544 8 2481 6706
6771 2546 2480 6705 6770 2545 8 2482 6707 6772
2547 2481 6706 6771 2546 8 2483 6708 6773 2548
2482 6707 6772 2547 8 2484 6709 6774 2549 2483
6708 6773 2548 8 2485 6710 6775 2550 2484 6709
6774 2549 8 2486 6711 6776 2551 2485 6710 6775
2550 8 2487 6712 6777 2552 2486 6711 6776 2551
8 2488 6713 6778 2553 2487 6712 6777 2552 8
2489 6714 6779 2554 2488 6713 6778 2553 8 2490
6715 6780 2555 2489 6714 6779 2554 8 2491 6716
6781 2556 2490 6715 6780 2555 8 2492 6717 6782
2557 2491 6716 6781 2556 8 2493 6718 6783 2558
2492 6717 6782 2557 8 2494 6719 6784 2559 2493
6718 6783 2558 8 2495 6720 6785 2560 2494 6719
6784 2559 8 2496 6721 6786 2561 2495 6720 6785
2560 8 2497 6722 6787 2562 2496 6721 6786 2561
8 2498 6723 6788 2563 2497 6722 6787 2562 8
2499 6724 6789 2564 2498 6723 6788 2563 8 2500
6725 6790 2565 2499 6724 6789 2564 8 2501 6726
6791 2566 2500 6725 6790 2565 8 2502 6727 6792
2567 2501 6726 6791 2566 8 2503 6728 6793 2568
2502 6727 6792 2567 8 2504 6729 6794 2569 2503
6728 6793 2568 8 2505 6730 6795 2570 2504 6729
6794 2569 8 2506 6731 6796 2571 2505 6730 6795
2570 8 2507 6732 6797 2572 2506 6731 6796 2571
8 2508 6733 6798 2573 2507 6732 6797 2572 8
2509 6734 6799 2574 2508 6733 6798 2573 8 2510
6735 6800 2575 2509 6734 6799 2574 8 2511 6736
6801 2576 2510 6735 6800 2575 8 2512 6737 6802
2577 2511 6736 6801 2576 8 2513 6738 6803 2578
2512 6737 6802 2577 8 2514 6739 6804 2579 2513
6738 6803 2578 8 2515 6740 6805 2580 2514 6739
6804 2579 8 2516 6741 6806 2581 2515 6740 6805
2580 8 2517 6742 6807 2582 2516 6741 6806 2581
8 2518 6743 6808 2583 2517 6742 6807 2582 8
2519 6744 6809 2584 2518 6743 6808 2583 8 2520
6745 6810 2585 2519 6744 6809 2584 8 2521 6746
6811 2586 2520 6745 6810 2585 8 2522 6747 6812
2587 2521 6746 6811 2586 8 2523 6748 6813 2588
2522 6747 6812 2587 8 2524 6749 6814 2589 2523
6748 6813 2588 8 2525 6750 6815 2590 2524 6749
6814 2589 8 2526 6751 6816 2591 2525 6750 6815
2590 8 2527 6752 6817 2592 2526 6751 6816 2591
8 2528 6753 6818 2593 2527 6752 6817 2592 8
2529 6754 6819 2594 2528 6753 6818 2593 8 2530
6755 6820 2595 2529 6754 6819 2594 8 2531 6756
6821 2596 2530 6755 6820 2595 8 2532 6757 6822
2597 2531 6756 6821 2596 8 2533 6758 6823 2598
2532 6757 6822 2597 8 2598 2599 6824 6823 2533
2534 6759 6758 8 2536 6761 6826 2601 2535 6760
6825 2600 8 2537 6762 6827 2602 2536 6761 6826
2601 8 2538 6763 6828 2603 2537 6762 6827 2602
8 2539 6764 6829 2604 2538 6763 6828 2603 8
2540 6765 6830 2605 2539 6764 6829 2604 8 2541
6766 6831 2606 2540 6765 6830 2605 8 2542 6767
6832 2607 2541 6766 6831 2606 8 2543 6768 6833
2608 2542 6767 6832 2607 8 2544 6769 6834 2609
2543 6768 6833 2608 8 2545 6770 6835 2610 2544
6769 6834 2609 8 2546 6771 6836 2611 2545 6770
6835 2610 8 2547 6772 6837 2612 2546 6771 6836
2611 8 2548 6773 6838 2613 2547 6772 6837 2612
8 2549 6774 6839 2614 2548 6773 6838 2613 8
2550 6775 6840 2615 2549 6774 6839 2614 8 2551
6776 6841 2616 2550 6775 6840 2615 8 2552 6777
6842 2617 2551 6776 6841 2616 8 2553 6778 6843
2618 2552 6777 6842 2617 8 2554 6779 6844 2619
2553 6778 6843 2618 8 2555 6780 6845 2620 2554
6779 6844 2619 8 2556 6781 6846 2621 2555 6780
6845 2620 8 2557 6782 6847 2622 2556 6781 6846
2621 8 2558 6783 6848 2623 2557 6782 6847 2622
8 2559 6784 6849 2624 2558 6783 6848 2623 8
2560 6785 6850 2625 2559 6784 6849 2624 8 2561
6786 6851 2626 2560 6785 6850 2625 8 2562 6787
6852 2627 2561 6786 6851 2626 8 2563 6788 6853
2628 2562 6787 6852 2627 8 2564 6789 6854 2629
2563 6788 6853 2628 8 2565 6790 6855 2630 2564
6789 6854 2629 8 2566 6791 6856 2631 2565 6790
6855 2630 8 2567 6792 6857 2632 2566 6791 6856
2631 8 2568 6793 6858 2633 2567 6792 6857 2632
8 2569 6794 6859 2634 2568 6793 6858 2633 8
2570 6795 6860 2635 2569 6794 6859 2634 8 2571
6796 6861 2636 2570 6795 6860 2635 8 2572 6797
6862 2637 2571 6796 6861 2636 8 2573 6798 6863
2638 2572 6797 6862 2637 8 2574 6799 6864 2639
2573 6798 6863 2638 8 2575 6800 6865 2640 2574
6799 6864 2639 8 2576 6801 6866 2641 2575 6800
6865 2640 8 2577 6802 6867 2642 2576 6801 6866
2641 8 2578 6803 6868 2643 2577 6802 6867 2642
8 2579 6804 6869 2644 2578 6803 6868 2643 8
2580 6805 6870 2645 2579 6804 6869 2644 8 2581
6806 6871 2646 2580 6805 6870 2645 8 2582 6807
6872 2647 2581 6806 6871 2646 8 2583 6808 6873
2648 2582 6807 6872 2647 8 2584 6809 6874 2649
2583 6808 6873 2648 8 2585 6810 6875 2650 2584
6809 6874 2649 8 2586 6811 6876 2651 2585 6810
6875 2650 8 2587 6812 6877 2652 2586 6811 6876
2651 8 2588 6813 6878 2653 2587 6812 6877 2652
8 2589 6814 6879 2654 2588 6813 6878 2653 8
2590 6815 6880 2655 2589 6814 6879 2654 8 2591
6816 6881 2656 2590 6815 6880 2655 8 2592 6817
6882 2657 2591 6816 6881 2656 8 2593 6818 6883
2658 2592 6817 6882 2657 8 2594 6819 6884 2659
2593 6818 6883 2658 8 2595 6820 6885 2660 2594
6819 6884 2659 8 2596 6821 6886 2661 2595 6820
6885 2660 8 2597 6822 6887 2662 2596 6821 6886
2661 8 2598 6823 6888 2663 2597 6822 6887 2662
8 2663 2664 6889 6888 2598 2599 6824 6823 8
2601 6826 6891 2666 2600 6825 6890 2665 8 2602
6827 6892 2667 2601 6826 6891 2666 8 2603 6828
6893 2668 2602 6827 6892 2667 8 2604 6829 6894
2669 2603 6828 6893 2668 8 2605 6830 6895 2670
2604 6829 6894 2669 8 2606 6831 6896 2671 2605
6830 6895 2670 8 2607 6832 6897 2672 2606 6831
6896 2671 8 2608 6833 6898 2673 2607 6832 6897
2672 8 2609 6834 6899 2674 2608 6833 6898 2673
8 2610 6835 6900 2675 2609 6834 6899 2674 8
2611 6836 6901 2676 2610 6835 6900 2675 8 2612
6837 6902 2677 2611 6836 6901 2676 8 2613 6838
6903 2678 2612 6837 6902 2677 8 2614 6839 6904
2679 2613 6838 6903 2678 8 2615 6840 6905 2680
2614 6839 6904 2679 8 2616 6841 6906 2681 2615
6840 6905 2680 8 2617 6842 6907 2682 2616 6841
6906 2681 8 2618 6843 6908 2683 2617 6842 6907
2682 8 2619 6844 6909 2684 2618 6843 6908 2683
8 2620 6845 6910 2685 2619 6844 6909 2684 8
2621 6846 6911 2686 2620 6845 6910 2685 8 2622
6847 6912 2687 2621 6846 6911 2686 8 2623 6848
6913 2688 2622 6847 6912 2687 8 2624 6849 6914
2689 2623 6848 6913 2688 8 2625 6850 6915 2690
2624 6849 6914 2689 8 2626 6851 6916 2691 2625
6850 6915 2690 8 2627 6852 6917 2692 2626 6851
6916 2691 8 2628 6853 6918 2693 2627 6852 6917
2692 8 2629 6854 6919 2694 2628 6853 6918 2693
8 2630 6855 6920 2695 2629 6854 6919 2694 8
2631 6856 6921 2696 2630 6855 6920 2695 8 2632
6857 6922 2697 2631 6856 6921 2696 8 2633 6858
6923 2698 2632 6857 6922 2697 8 2634 6859 6924
2699 2633 6858 6923 2698 8 2635 6860 6925 2700
2634 6859 6924 2699 8 2636 6861 6926 2701 2635
6860 6925 2700 8 2637 6862 6927 2702 2636 6861
6926 2701 8 2638 6863 6928 2703 2637 6862 6927
2702 8 2639 6864 6929 2704 2638 6863 6928 2703
8 2640 6865 6930 2705 2639 6864 6929 2704 8
2641 6866 6931 2706 2640 6865 6930 2705 8 2642
6867 6932 2707 2641 6866 6931 2706 8 2643 6868
6933 2708 2642 6867 6932 2707 8 2644 6869 6934
2709 2643 6868 6933 2708 8 2645 6870 6935 2710
2644 6869 6934 2709 8 2646 6871 6936 2711 2645
6870 6935 2710 8 2647 6872 6937 2712 2646 6871
6936 2711 8 2648 6873 6938 2713 2647 6872 6937
2712 8 2649 6874 6939 2714 2648 6873 6938 2713
8 2650 6875 6940 2715 2649 6874 6939 2714 8
2651 6876 6941 2716 2650 6875 6940 2715 8 2652
6877 6942 2717 2651 6876 6941 2716 8 2653 6878
6943 2718 2652 6877 6942 2717 8 2654 6879 6944
2719 2653 6878 6943 2718 8 2655 6880 6945 2720
2654 6879 6944 2719 8 2656 6881 6946 2721 2655
6880 6945 2720 8 2657 6882 6947 2722 2656 6881
6946 2721 8 2658 6883 6948 2723 2657 6882 6947
2722 8 2659 6884 6949 2724 2658 6883 6948 2723
8 2660 6885 6950 2725 2659 6884 6949 2724 8
2661 6886 6951 2726 2660 6885 6950 2725 8 2662
6887 6952 2727 2661 6886 6951 2726 8 2663 6888
6953 2728 2662 6887 6952 2727 8 2728 2729 6954
6953 2663 2664 6889 6888 8 2666 6891 6956 2731
2665 6890 6955 2730 8 2667 6892 6957 2732 2666
6891 6956 2731 8 2668 6893 6958 2733 2667 6892
6957 2732 8 2669 6894 6959 2734 2668 6893 6958
2733 8 2670 6895 6960 2735 2669 6894 6959 2734
8 2671 6896 6961 2736 2670 6895 6960 2735 8
2672 6897 6962 2737 2671 6896 6961 2736 8 2673
6898 6963 2738 2672 6897 6962 2737 8 2674 6899
6964 2739 2673 6898 6963 2738 8 2675 6900 6965
2740 2674 6899 6964 2739 8 2676 6901 6966 2741
2675 6900 6965 2740 8 2677 6902 6967 2742 2676
6901 6966 2741 8 2678 6903 6968 2743 2677 6902
6967 2742 8 2679 6904 6969 2744 2678 6903 6968
2743 8 2680 6905 6970 2745 2679 6904 6969 2744
8 2681 6906 6971 2746 2680 6905 6970 2745 8
2682 6907 6972 2747 2681 6906 6971 2746 8 2683
6908 6973 2748 2682 6907 6972 2747 8 2684 6909
6974 2749 2683 6908 6973 2748 8 2685 6910 6975
2750 2684 6909 6974 2749 8 2686 6911 6976 2751
2685 6910 6975 2750 8 2687 6912 6977 2752 2686
6911 6976 2751 8 2688 6913 6978 2753 2687 6912
6977 2752 8 2689 6914 6979 2754 2688 6913 6978
2753 8 2690 6915 6980 2755 2689 6914 6979 2754
8 2691 6916 6981 2756 2690 6915 6980 2755 8
2692 6917 6982 2757 2691 6916 6981 2756 8 2693
6918 6983 2758 2692 6917 6982 2757 8 2694 6919
6984 2759 2693 6918 6983 2758 8 2695 6920 6985
2760 2694 6919 6984 2759 8 2696 6921 6986 2761
2695 6920 6985 2760 8 2697 6922 6987 2762 2696
6921 6986 2761 8 2698 6923 6988 2763 2697 6922
6987 2762 8 2699 6924 6989 2764 2698 6923 6988
2763 8 2700 6925 6990 2765 2699 6924 6989 2764
8 2701 6926 6991 2766 2700 6925 6990 2765 8
2702 6927 6992 2767 2701 6926 6991 2766 8 2703
6928 6993 2768 2702 6927 6992 2767 8 2704 6929
6994 2769 2703 6928 6993 2768 8 2705 6930 6995
2770 2704 6929 6994 2769 8 2706 6931 6996 2771
2705 6930 6995 2770 8 2707 6932 6997 2772 2706
6931 6996 2771 8 2708 6933 6998 2773 2707 6932
6997 2772 8 2709 6934 6999 2774 2708 6933 6998
2773 8 2710 6935 7000 2775 2709 6934 6999 2774
8 2711 6936 7001 2776 2710 6935 7000 2775 8
2712 6937 7002 2777 2711 6936 7001 2776 8 2713
6938 7003 2778 2712 6937 7002 2777 8 2714 6939
7004 2779 2713 6938 7003 2778 8 2715 6940 7005
2780 2714 6939 7004 2779 8 2716 6941 7006 2781
2715 6940 7005 2780 8 2717 6942 7007 2782 2716
6941 7006 2781 8 2718 6943 7008 2783 2717 6942
7007 2782 8 2719 6944 7009 2784 2718 6943 7008
2783 8 2720 6945 7010 2785 2719 6944 7009 2784
8 2721 6946 7011 2786 2720 6945 7010 2785 8
2722 6947 7012 2787 2721 6946 7011 2786 8 2723
6948 7013 2788 2722 6947 7012 2787 8 2724 6949
7014 2789 2723 6948 7013 2788 8 2725 6950 7015
2790 2724 6949 7014 2789 8 2726 6951 7016 2791
2725 6950 7015 2790 8 2727 6952 7017 2792 2726
6951 7016 2791 8 2728 6953 7018 2793 2727 6952
7017 2792 8 2793 2794 7019 7018 2728 2729 6954
6953 8 2731 6956 7021 2796 2730 6955 7020 2795
8 2732 6957 7022 2797 2731 6956 7021 2796 8
2733 6958 7023 2798 2732 6957 7022 2797 8 2734
6959 7024 2799 2733 6958 7023 2798 8 2735 6960
7025 2800 2734 6959 7024 2799 8 2736 6961 7026
2801 2735 6960 7025 2800 8 2737 6962 7027 2802
2736 6961 7026 2801 8 2738 6963 7028 2803 2737
6962 7027 2802 8 2739 6964 7029 2804 2738 6963
7028 2803 8 2740 6965 7030 2805 2739 6964 7029
2804 8 2741 6966 7031 2806 2740 6965 7030 2805
8 2742 6967 7032 2807 2741 6966 7031 2806 8
2743 6968 7033 2808 2742 6967 7032 2807 8 2744
6969 7034 2809 2743 6968 7033 2808 8 2745 6970
7035 2810 2744 6969 7034 2809 8 2746 6971 7036
2811 2745 6970 7035 2810 8 2747 6972 7037 2812
2746 6971 7036 2811 8 2748 6973 7038 2813 2747
6972 7037 2812 8 2749 6974 7039 2814 2748 6973
7038 2813 8 2750 6975 7040 2815 2749 6974 7039
2814 8 2751 6976 7041 2816 2750 6975 7040 2815
8 2752 6977 7042 2817 2751 6976 7041 2816 8
2753 6978 7043 2818 2752 6977 7042 2817 8 2754
6979 7044 2819 2753 6978 7043 2818 8 2755 6980
7045 2820 2754 6979 7044 2819 8 2756 6981 7046
2821 2755 6980 7045 2820 8 2757 6982 7047 2822
2756 6981 7046 2821 8 2758 6983 7048 2823 2757
6982 7047 2822 8 2759 6984 7049 2824 2758 6983
7048 2823 8 2760 6985 7050 2825 2759 6984 7049
2824 8 2761 6986 7051 2826 2760 6985 7050 2825
8 2762 6987 7052 2827 2761 6986 7051 2826 8
2763 6988 7053 2828 2762 6987 7052 2827 8 2764
6989 7054 2829 2763 6988 7053 2828 8 2765 6990
7055 2830 2764 6989 7054 2829 8 2766 6991 7056
2831 2765 6990 7055 2830 8 2767 6992 7057 2832
2766 6991 7056 2831 8 2768 6993 7058 2833 2767
6992 7057 2832 8 2769 6994 7059 2834 2768 6993
7058 2833 8 2770 6995 7060 2835 2769 6994 7059
2834 8 2771 6996 7061 2836 2770 6995 7060 2835
8 2772 6997 7062 2837 2771 6996 7061 2836 8
2773 6998 7063 2838 2772 6997 7062 2837 8 2774
6999 7064 2839 2773 6998 7063 2838 8 2775 7000
7065 2840 2774 6999 7064 2839 8 2776 7001 7066
2841 2775 7000 7065 2840 8 2777 7002 7067 2842
2776 7001 7066 2841 8 2778 7003 7068 2843 2777
7002 7067 2842 8 2779 7004 7069 2844 2778 7003
7068 2843 8 2780 7005 7070 2845 2779 7004 7069
2844 8 2781 7006 7071 2846 2780 7005 7070 2845
8 2782 7007 7072 2847 2781 7006 7071 2846 8
2783 7008 7073 2848 2782 7007 7072 2847 8 2784
7009 7074 2849 2783 7008 7073 2848 8 2785 7010
7075 2850 2784 7009 7074 2849 8 2786 7011 7076
2851 2785 7010 7075 2850 8 2787 7012 7077 2852
2786 7011 7076 2851 8 2788 7013 7078 2853 2787
7012 7077 2852 8 2789 7014 7079 2854 2788 7013
7078 2853 8 2790 7015 7080 2855 2789 7014 7079
2854 8 2791 7016 7081 2856 2790 7015 7080 2855
8 2792 7017 7082 2857 2791 7016 7081 2856 8
2793 7018 7083 2858 2792 7017 7082 2857 8 2858
2859 7084 7083 2793 2794 7019 7018 8 2796 7021
7086 2861 2795 7020 7085 2860 8 2797 7022 7087
2862 2796 7021 7086 2861 8 2798 7023 7088 2863
2797 7022 7087 2862 8 2799 7024 7089 2864 2798
7023 7088 2863 8 2800 7025 7090 2865 2799 7024
7089 2864 8 2801 7026 7091 2866 2800 7025 7090
2865 8 2802 7027 7092 2867 2801 7026 7091 2866
8 2803 7028 7093 2868 2802 7027 7092 2867 8
2804 7029 7094 2869 2803 7028 7093 2868 8 2805
7030 7095 2870 2804 7029 7094 2869 8 2806 7031
7096 2871 2805 7030 7095 2870 8 2807 7032 7097
2872 2806 7031 7096 2871 8 2808 7033 7098 2873
2807 7032 7097 2872 8 2809 7034 7099 2874 2808
7033 7098 2873 8 2810 7035 7100 2875 2809 7034
7099 2874 8 2811 7036 7101 2876 2810 7035 7100
2875 8 2812 7037 7102 2877 2811 7036 7101 2876
8 2813 7038 7103 2878 2812 7037 7102 2877 8
2814 7039 7104 2879 2813 7038 7103 2878 8 2815
7040 7105 2880 2814 7039 7104 2879 8 2816 7041
7106 2881 2815 7040 7105 2880 8 2817 7042 7107
2882 2816 7041 7106 2881 8 2818 7043 7108 2883
2817 7042 7107 2882 8 2819 7044 7109 2884 2818
7043 7108 2883 8 2820 7045 7110 2885 2819 7044
7109 2884 8 2821 7046 7111 2886 2820 7045 7110
2885 8 2822 7047 7112 2887 2821 7046 7111 2886
8 2823 7048 7113 2888 2822 7047 7112 2887 8
2824 7049 7114 2889 2823 7048 7113 2888 8 2825
7050 7115 2890 2824 7049 7114 2889 8 2826 7051
7116 2891 2825 7050 7115 2890 8 2827 7052 7117
2892 2826 7051 7116 2891 8 2828 7053 7118 2893
2827 7052 7117 2892 8 2829 7054 7119 2894 2828
7053 7118 2893 8 2830 7055 7120 2895 2829 7054
7119 2894 8 2831 7056 7121 2896 2830 7055 7120
2895 8 2832 7057 7122 2897 2831 7056 7121 2896
8 2833 7058 7123 2898 2832 7057 7122 2897 8
2834 7059 7124 2899 2833 7058 7123 2898 8 2835
7060 7125 2900 2834 7059 7124 2899 8 2836 7061
7126 2901 2835 7060 7125 2900 8 2837 7062 7127
2902 2836 7061 7126 2901 8 2838 7063 7128 2903
2837 7062 7127 2902 8 2839 7064 7129 2904 2838
7063 7128 2903 8 2840 7065 7130 2905 2839 7064
7129 2904 8 2841 7066 7131 2906 2840 7065 7130
2905 8 2842 7067 7132 2907 2841 7066 7131 2906
8 2843 7068 7133 2908 2842 7067 7132 2907 8
2844 7069 7134 2909 2843 7068 7133 2908 8 2845
7070 7135 2910 2844 7069 7134 2909 8 2846 7071
7136 2911 2845 7070 7135 2910 8 2847 7072 7137
2912 2846 7071 7136 2911 8 2848 7073 7138 2913
2847 7072 7137 2912 8 2849 7074 7139 2914 2848
7073 7138 2913 8 2850 7075 7140 2915 2849 7074
7139 2914 8 2851 7076 7141 2916 2850 7075 7140
2915 8 2852 7077 7142 2917 2851 7076 7141 2916
8 2853 7078 7143 2918 2852 7077 7142 2917 8
2854 7079 7144 2919 2853 7078 7143 2918 8 2855
7080 7145 2920 2854 7079 7144 2919 8 2856 7081
7146 2921 2855 7080 7145 2920 8 2857 7082 7147
2922 2856 7081 7146 2921 8 2858 7083 7148 2923
2857 7082 7147 2922 8 2923 2924 7149 7148 2858
2859 7084 7083 8 2861 7086 7151 2926 2860 7085
7150 2925 8 2862 7087 7152 2927 2861 7086 7151
2926 8 2863 7088 7153 2928 2862 7087 7152 2927
8 2864 7089 7154 2929 2863 7088 7153 2928 8
2865 7090 7155 2930 2864 7089 7154 2929 8 2866
7091 7156 2931 2865 7090 7155 2930 8 2867 7092
7157 2932 2866 7091 7156 2931 8 2868 7093 7158
2933 2867 7092 7157 2932 8 2869 7094 7159 2934
2868 7093 7158 2933 8 2870 7095 7160 2935 2869
7094 7159 2934 8 2871 7096 7161 2936 2870 7095
7160 2935 8 2872 7097 7162 2937 2871 7096 7161
2936 8 2873 7098 7163 2938 2872 7097 7162 2937
8 2874 7099 7164 2939 2873 7098 7163 2938 8
2875 7100 7165 2940 2874 7099 7164 2939 8 2876
7101 7166 2941 2875 7100 7165 2940 8 2877 7102
7167 2942 2876 7101 7166 2941 8 2878 7103 7168
2943 2877 7102 7167 2942 8 2879 7104 7169 2944
2878 7103 7168 2943 8 2880 7105 7170 2945 2879
7104 7169 2944 8 2881 7106 7171 2946 2880 7105
7170 2945 8 2882 7107 7172 2947 2881 7106 7171
2946 8 2883 7108 7173 2948 2882 7107 7172 2947
8 2884 7109 7174 2949 2883 7108 7173 2948 8
2885 7110 7175 2950 2884 7109 7174 2949 8 2886
7111 7176 2951 2885 7110 7175 2950 8 2887 7112
7177 2952 2886 7111 7176 2951 8 2888 7113 7178
2953 2887 7112 7177 2952 8 2889 7114 7179 2954
2888 7113 7178 2953 8 2890 7115 7180 2955 2889
7114 7179 2954 8 2891 7116 7181 2956 2890 7115
7180 2955 8 2892 7117 7182 2957 2891 7116 7181
2956 8 2893 7118 7183 2958 2892 7117 7182 2957
8 2894 7119 7184 2959 2893 7118 7183 2958 8
2895 7120 7185 2960 2894 7119 7184 2959 8 2896
7121 7186 2961 2895 7120 7185 2960 8 2897 7122
7187 2962 2896 7121 7186 2961 8 2898 7123 7188
2963 2897 7122 7187 2962 8 2899 7124 7189 2964
2898 7123 7188 2963 8 2900 7125 7190 2965 2899
7124 7189 2964 8 2901 7126 7191 2966 2900 7125
7190 2965 8 2902 7127 7192 2967 2901 7126 7191
2966 8 2903 7128 7193 2968 2902 7127 7192 2967
8 2904 7129 7194 2969 2903 7128 7193 2968 8
2905 7130 7195 2970 2904 7129 7194 2969 8 2906
7131 7196 2971 2905 7130 7195 2970 8 2907 7132
7197 2972 2906 7131 7196 2971 8 2908 7133 7198
2973 2907 7132 7197 2972 8 2909 7134 7199 2974
2908 7133 7198 2973 8 2910 7135 7200 2975 2909
7134 7199 2974 8 2911 7136 7201 2976 2910 7135
7200 2975 8 2912 7137 7202 2977 2911 7136 7201
2976 8 2913 7138 7203 2978 2912 7137 7202 2977
8 2914 7139 7204 2979 2913 7138 7203 2978 8
2915 7140 7205 2980 2914 7139 7204 2979 8 2916
7141 7206 2981 2915 7140 7205 2980 8 2917 7142
7207 2982 2916 7141 7206 2981 8 2918 7143 7208
2983 2917 7142 7207 2982 8 2919 7144 7209 2984
2918 7143 7208 2983 8 2920 7145 7210 2985 2919
7144 7209 2984 8 2921 7146 7211 2986 2920 7145
7210 2985 8 2922 7147 7212 2987 2921 7146 7211
2986 8 2923 7148 7213 2988 2922 7147 7212 2987
8 2988 2989 7214 7213 2923 2924 7149 7148 8
2926 7151 7216 2991 2925 7150 7215 2990 8 2927
7152 7217 2992 2926 7151 7216 2991 8 2928 7153
7218 2993 2927 7152 7217 2992 8 2929 7154 7219
2994 2928 7153 7218 2993 8 2930 7155 7220 2995
2929 7154 7219 2994 8 2931 7156 7221 2996 2930
7155 7220 2995 8 2932 7157 7222 2997 2931 7156
7221 2996 8 2933 7158 7223 2998 2932 7157 7222
2997 8 2934 7159 7224 2999 2933 7158 7223 2998
8 2935 7160 7225 3000 2934 7159 7224 2999 8
2936 7161 7226 3001 2935 7160 7225 3000 8 2937
7162 7227 3002 2936 7161 7226 3001 8 2938 7163
7228 3003 2937 7162 7227 3002 8 2939 7164 7229
3004 2938 7163 7228 3003 8 2940 7165 7230 3005
2939 7164 7229 3004 8 2941 7166 7231 3006 2940
7165 7230 3005 8 2942 7167 7232 3007 2941 7166
7231 3006 8 2943 7168 7233 3008 2942 7167 7232
3007 8 2944 7169 7234 3009 2943 7168 7233 3008
8 2945 7170 7235 3010 2944 7169 7234 3009 8
2946 7171 7236 3011 2945 7170 7235 3010 8 2947
7172 7237 3012 2946 7171 7236 3011 8 2948 7173
7238 3013 2947 7172 7237 3012 8 2949 7174 7239
3014 2948 7173 7238 3013 8 2950 7175 7240 3015
2949 7174 7239 3014 8 2951 7176 7241 3016 2950
7175 7240 3015 8 2952 7177 7242 3017 2951 7176
7241 3016 8 2953 7178 7243 3018 2952 7177 7242
3017 8 2954 7179 7244 3019 2953 7178 7243 3018
8 2955 7180 7245 3020 2954 7179 7244 3019 8
2956 7181 7246 3021 2955 7180 7245 3020 8 2957
7182 7247 3022 2956 7181 7246 3021 8 2958 7183
7248 3023 2957 7182 7247 3022 8 2959 7184 7249
3024 2958 7183 7248 3023 8 2960 7185 7250 3025
2959 7184 7249 3024 8 2961 7186 7251 3026 2960
7185 7250 3025 8 2962 7187 7252 3027 2961 7186
7251 3026 8 2963 7188 7253 3028 2962 7187 7252
3027 8 2964 7189 7254 3029 2963 7188 7253 3028
8 2965 7190 7255 3030 2964 7189 7254 3029 8
2966 7191 7256 3031 2965 7190 7255 3030 8 2967
7192 7257 3032 2966 7191 7256 3031 8 2968 7193
7258 3033 2967 7192 7257 3032 8 2969 7194 7259
3034 2968 7193 7258 3033 8 2970 7195 7260 3035
2969 7194 7259 3034 8 2971 7196 7261 3036 2970
7195 7260 3035 8 2972 7197 7262 3037 2971 7196
7261 3036 8 2973 7198 7263 3038 2972 7197 7262
3037 8 2974 7199 7264 3039 2973 7198 7263 3038
8 2975 7200 7265 3040 2974 7199 7264 3039 8
2976 7201 7266 3041 2975 7200 7265 3040 8 2977
7202 7267 3042 2976 7201 7266 3041 8 2978 7203
7268 3043 2977 7202 7267 3042 8 2979 7204 7269
3044 2978 7203 7268 3043 8 2980 7205 7270 3045
2979 7204 7269 3044 8 2981 7206 7271 3046 2980
7205 7270 3045 8 2982 7207 7272 3047 2981 7206
7271 3046 8 2983 7208 7273 3048 2982 7207 7272
3047 8 2984 7209 7274 3049 2983 7208 7273 3048
8 2985 7210 7275 3050 2984 7209 7274 3049 8
2986 7211 7276 3051 2985 7210 7275 3050 8 2987
7212 7277 3052 2986 7211 7276 3051 8 2988 7213
7278 3053 2987 7212 7277 3052 8 3053 3054 7279
7278 2988 2989 7214 7213 8 2991 7216 7281 3056
2990 7215 7280 3055 8 2992 7217 7282 3057 2991
7216 7281 3056 8 2993 7218 7283 3058 2992 7217
7282 3057 8 2994 7219 7284 3059 2993 7218 7283
3058 8 2995 7220 7285 3060 2994 7219 7284 3059
8 2996 7221 7286 3061 2995 7220 7285 3060 8
2997 7222 7287 3062 2996 7221 7286 3061 8 2998
7223 7288 3063 2997 7222 7287 3062 8 2999 7224
7289 3064 2998 7223 7288 3063 8 3000 7225 7290
3065 2999 7224 7289 3064 8 3001 7226 7291 3066
3000 7225 7290 3065 8 3002 7227 7292 3067 3001
7226 7291 3066 8 3003 7228 7293 3068 3002 7227
7292 3067 8 3004 7229 7294 3069 3003 7228 7293
3068 8 3005 7230 7295 3070 3004 7229 7294 3069
8 3006 7231 7296 3071 3005 7230 7295 3070 8
3007 7232 7297 3072 3006 7231 7296 3071 8 3008
7233 7298 3073 3007 7232 7297 3072 8 3009 7234
7299 3074 3008 7233 7298 3073 8 3010 7235 7300
3075 3009 7234 7299 3074 8 3011 7236 7301 3076
3010 7235 7300 3075 8 3012 7237 7302 3077 3011
7236 7301 3076 8 3013 7238 7303 3078 3012 7237
7302 3077 8 3014 7239 7304 3079 3013 7238 7303
3078 8 3015 7240 7305 3080 3014 7239 7304 3079
8 3016 7241 7306 3081 3015 7240 7305 3080 8
3017 7242 7307 3082 3016 7241 7306 3081 8 3018
7243 7308 3083 3017 7242 7307 3082 8 3019 7244
7309 3084 3018 7243 7308 3083 8 3020 7245 7310
3085 3019 7244 7309 3084 8 3021 7246 7311 3086
3020 7245 7310 3085 8 3022 7247 7312 3087 3021
7246 7311 3086 8 3023 7248 7313 3088 3022 7247
7312 3087 8 3024 7249 7314 3089 3023 7248 7313
3088 8 3025 7250 7315 3090 3024 7249 7314 3089
8 3026 7251 7316 3091 3025 7250 7315 3090 8
3027 7252 7317 3092 3026 7251 7316 3091 8 3028
7253 7318 3093 3027 7252 7317 3092 8 3029 7254
7319 3094 3028 7253 7318 3093 8 3030 7255 7320
3095 3029 7254 7319 3094 8 3031 7256 7321 3096
3030 7255 7320 3095 8 3032 7257 7322 3097 3031
7256 7321 3096 8 3033 7258 7323 3098 3032 7257
7322 3097 8 3034 7259 7324 3099 3033 7258 7323
3098 8 3035 7260 7325 3100 3034 7259 7324 3099
8 3036 7261 7326 3101 3035 7260 7325 3100 8
3037 7262 7327 3102 3036 7261 7326 3101 8 3038
7263 7328 3103 3037 7262 7327 3102 8 3039 7264
7329 3104 3038 7263 7328 3103 8 3040 7265 7330
3105 3039 7264 7329 3104 8 3041 7266 7331 3106
3040 7265 7330 3105 8 3042 7267 7332 3107 3041
7266 7331 3106 8 3043 7268 7333 3108 3042 7267
7332 3107 8 3044 7269 7334 3109 3043 7268 7333
3108 8 3045 7270 7335 3110 3044 7269 7334 3109
8 3046 7271 7336 3111 3045 7270 7335 3110 8
3047 7272 7337 3112 3046 7271 7336 3111 8 3048
7273 7338 3113 3047 7272 7337 3112 8 3049 7274
7339 3114 3048 7273 7338 3113 8 3050 7275 7340
3115 3049 7274 7339 3114 8 3051 7276 7341 3116
3050 7275 7340 3115 8 3052 7277 7342 3117 3051
7276 7341 3116 8 3053 7278 7343 3118 3052 7277
7342 3117 8 3118 3119 7344 7343 3053 3054 7279
7278 8 3056 7281 7346 3121 3055 7280 7345 3120
8 3057 7282 7347 3122 3056 7281 7346 3121 8
3058 7283 7348 3123 3057 7282 7347 3122 8 3059
7284 7349 3124 3058 7283 7348 3123 8 3060 7285
7350 3125 3059 7284 7349 3124 8 3061 7286 7351
3126 3060 7285 7350 3125 8 3062 7287 7352 3127
3061 7286 7351 3126 8 3063 7288 7353 3128 3062
7287 7352 3127 8 3064 7289 7354 3129 3063 7288
7353 3128 8 3065 7290 7355 3130 3064 7289 7354
3129 8 3066 7291 7356 3131 3065 7290 7355 3130
8 3067 7292 7357 3132 3066 7291 7356 3131 8
3068 7293 7358 3133 3067 7292 7357 3132 8 3069
7294 7359 3134 3068 7293 7358 3133 8 3070 7295
7360 3135 3069 7294 7359 3134 8 3071 7296 7361
3136 3070 7295 7360 3135 8 3072 7297 7362 3137
3071 7296 7361 3136 8 3073 7298 7363 3138 3072
7297 7362 3137 8 3074 7299 7364 3139 3073 7298
7363 3138 8 3075 7300 7365 3140 3074 7299 7364
3139 8 3076 7301 7366 3141 3075 7300 7365 3140
8 3077 7302 7367 3142 3076 7301 7366 3141 8
3078 7303 7368 3143 3077 7302 7367 3142 8 3079
7304 7369 3144 3078 7303 7368 3143 8 3080 7305
7370 3145 3079 7304 7369 3144 8 3081 7306 7371
3146 3080 7305 7370 3145 8 3082 7307 7372 3147
3081 7306 7371 3146 8 3083 7308 7373 3148 3082
7307 7372 3147 8 3084 7309 7374 3149 3083 7308
7373 3148 8 3085 7310 7375 3150 3084 7309 7374
3149 8 3086 7311 7376 3151 3085 7310 7375 3150
8 3087 7312 7377 3152 3086 7311 7376 3151 8
3088 7313 7378 3153 3087 7312 7377 3152 8 3089
7314 7379 3154 3088 7313 7378 3153 8 3090 7315
7380 3155 3089 7314 7379 3154 8 3091 7316 7381
3156 3090 7315 7380 3155 8 3092 7317 7382 3157
3091 7316 7381 3156 8 3093 7318 7383 3158 3092
7317 7382 3157 8 3094 7319 7384 3159 3093 7318
7383 3158 8 3095 7320 7385 3160 3094 7319 7384
3159 8 3096 7321 7386 3161 3095 7320 7385 3160
8 3097 7322 7387 3162 3096 7321 7386 3161 8
3098 7323 7388 3163 3097 7322 7387 3162 8 3099
7324 7389 3164 3098 7323 7388 3163 8 3100 7325
7390 3165 3099 7324 7389 3164 8 3101 7326 7391
3166 3100 7325 7390 3165 8 3102 7327 7392 3167
3101 7326 7391 3166 8 3103 7328 7393 3168 3102
7327 7392 3167 8 3104 7329 7394 3169 3103 7328
7393 3168 8 3105 7330 7395 3170 3104 7329 7394
3169 8 3106 7331 7396 3171 3105 7330 7395 3170
8 3107 7332 7397 3172 3106 7331 7396 3171 8
3108 7333 7398 3173 3107 7332 7397 3172 8 3109
7334 7399 3174 3108 7333 7398 3173 8 3110 7335
7400 3175 3109 7334 7399 3174 8 3111 7336 7401
3176 3110 7335 7400 3175 8 3112 7337 7402 3177
3111 7336 7401 3176 8 3113 7338 7403 3178 3112
7337 7402 3177 8 3114 7339 7404 3179 3113 7338
7403 3178 8 3115 7340 7405 3180 3114 7339 7404
3179 8 3116 7341 7406 3181 3115 7340 7405 3180
8 3117 7342 7407 3182 3116 7341 7406 3181 8
3118 7343 7408 3183 3117 7342 7407 3182 8 3183
3184 7409 7408 3118 3119 7344 7343 8 3121 7346
7411 3186 3120 7345 7410 3185 8 3122 7347 7412
3187 3121 7346 7411 3186 8 3123 7348 7413 3188
3122 7347 7412 3187 8 3124 7349 7414 3189 3123
7348 7413 3188 8 3125 7350 7415 3190 3124 7349
7414 3189 8 3126 7351 7416 3191 3125 7350 7415
3190 8 3127 7352 7417 3192 3126 7351 7416 3191
8 3128 7353 7418 3193 3127 7352 7417 3192 8
3129 7354 7419 3194 3128 7353 7418 3193 8 3130
7355 7420 3195 3129 7354 7419 3194 8 3131 7356
7421 3196 3130 7355 7420 3195 8 3132 7357 7422
3197 3131 7356 7421 3196 8 3133 7358 7423 3198
3132 7357 7422 3197 8 3134 7359 7424 3199 3133
7358 7423 3198 8 3135 7360 7425 3200 3134 7359
7424 3199 8 3136 7361 7426 3201 3135 7360 7425
3200 8 3137 7362 7427 3202 3136 7361 7426 3201
8 3138 7363 7428 3203 3137 7362 7427 3202 8
3139 7364 7429 3204 3138 7363 7428 3203 8 3140
7365 7430 3205 3139 7364 7429 3204 8 3141 7366
7431 3206 3140 7365 7430 3205 8 3142 7367 7432
3207 3141 7366 7431 3206 8 3143 7368 7433 3208
3142 7367 7432 3207 8 3144 7369 7434 3209 3143
7368 7433 3208 8 3145 7370 7435 3210 3144 7369
7434 3209 8 3146 7371 7436 3211 3145 7370 7435
3210 8 3147 7372 7437 3212 3146 7371 7436 3211
8 3148 7373 7438 3213 3147 7372 7437 3212 8
3149 7374 7439 3214 3148 7373 7438 3213 8 3150
7375 7440 3215 3149 7374 7439 3214 8 3151 7376
7441 3216 3150 7375 7440 3215 8 3152 7377 7442
3217 3151 7376 7441 3216 8 3153 7378 7443 3218
3152 7377 7442 3217 8 3154 7379 7444 3219 3153
7378 7443 3218 8 3155 7380 7445 3220 3154 7379
7444 3219 8 3156 7381 7446 3221 3155 7380 7445
3220 8 3157 7382 7447 3222 3156 7381 7446 3221
8 3158 7383 7448 3223 3157 7382 7447 3222 8
3159 7384 7449 3224 3158 7383 7448 3223 8 3160
7385 7450 3225 3159 7384 7449 3224 8 3161 7386
7451 3226 3160 7385 7450 3225 8 3162 7387 7452
3227 3161 7386 7451 3226 8 3163 7388 7453 3228
3162 7387 7452 3227 8 3164 7389 7454 3229 3163
7388 7453 3228 8 3165 7390 7455 3230 3164 7389
7454 3229 8 3166 7391 7456 3231 3165 7390 7455
3230 8 3167 7392 7457 3232 3166 7391 7456 3231
8 3168 7393 7458 3233 3167 7392 7457 3232 8
3169 7394 7459 3234 3168 7393 7458 3233 8 3170
7395 7460 3235 3169 7394 7459 3234 8 3171 7396
7461 3236 3170 7395 7460 3235 8 3172 7397 7462
3237 3171 7396 7461 3236 8 3173 7398 7463 3238
3172 7397 7462 3237 8 3174 7399 7464 3239 3173
7398 7463 3238 8 3175 7400 7465 3240 3174 7399
7464 3239 8 3176 7401 7466 3241 3175 7400 7465
3240 8 3177 7402 7467 3242 3176 7401 7466 3241
8 3178 7403 7468 3243 3177 7402 7467 3242 8
3179 7404 7469 3244 3178 7403 7468 3243 8 3180
7405 7470 3245 3179 7404 7469 3244 8 3181 7406
7471 3246 3180 7405 7470 3245 8 3182 7407 7472
3247 3181 7406 7471 3246 8 3183 7408 7473 3248
3182 7407 7472 3247 8 3248 3249 7474 7473 3183
3184 7409 7408 8 3186 7411 7476 3251 3185 7410
7475 3250 8 3187 7412 7477 3252 3186 7411 7476
3251 8 3188 7413 7478 3253 3187 7412 7477 3252
8 3189 7414 7479 3254 3188 7413 7478 3253 8
3190 7415 7480 3255 3189 7414 7479 3254 8 3191
7416 7481 3256 3190 7415 7480 3255 8 3192 7417
7482 3257 3191 7416 7481 3256 8 3193 7418 7483
3258 3192 7417 7482 3257 8 3194 7419 7484 3259
3193 7418 7483 3258 8 3195 7420 7485 3260 3194
7419 7484 3259 8 3196 7421 7486 3261 3195 7420
7485 3260 8 3197 7422 7487 3262 3196 7421 7486
3261 8 3198 7423 7488 3263 3197 7422 7487 3262
8 3199 7424 7489 3264 3198 7423 7488 3263 8
3200 7425 7490 3265 3199 7424 7489 3264 8 3201
7426 7491 3266 3200 7425 7490 3265 8 3202 7427
7492 3267 3201 7426 7491 3266 8 3203 7428 7493
3268 3202 7427 7492 3267 8 3204 7429 7494 3269
3203 7428 7493 3268 8 3205 7430 7495 3270 3204
7429 7494 3269 8 3206 7431 7496 3271 3205 7430
7495 3270 8 3207 7432 7497 3272 3206 7431 7496
3271 8 3208 7433 7498 3273 3207 7432 7497 3272
8 3209 7434 7499 3274 3208 7433 7498 3273 8
3210 7435 7500 3275 3209 7434 7499 3274 8 3211
7436 7501 3276 3210 7435 7500 3275 8 3212 7437
7502 3277 3211 7436 7501 3276 8 3213 7438 7503
3278 3212 7437 7502 3277 8 3214 7439 7504 3279
3213 7438 7503 3278 8 3215 7440 7505 3280 3214
7439 7504 3279 8 3216 7441 7506 3281 3215 7440
7505 3280 8 3217 7442 7507 3282 3216 7441 7506
3281 8 3218 7443 7508 3283 3217 7442 7507 3282
8 3219 7444 7509 3284 3218 7443 7508 3283 8
3220 7445 7510 3285 3219 7444 7509 3284 8 3221
7446 7511 3286 3220 7445 7510 3285 8 3222 7447
7512 3287 3221 7446 7511 3286 8 3223 7448 7513
3288 3222 7447 7512 3287 8 3224 7449 7514 3289
3223 7448 7513 3288 8 3225 7450 7515 3290 3224
7449 7514 3289 8 3226 7451 7516 3291 3225 7450
7515 3290 8 3227 7452 7517 3292 3226 7451 7516
3291 8 3228 7453 7518 3293 3227 7452 7517 3292
8 3229 7454 7519 3294 3228 7453 7518 3293 8
3230 7455 7520 3295 3229 7454 7519 3294 8 3231
7456 7521 3296 3230 7455 7520 3295 8 3232 7457
7522 3297 3231 7456 7521 3296 8 3233 7458 7523
3298 3232 7457 7522 3297 8 3234 7459 7524 3299
3233 7458 7523 3298 8 3235 7460 7525 3300 3234
7459 7524 3299 8 3236 7461 7526 3301 3235 7460
7525 3300 8 3237 7462 7527 3302 3236 7461 7526
3301 8 3238 7463 7528 3303 3237 7462 7527 3302
8 3239 7464 7529 3304 3238 7463 7528 3303 8
3240 7465 7530 3305 3239 7464 7529 3304 8 3241
7466 7531 3306 3240 7465 7530 3305 8 3242 7467
7532 3307 3241 7466 7531 3306 8 3243 7468 7533
3308 3242 7467 7532 3307 8 3244 7469 7534 3309
3243 7468 7533 3308 8 3245 7470 7535 3310 3244
7469 7534 3309 8 3246 7471 7536 3311 3245 7470
7535 3310 8 3247 7472 7537 3312 3246 7471 7536
3311 8 3248 7473 7538 3313 3247 7472 7537 3312
8 3313 3314 7539 7538 3248 3249 7474 7473 8
3251 7476 7541 3316 3250 7475 7540 3315 8 3252
7477 7542 3317 3251 7476 7541 3316 8 3253 7478
7543 3318 3252 7477 7542 3317 8 3254 7479 7544
3319 3253 7478 7543 3318 8 3255 7480 7545 3320
3254 7479 7544 3319 8 3256 7481 7546 3321 3255
7480 7545 3320 8 3257 7482 7547 3322 3256 7481
7546 3321 8 3258 7483 7548 3323 3257 7482 7547
3322 8 3259 7484 7549 3324 3258 7483 7548 3323
8 3260 7485 7550 3325 3259 7484 7549 3324 8
3261 7486 7551 3326 3260 7485 7550 3325 8 3262
7487 7552 3327 3261 7486 7551 3326 8 3263 7488
7553 3328 3262 7487 7552 3327 8 3264 7489 7554
3329 3263 7488 7553 3328 8 3265 7490 7555 3330
3264 7489 7554 3329 8 3266 7491 7556 3331 3265
7490 7555 3330 8 3267 7492 7557 3332 3266 7491
7556 3331 8 3268 7493 7558 3333 3267 7492 7557
3332 8 3269 7494 7559 3334 3268 7493 7558 3333
8 3270 7495 7560 3335 3269 7494 7559 3334 8
3271 7496 7561 3336 3270 7495 7560 3335 8 3272
7497 7562 3337 3271 7496 7561 3336 8 3273 7498
7563 3338 3272 7497 7562 3337 8 3274 7499 7564
3339 3273 7498 7563 3338 8 3275 7500 7565 3340
3274 7499 7564 3339 8 3276 7501 7566 3341 3275
7500 7565 3340 8 3277 7502 7567 3342 3276 7501
7566 3341 8 3278 7503 7568 3343 3277 7502 7567
3342 8 3279 7504 7569 3344 3278 7503 7568 3343
8 3280 7505 7570 3345 3279 7504 7569 3344 8
3281 7506 7571 3346 3280 7505 7570 3345 8 3282
7507 7572 3347 3281 7506 7571 3346 8 3283 7508
7573 3348 3282 7507 7572 3347 8 3284 7509 7574
3349 3283 7508 7573 3348 8 3285 7510 7575 3350
3284 7509 7574 3349 8 3286 7511 7576 3351 3285
7510 7575 3350 8 3287 7512 7577 3352 3286 7511
7576 3351 8 3288 7513 7578 3353 3287 7512 7577
3352 8 3289 7514 7579 3354 3288 7513 7578 3353
8 3290 7515 7580 3355 3289 7514 7579 3354 8
3291 7516 7581 3356 3290 7515 7580 3355 8 3292
7517 7582 3357 3291 7516 7581 3356 8 3293 7518
7583 3358 3292 7517 7582 3357 8 3294 7519 7584
3359 3293 7518 7583 3358 8 3295 7520 7585 3360
3294 7519 7584 3359 8 3296 7521 7586 3361 3295
7520 7585 3360 8 3297 7522 7587 3362 3296 7521
7586 3361 8 3298 7523 7588 3363 3297 7522 7587
3362 8 3299 7524 7589 3364 3298 7523 7588 3363
8 3300 7525 7590 3365 3299 7524 7589 3364 8
3301 7526 7591 3366 3300 7525 7590 3365 8 3302
7527 7592 3367 3301 7526 7591 3366 8 3303 7528
7593 3368 3302 7527 7592 3367 8 3304 7529 7594
3369 3303 7528 7593 3368 8 3305 7530 7595 3370
3304 7529 7594 3369 8 3306 7531 7596 3371 3305
7530 7595 3370 8 3307 7532 7597 3372 3306 7531
7596 3371 8 3308 7533 7598 3373 3307 7532 7597
3372 8 3309 7534 7599 3374 3308 7533 7598 3373
8 3310 7535 7600 3375 3309 7534 7599 3374 8
3311 7536 7601 3376 3310 7535 7600 3375 8 3312
7537 7602 3377 3311 7536 7601 3376 8 3313 7538
7603 3378 3312 7537 7602 3377 8 3378 3379 7604
7603 3313 3314 7539 7538 8 3316 7541 7606 3381
3315 7540 7605 3380 8 3317 7542 7607 3382 3316
7541 7606 3381 8 3318 7543 7608 3383 3317 7542
7607 3382 8 3319 7544 7609 3384 3318 7543 7608
3383 8 3320 7545 7610 3385 3319 7544 7609 3384
8 3321 7546 7611 3386 3320 7545 7610 3385 8
3322 7547 7612 3387 3321 7546 7611 3386 8 3323
7548 7613 3388 3322 7547 7612 3387 8 3324 7549
7614 3389 3323 7548 7613 3388 8 3325 7550 7615
3390 3324 7549 7614 3389 8 3326 7551 7616 3391
3325 7550 7615 3390 8 3327 7552 7617 3392 3326
7551 7616 3391 8 3328 7553 7618 3393 3327 7552
7617 3392 8 3329 7554 7619 3394 3328 7553 7618
3393 8 3330 7555 7620 3395 3329 7554 7619 3394
8 3331 7556 7621 3396 3330 7555 7620 3395 8
3332 7557 7622 3397 3331 7556 7621 3396 8 3333
7558 7623 3398 3332 7557 7622 3397 8 3334 7559
7624 3399 3333 7558 7623 3398 8 3335 7560 7625
3400 3334 7559 7624 3399 8 3336 7561 7626 3401
3335 7560 7625 3400 8 3337 7562 7627 3402 3336
7561 7626 3401 8 3338 7563 7628 3403 3337 7562
7627 3402 8 3339 7564 7629 3404 3338 7563 7628
3403 8 3340 7565 7630 3405 3339 7564 7629 3404
8 3341 7566 7631 3406 3340 7565 7630 3405 8
3342 7567 7632 3407 3341 7566 7631 3406 8 3343
7568 7633 3408 3342 7567 7632 3407 8 3344 7569
7634 3409 3343 7568 7633 3408 8 3345 7570 7635
3410 3344 7569 7634 3409 8 3346 7571 7636 3411
3345 7570 7635 3410 8 3347 7572 7637 3412 3346
7571 7636 3411 8 3348 7573 7638 3413 3347 7572
7637 3412 8 3349 7574 7639 3414 3348 7573 7638
3413 8 3350 7575 7640 3415 3349 7574 7639 3414
8 3351 7576 7641 3416 3350 7575 7640 3415 8
3352 7577 7642 3417 3351 7576 7641 3416 8 3353
7578 7643 3418 3352 7577 7642 3417 8 3354 7579
7644 3419 3353 7578 7643 3418 8 3355 7580 7645
3420 3354 7579 7644 3419 8 3356 7581 7646 3421
3355 7580 7645 3420 8 3357 7582 7647 3422 3356
7581 7646 3421 8 3358 7583 7648 3423 3357 7582
7647 3422 8 3359 7584 7649 3424 3358 7583 7648
3423 8 3360 7585 7650 3425 3359 7584 7649 3424
8 3361 7586 7651 3426 3360 7585 7650 3425 8
3362 7587 7652 3427 3361 7586 7651 3426 8 3363
7588 7653 3428 3362 7587 7652 3427 8 3364 7589
7654 3429 3363 7588 7653 3428 8 3365 7590 7655
3430 3364 7589 7654 3429 8 3366 7591 7656 3431
3365 7590 7655 3430 8 3367 7592 7657 3432 3366
7591 7656 3431 8 3368 7593 7658 3433 3367 7592
7657 3432 8 3369 7594 7659 3434 3368 7593 7658
3433 8 3370 7595 7660 3435 3369 7594 7659 3434
8 3371 7596 7661 3436 3370 7595 7660 3435 8
3372 7597 7662 3437 3371 7596 7661 3436 8 3373
7598 7663 3438 3372 7597 7662 3437 8 3374 7599
7664 3439 3373 7598 7663 3438 8 3375 7600 7665
3440 3374 7599 7664 3439 8 3376 7601 7666 3441
3375 7600 7665 3440 8 3377 7602 7667 3442 3376
7601 7666 3441 8 3378 7603 7668 3443 3377 7602
7667 3442 8 3443 3444 7669 7668 3378 3379 7604
7603 8 3381 7606 7671 3446 3380 7605 7670 3445
8 3382 7607 7672 3447 3381 7606 7671 3446 8
3383 7608 7673 3448 3382 7607 7672 3447 8 3384
7609 7674 3449 3383 7608 7673 3448 8 3385 7610
7675 3450 3384 7609 7674 3449 8 3386 7611 7676
3451 3385 7610 7675 3450 8 3387 7612 7677 3452
3386 7611 7676 3451 8 3388 7613 7678 3453 3387
7612 7677 3452 8 3389 7614 7679 3454 3388 7613
7678 3453 8 3390 7615 7680 3455 3389 7614 7679
3454 8 3391 7616 7681 3456 3390 7615 7680 3455
8 3392 7617 7682 3457 3391 7616 7681 3456 8
3393 7618 7683 3458 3392 7617 7682 3457 8 3394
7619 7684 3459 3393 7618 7683 3458 8 3395 7620
7685 3460 3394 7619 7684 3459 8 3396 7621 7686
3461 3395 7620 7685 3460 8 3397 7622 7687 3462
3396 7621 7686 3461 8 3398 7623 7688 3463 3397
7622 7687 3462 8 3399 7624 7689 3464 3398 7623
7688 3463 8 3400 7625 7690 3465 3399 7624 7689
3464 8 3401 7626 7691 3466 3400 7625 7690 3465
8 3402 7627 7692 3467 3401 7626 7691 3466 8
3403 7628 7693 3468 3402 7627 7692 3467 8 3404
7629 7694 3469 3403 7628 7693 3468 8 3405 7630
7695 3470 3404 7629 7694 3469 8 3406 7631 7696
3471 3405 7630 7695 3470 8 3407 7632 7697 3472
3406 7631 7696 3471 8 3408 7633 7698 3473 3407
7632 7697 3472 8 3409 7634 7699 3474 3408 7633
7698 3473 8 3410 7635 7700 3475 3409 7634 7699
3474 8 3411 7636 7701 3476 3410 7635 7700 3475
8 3412 7637 7702 3477 3411 7636 7701 3476 8
3413 7638 7703 3478 3412 7637 7702 3477 8 3414
7639 7704 3479 3413 7638 7703 3478 8 3415 7640
7705 3480 3414 7639 7704 3479 8 3416 7641 7706
3481 3415 7640 7705 3480 8 3417 7642 7707 3482
3416 7641 7706 3481 8 3418 7643 7708 3483 3417
7642 7707 3482 8 3419 7644 7709 3484 3418 7643
7708 3483 8 3420 7645 7710 3485 3419 7644 7709
3484 8 3421 7646 7711 3486 3420 7645 7710 3485
8 3422 7647 7712 3487 3421 7646 7711 3486 8
3423 7648 7713 3488 3422 7647 7712 3487 8 3424
7649 7714 3489 3423 7648 7713 3488 8 3425 7650
7715 3490 3424 7649 7714 3489 8 3426 7651 7716
3491 3425 7650 7715 3490 8 3427 7652 7717 3492
3426 7651 7716 3491 8 3428 7653 7718 3493 3427
7652 7717 3492 8 3429 7654 7719 3494 3428 7653
7718 3493 8 3430 7655 7720 3495 3429 7654 7719
3494 8 3431 7656 7721 3496 3430 7655 7720 3495
8 3432 7657 7722 3497 3431 7656 7721 3496 8
3433 7658 7723 3498 3432 7657 7722 3497 8 3434
7659 7724 3499 3433 7658 7723 3498 8 3435 7660
7725 3500 3434 7659 7724 3499 8 3436 7661 7726
3501 3435 7660 7725 3500 8 3437 7662 7727 3502
3436 7661 7726 3501 8 3438 7663 7728 3503 3437
7662 7727 3502 8 3439 7664 7729 3504 3438 7663
7728 3503 8 3440 7665 7730 3505 3439 7664 7729
3504 8 3441 7666 7731 3506 3440 7665 7730 3505
8 3442 7667 7732 3507 3441 7666 7731 3506 8
3443 7668 7733 3508 3442 7667 7732 3507 8 3508
3509 7734 7733 3443 3444 7669 7668 8 3446 7671
7736 3511 3445 7670 7735 3510 8 3447 7672 7737
3512 3446 7671 7736 3511 8 3448 7673 7738 3513
3447 7672 7737 3512 8 3449 7674 7739 3514 3448
7673 7738 3513 8 3450 7675 7740 3515 3449 7674
7739 3514 8 3451 7676 7741 3516 3450 7675 7740
3515 8 3452 7677 7742 3517 3451 7676 7741 3516
8 3453 7678 7743 3518 3452 7677 7742 3517 8
3454 7679 7744 3519 3453 7678 7743 3518 8 3455
7680 7745 3520 3454 7679 7744 3519 8 3456 7681
7746 3521 3455 7680 7745 3520 8 3457 7682 7747
3522 3456 7681 7746 3521 8 3458 7683 7748 3523
3457 7682 7747 3522 8 3459 7684 7749 3524 3458
7683 7748 3523 8 3460 7685 7750 3525 3459 7684
7749 3524 8 3461 7686 7751 3526 3460 7685 7750
3525 8 3462 7687 7752 3527 3461 7686 7751 3526
8 3463 7688 7753 3528 3462 7687 7752 3527 8
3464 7689 7754 3529 3463 7688 7753 3528 8 3465
7690 7755 3530 3464 7689 7754 3529 8 3466 7691
7756 3531 3465 7690 7755 3530 8 3467 7692 7757
3532 3466 7691 7756 3531 8 3468 7693 7758 3533
3467 7692 7757 3532 8 3469 7694 7759 3534 3468
7693 7758 3533 8 3470 7695 7760 3535 3469 7694
7759 3534 8 3471 7696 7761 3536 3470 7695 7760
3535 8 3472 7697 7762 3537 3471 7696 7761 3536
8 3473 7698 7763 3538 3472 7697 7762 3537 8
3474 7699 7764 3539 3473 7698 7763 3538 8 3475
7700 7765 3540 3474 7699 7764 3539 8 3476 7701
7766 3541 3475 7700 7765 3540 8 3477 7702 7767
3542 3476 7701 7766 3541 8 3478 7703 7768 3543
3477 7702 7767 3542 8 3479 7704 7769 3544 3478
7703 7768 3543 8 3480 7705 7770 3545 3479 7704
7769 3544 8 3481 7706 7771 3546 3480 7705 7770
3545 8 3482 7707 7772 3547 3481 7706 7771 3546
8 3483 7708 7773 3548 3482 7707 7772 3547 8
3484 7709 7774 3549 3483 7708 7773 3548 8 3485
7710 7775 3550 3484 7709 7774 3549 8 3486 7711
7776 3551 3485 7710 7775 3550 8 3487 7712 7777
3552 3486 7711 7776 3551 8 3488 7713 7778 3553
3487 7712 7777 3552 8 3489 7714 7779 3554 3488
7713 7778 3553 8 3490 7715 7780 3555 3489 7714
7779 3554 8 3491 7716 7781 3556 3490 7715 7780
3555 8 3492 7717 7782 3557 3491 7716 7781 3556
8 3493 7718 7783 3558 3492 7717 7782 3557 8
3494 7719 7784 3559 3493 7718 7783 3558 8 3495
7720 7785 3560 3494 7719 7784 3559 8 3496 7721
7786 3561 3495 7720 7785 3560 8 3497 7722 7787
3562 3496 7721 7786 3561 8 3498 7723 7788 3563
3497 7722 7787 3562 8 3499 7724 7789 3564 3498
7723 7788 3563 8 3500 7725 7790 3565 3499 7724
7789 3564 8 3501 7726 7791 3566 3500 7725 7790
3565 8 3502 7727 7792 3567 3501 7726 7791 3566
8 3503 7728 7793 3568 3502 7727 7792 3567 8
3504 7729 7794 3569 3503 7728 7793 3568 8 3505
7730 7795 3570 3504 7729 7794 3569 8 3506 7731
7796 3571 3505 7730 7795 3570 8 3507 7732 7797
3572 3506 7731 7796 3571 8 3508 7733 7798 3573
3507 7732 7797 3572 8 3573 3574 7799 7798 3508
3509 7734 7733 8 3511 7736 7801 3576 3510 7735
7800 3575 8 3512 7737 7802 3577 3511 7736 7801
3576 8 3513 7738 7803 3578 3512 7737 7802 3577
8 3514 7739 7804 3579 3513 7738 7803 3578 8
3515 7740 7805 3580 3514 7739 7804 3579 8 3516
7741 7806 3581 3515 7740 7805 3580 8 3517 7742
7807 3582 3516 7741 7806 3581 8 3518 7743 7808
3583 3517 7742 7807 3582 8 3519 7744 7809 3584
3518 7743 7808 3583 8 3520 7745 7810 3585 3519
7744 7809 3584 8 3521 7746 7811 3586 3520 7745
7810 3585 8 3522 7747 7812 3587 3521 7746 7811
3586 8 3523 7748 7813 3588 3522 7747 7812 3587
8 3524 7749 7814 3589 3523 7748 7813 3588 8
3525 7750 7815 3590 3524 7749 7814 3589 8 3526
7751 7816 3591 3525 7750 7815 3590 8 3527 7752
7817 3592 3526 7751 7816 3591 8 3528 7753 7818
3593 3527 7752 7817 3592 8 3529 7754 7819 3594
3528 7753 7818 3593 8 3530 7755 7820 3595 3529
7754 7819 3594 8 3531 7756 7821 3596 3530 7755
7820 3595 8 3532 7757 7822 3597 3531 7756 7821
3596 8 3533 7758 7823 3598 3532 7757 7822 3597
8 3534 7759 7824 3599 3533 7758 7823 3598 8
3535 7760 7825 3600 3534 7759 7824 3599 8 3536
7761 7826 3601 3535 7760 7825 3600 8 3537 7762
7827 3602 3536 7761 7826 3601 8 3538 7763 7828
3603 3537 7762 7827 3602 8 3539 7764 7829 3604
3538 7763 7828 3603 8 3540 7765 7830 3605 3539
7764 7829 3604 8 3541 7766 7831 3606 3540 7765
7830 3605 8 3542 7767 7832 3607 3541 7766 7831
3606 8 3543 7768 7833 3608 3542 7767 7832 3607
8 3544 7769 7834 3609 3543 7768 7833 3608 8
3545 7770 7835 3610 3544 7769 7834 3609 8 3546
7771 7836 3611 3545 7770 7835 3610 8 3547 7772
7837 3612 3546 7771 7836 3611 8 3548 7773 7838
3613 3547 7772 7837 3612 8 3549 7774 7839 3614
3548 7773 7838 3613 8 3550 7775 7840 3615 3549
7774 7839 3614 8 3551 7776 7841 3616 3550 7775
7840 3615 8 3552 7777 7842 3617 3551 7776 7841
3616 8 3553 7778 7843 3618 3552 7777 7842 3617
8 3554 7779 7844 3619 3553 7778 7843 3618 8
3555 7780 7845 3620 3554 7779 7844 3619 8 3556
7781 7846 3621 3555 7780 7845 3620 8 3557 7782
7847 3622 3556 7781 7846 3621 8 3558 7783 7848
3623 3557 7782 7847 3622 8 3559 7784 7849 3624
3558 7783 7848 3623 8 3560 7785 7850 3625 3559
7784 7849 3624 8 3561 7786 7851 3626 3560 7785
7850 3625 8 3562 7787 7852 3627 3561 7786 7851
3626 8 3563 7788 7853 3628 3562 7787 7852 3627
8 3564 7789 7854 3629 3563 7788 7853 3628 8
3565 7790 7855 3630 3564 7789 7854 3629 8 3566
7791 7856 3631 3565 7790 7855 3630 8 3567 7792
7857 3632 3566 7791 7856 3631 8 3568 7793 7858
3633 3567 7792 7857 3632 8 3569 7794 7859 3634
3568 7793 7858 3633 8 3570 7795 7860 3635 3569
7794 7859 3634 8 3571 7796 7861 3636 3570 7795
7860 3635 8 3572 7797 7862 3637 3571 7796 7861
3636 8 3573 7798 7863 3638 3572 7797 7862 3637
8 3638 3639 7864 7863 3573 3574 7799 7798 8
3576 7801 7866 3641 3575 7800 7865 3640 8 3577
7802 7867 3642 3576 7801 7866 3641 8 3578 7803
7868 3643 3577 7802 7867 3642 8 3579 7804 7869
3644 3578 7803 7868 3643 8 3580 7805 7870 3645
3579 7804 7869 3644 8 3581 7806 7871 3646 3580
7805 7870 3645 8 3582 7807 7872 3647 3581 7806
7871 3646 8 3583 7808 7873 3648 3582 7807 7872
3647 8 3584 7809 7874 3649 3583 7808 7873 3648
8 3585 7810 7875 3650 3584 7809 7874 3649 8
3586 7811 7876 3651 3585 7810 7875 3650 8 3587
7812 7877 3652 3586 7811 7876 3651 8 3588 7813
7878 3653 3587 7812 7877 3652 8 3589 7814 7879
3654 3588 7813 7878 3653 8 3590 7815 7880 3655
3589 7814 7879 3654 8 3591 7816 7881 3656 3590
7815 7880 3655 8 3592 7817 7882 3657 3591 7816
7881 3656 8 3593 7818 7883 3658 3592 7817 7882
3657 8 3594 7819 7884 3659 3593 7818 7883 3658
8 3595 7820 7885 3660 3594 7819 7884 3659 8
3596 7821 7886 3661 3595 7820 7885 3660 8 3597
7822 7887 3662 3596 7821 7886 3661 8 3598 7823
7888 3663 3597 7822 7887 3662 8 3599 7824 7889
3664 3598 7823 7888 3663 8 3600 7825 7890 3665
3599 7824 7889 3664 8 3601 7826 7891 3666 3600
7825 7890 3665 8 3602 7827 7892 3667 3601 7826
7891 3666 8 3603 7828 7893 3668 3602 7827 7892
3667 8 3604 7829 7894 3669 3603 7828 7893 3668
8 3605 7830 7895 3670 3604 7829 7894 3669 8
3606 7831 7896 3671 3605 7830 7895 3670 8 3607
7832 7897 3672 3606 7831 7896 3671 8 3608 7833
7898 3673 3607 7832 7897 3672 8 3609 7834 7899
3674 3608 7833 7898 3673 8 3610 7835 7900 3675
3609 7834 7899 3674 8 3611 7836 7901 3676 3610
7835 7900 3675 8 3612 7837 7902 3677 3611 7836
7901 3676 8 3613 7838 7903 3678 3612 7837 7902
3677 8 3614 7839 7904 3679 3613 7838 7903 3678
8 3615 7840 7905 3680 3614 7839 7904 3679 8
3616 7841 7906 3681 3615 7840 7905 3680 8 3617
7842 7907 3682 3616 7841 7906 3681 8 3618 7843
7908 3683 3617 7842 7907 3682 8 3619 7844 7909
3684 3618 7843 7908 3683 8 3620 7845 7910 3685
3619 7844 7909 3684 8 3621 7846 7911 3686 3620
7845 7910 3685 8 3622 7847 7912 3687 3621 7846
7911 3686 8 3623 7848 7913 3688 3622 7847 7912
3687 8 3624 7849 7914 3689 3623 7848 7913 3688
8 3625 7850 7915 3690 3624 7849 7914 3689 8
3626 7851 7916 3691 3625 7850 7915 3690 8 3627
7852 7917 3692 3626 7851 7916 3691 8 3628 7853
7918 3693 3627 7852 7917 3692 8 3629 7854 7919
3694 3628 7853 7918 3693 8 3630 7855 7920 3695
3629 7854 7919 3694 8 3631 7856 7921 3696 3630
7855 7920 3695 8 3632 7857 7922 3697 3631 7856
7921 3696 8 3633 7858 7923 3698 3632 7857 7922
3697 8 3634 7859 7924 3699 3633 7858 7923 3698
8 3635 7860 7925 3700 3634 7859 7924 3699 8
3636 7861 7926 3701 3635 7860 7925 3700 8 3637
7862 7927 3702 3636 7861 7926 3701 8 3638 7863
7928 3703 3637 7862 7927 3702 8 3703 3704 7929
7928 3638 3639 7864 7863 8 3641 7866 7931 3706
3640 7865 7930 3705 8 3642 7867 7932 3707 3641
7866 7931 3706 8 3643 7868 7933 3708 3642 7867
7932 3707 8 3644 7869 7934 3709 3643 7868 7933
3708 8 3645 7870 7935 3710 3644 7869 7934 3709
8 3646 7871 7936 3711 3645 7870 7935 3710 8
3647 7872 7937 3712 3646 7871 7936 3711 8 3648
7873 7938 3713 3647 7872 7937 3712 8 3649 7874
7939 3714 3648 7873 7938 3713 8 3650 7875 7940
3715 3649 7874 7939 3714 8 3651 7876 7941 3716
3650 7875 7940 3715 8 3652 7877 7942 3717 3651
7876 7941 3716 8 3653 7878 7943 3718 3652 7877
7942 3717 8 3654 7879 7944 3719 3653 7878 7943
3718 8 3655 7880 7945 3720 3654 7879 7944 3719
8 3656 7881 7946 3721 3655 7880 7945 3720 8
3657 7882 7947 3722 3656 7881 7946 3721 8 3658
7883 7948 3723 3657 7882 7947 3722 8 3659 7884
7949 3724 3658 7883 7948 3723 8 3660 7885 7950
3725 3659 7884 7949 3724 8 3661 7886 7951 3726
3660 7885 7950 3725 8 3662 7887 7952 3727 3661
7886 7951 3726 8 3663 7888 7953 3728 3662 7887
7952 3727 8 3664 7889 7954 3729 3663 7888 7953
3728 8 3665 7890 7955 3730 3664 7889 7954 3729
8 3666 7891 7956 3731 3665 7890 7955 3730 8
3667 7892 7957 3732 3666 7891 7956 3731 8 3668
7893 7958 3733 3667 7892 7957 3732 8 3669 7894
7959 3734 3668 7893 7958 3733 8 3670 7895 7960
3735 3669 7894 7959 3734 8 3671 7896 7961 3736
3670 7895 7960 3735 8 3672 7897 7962 3737 3671
7896 7961 3736 8 3673 7898 7963 3738 3672 7897
7962 3737 8 3674 7899 7964 3739 3673 7898 7963
3738 8 3675 7900 7965 3740 3674 7899 7964 3739
8 3676 7901 7966 3741 3675 7900 7965 3740 8
3677 7902 7967 3742 3676 7901 7966 3741 8 3678
7903 7968 3743 3677 7902 7967 3742 8 3679 7904
7969 3744 3678 7903 7968 3743 8 3680 7905 7970
3745 3679 7904 7969 3744 8 3681 7906 7971 3746
3680 7905 7970 3745 8 3682 7907 7972 3747 3681
7906 7971 3746 8 3683 7908 7973 3748 3682 7907
7972 3747 8 3684 7909 7974 3749 3683 7908 7973
3748 8 3685 7910 7975 3750 3684 7909 7974 3749
8 3686 7911 7976 3751 3685 7910 7975 3750 8
3687 7912 7977 3752 3686 7911 7976 3751 8 3688
7913 7978 3753 3687 7912 7977 3752 8 3689 7914
7979 3754 3688 7913 7978 3753 8 3690 7915 7980
3755 3689 7914 7979 3754 8 3691 7916 7981 3756
3690 7915 7980 3755 8 3692 7917 7982 3757 3691
7916 7981 3756 8 3693 7918 7983 3758 3692 7917
7982 3757 8 3694 7919 7984 3759 3693 7918 7983
3758 8 3695 7920 7985 3760 3694 7919 7984 3759
8 3696 7921 7986 3761 3695 7920 7985 3760 8
3697 7922 7987 3762 3696 7921 7986 3761 8 3698
7923 7988 3763 3697 7922 7987 3762 8 3699 7924
7989 3764 3698 7923 7988 3763 8 3700 7925 7990
3765 3699 7924 7989 3764 8 3701 7926 7991 3766
3700 7925 7990 3765 8 3702 7927 7992 3767 3701
7926 7991 3766 8 3703 7928 7993 3768 3702 7927
7992 3767 8 3768 3769 7994 7993 3703 3704 7929
7928 8 3706 7931 7996 3771 3705 7930 7995 3770
8 3707 7932 7997 3772 3706 7931 7996 3771 8
3708 7933 7998 3773 3707 7932 7997 3772 8 3709
7934 7999 3774 3708 7933 7998 3773 8 3710 7935
8000 3775 3709 7934 7999 3774 8 3711 7936 8001
3776 3710 7935 8000 3775 8 3712 7937 8002 3777
3711 7936 8001 3776 8 3713 7938 8003 3778 3712
7937 8002 3777 8 3714 7939 8004 3779 3713 7938
8003 3778 8 3715 7940 8005 3780 3714 7939 8004
3779 8 3716 7941 8006 3781 3715 7940 8005 3780
8 3717 7942 8007 3782 3716 7941 8006 3781 8
3718 7943 8008 3783 3717 7942 8007 3782 8 3719
7944 8009 3784 3718 7943 8008 3783 8 3720 7945
8010 3785 3719 7944 8009 3784 8 3721 7946 8011
3786 3720 7945 8010 3785 8 3722 7947 8012 3787
3721 7946 8011 3786 8 3723 7948 8013 3788 3722
7947 8012 3787 8 3724 7949 8014 3789 3723 7948
8013 3788 8 3725 7950 8015 3790 3724 7949 8014
3789 8 3726 7951 8016 3791 3725 7950 8015 3790
8 3727 7952 8017 3792 3726 7951 8016 3791 8
3728 7953 8018 3793 3727 7952 8017 3792 8 3729
7954 8019 3794 3728 7953 8018 3793 8 3730 7955
8020 3795 3729 7954 8019 3794 8 3731 7956 8021
3796 3730 7955 8020 3795 8 3732 7957 8022 3797
3731 7956 8021 3796 8 3733 7958 8023 3798 3732
7957 8022 3797 8 3734 7959 8024 3799 3733 7958
8023 3798 8 3735 7960 8025 3800 3734 7959 8024
3799 8 3736 7961 8026 3801 3735 7960 8025 3800
8 3737 7962 8027 3802 3736 7961 8026 3801 8
3738 7963 8028 3803 3737 7962 8027 3802 8 3739
7964 8029 3804 3738 7963 8028 3803 8 3740 7965
8030 3805 3739 7964 8029 3804 8 3741 7966 8031
3806 3740 7965 8030 3805 8 3742 7967 8032 3807
3741 7966 8031 3806 8 3743 7968 8033 3808 3742
7967 8032 3807 8 3744 7969 8034 3809 3743 7968
8033 3808 8 3745 7970 8035 3810 3744 7969 8034
3809 8 3746 7971 8036 3811 3745 7970 8035 3810
8 3747 7972 8037 3812 3746 7971 8036 3811 8
3748 7973 8038 3813 3747 7972 8037 3812 8 3749
7974 8039 3814 3748 7973 8038 3813 8 3750 7975
8040 3815 3749 7974 8039 3814 8 3751 7976 8041
3816 3750 7975 8040 3815 8 3752 7977 8042 3817
3751 7976 8041 3816 8 3753 7978 8043 3818 3752
7977 8042 3817 8 3754 7979 8044 3819 3753 7978
8043 3818 8 3755 7980 8045 3820 3754 7979 8044
3819 8 3756 7981 8046 3821 3755 7980 8045 3820
8 3757 7982 8047 3822 3756 7981 8046 3821 8
3758 7983 8048 3823 3757 7982 8047 3822 8 3759
7984 8049 3824 3758 7983 8048 3823 8 3760 7985
8050 3825 3759 7984 8049 3824 8 3761 7986 8051
3826 3760 7985 8050 3825 8 3762 7987 8052 3827
3761 7986 8051 3826 8 3763 7988 8053 3828 3762
7987 8052 3827 8 3764 7989 8054 3829 3763 7988
8053 3828 8 3765 7990 8055 3830 3764 7989 8054
3829 8 3766 7991 8056 3831 3765 7990 8055 3830
8 3767 7992 8057 3832 3766 7991 8056 3831 8
3768 7993 8058 3833 3767 7992 8057 3832 8 3833
3834 8059 8058 3768 3769 7994 7993 8 3771 7996
8061 3836 3770 7995 8060 3835 8 3772 7997 8062
3837 3771 7996 8061 3836 8 3773 7998 8063 3838
3772 7997 8062 3837 8 3774 7999 8064 3839 3773
7998 8063 3838 8 3775 8000 8065 3840 3774 7999
8064 3839 8 3776 8001 8066 3841 3775 8000 8065
3840 8 3777 8002 8067 3842 3776 8001 8066 3841
8 3778 8003 8068 3843 3777 8002 8067 3842 8
3779 8004 8069 3844 3778 8003 8068 3843 8 3780
8005 8070 3845 3779 8004 8069 3844 8 3781 8006
8071 3846 3780 8005 8070 3845 8 3782 8007 8072
3847 3781 8006 8071 3846 8 3783 8008 8073 3848
3782 8007 8072 3847 8 3784 8009 8074 3849 3783
8008 8073 3848 8 3785 8010 8075 3850 3784 8009
8074 3849 8 3786 8011 8076 3851 3785 8010 8075
3850 8 3787 8012 8077 3852 3786 8011 8076 3851
8 3788 8013 8078 3853 3787 8012 8077 3852 8
3789 8014 8079 3854 3788 8013 8078 3853 8 3790
8015 8080 3855 3789 8014 8079 3854 8 3791 8016
8081 3856 3790 8015 8080 3855 8 3792 8017 8082
3857 3791 8016 8081 3856 8 3793 8018 8083 3858
3792 8017 8082 3857 8 3794 8019 8084 3859 3793
8018 8083 3858 8 3795 8020 8085 3860 3794 8019
8084 3859 8 3796 8021 8086 3861 3795 8020 8085
3860 8 3797 8022 8087 3862 3796 8021 8086 3861
8 3798 8023 8088 3863 3797 8022 8087 3862 8
3799 8024 8089 3864 3798 8023 8088 3863 8 3800
8025 8090 3865 3799 8024 8089 3864 8 3801 8026
8091 3866 3800 8025 8090 3865 8 3802 8027 8092
3867 3801 8026 8091 3866 8 3803 8028 8093 3868
3802 8027 8092 3867 8 3804 8029 8094 3869 3803
8028 8093 3868 8 3805 8030 8095 3870 3804 8029
8094 3869 8 3806 8031 8096 3871 3805 8030 8095
3870 8 3807 8032 8097 3872 3806 8031 8096 3871
8 3808 8033 8098 3873 3807 8032 8097 3872 8
3809 8034 8099 3874 3808 8033 8098 3873 8 3810
8035 8100 3875 3809 8034 8099 3874 8 3811 8036
8101 3876 3810 8035 8100 3875 8 3812 8037 8102
3877 3811 8036 8101 3876 8 3813 8038 8103 3878
3812 8037 8102 3877 8 3814 8039 8104 3879 3813
8038 8103 3878 8 3815 8040 8105 3880 3814 8039
8104 3879 8 3816 8041 8106 3881 3815 8040 8105
3880 8 3817 8042 8107 3882 3816 8041 8106 3881
8 3818 8043 8108 3883 3817 8042 8107 3882 8
3819 8044 8109 3884 3818 8043 8108 3883 8 3820
8045 8110 3885 3819 8044 8109 3884 8 3821 8046
8111 3886 3820 8045 8110 3885 8 3822 8047 8112
3887 3821 8046 8111 3886 8 3823 8048 8113 3888
3822 8047 8112 3887 8 3824 8049 8114 3889 3823
8048 8113 3888 8 3825 8050 8115 3890 3824 8049
8114 3889 8 3826 8051 8116 3891 3825 8050 8115
3890 8 3827 8052 8117 3892 3826 8051 8116 3891
8 3828 8053 8118 3893 3827 8052 8117 3892 8
3829 8054 8119 3894 3828 8053 8118 3893 8 3830
8055 8120 3895 3829 8054 8119 3894 8 3831 8056
8121 3896 3830 8055 8120 3895 8 3832 8057 8122
3897 3831 8056 8121 3896 8 3833 8058 8123 3898
3832 8057 8122 3897 8 3898 3899 8124 8123 3833
3834 8059 8058 8 3836 8061 8126 3901 3835 8060
8125 3900 8 3837 8062 8127 3902 3836 8061 8126
3901 8 3838 8063 8128 3903 3837 8062 8127 3902
8 3839 8064 8129 3904 3838 8063 8128 3903 8
3840 8065 8130 3905 3839 8064 8129 3904 8 3841
8066 8131 3906 3840 8065 8130 3905 8 3842 8067
8132 3907 3841 8066 8131 3906 8 3843 8068 8133
3908 3842 8067 8132 3907 8 3844 8069 8134 3909
3843 8068 8133 3908 8 3845 8070 8135 3910 3844
8069 8134 3909 8 3846 8071 8136 3911 3845 8070
8135 3910 8 3847 8072 8137 3912 3846 8071 8136
3911 8 3848 8073 8138 3913 3847 8072 8137 3912
8 3849 8074 8139 3914 3848 8073 8138 3913 8
3850 8075 8140 3915 3849 8074 8139 3914 8 3851
8076 8141 3916 3850 8075 8140 3915 8 3852 8077
8142 3917 3851 8076 8141 3916 8 3853 8078 8143
3918 3852 8077 8142 3917 8 3854 8079 8144 3919
3853 8078 8143 3918 8 3855 8080 8145 3920 3854
8079 8144 3919 8 3856 8081 8146 3921 3855 8080
8145 3920 8 3857 8082 8147 3922 3856 8081 8146
3921 8 3858 8083 8148 3923 3857 8082 8147 3922
8 3859 8084 8149 3924 3858 8083 8148 3923 8
3860 8085 8150 3925 3859 8084 8149 3924 8 3861
8086 8151 3926 3860 8085 8150 3925 8 3862 8087
8152 3927 3861 8086 8151 3926 8 3863 8088 8153
3928 3862 8087 8152 3927 8 3864 8089 8154 3929
3863 8088 8153 3928 8 3865 8090 8155 3930 3864
8089 8154 3929 8 3866 8091 8156 3931 3865 8090
8155 3930 8 3867 8092 8157 3932 3866 8091 8156
3931 8 3868 8093 8158 3933 3867 8092 8157 3932
8 3869 8094 8159 3934 3868 8093 8158 3933 8
3870 8095 8160 3935 3869 8094 8159 3934 8 3871
8096 8161 3936 3870 8095 8160 3935 8 3872 8097
8162 3937 3871 8096 8161 3936 8 3873 8098 8163
3938 3872 8097 8162 3937 8 3874 8099 8164 3939
3873 8098 8163 3938 8 3875 8100 8165 3940 3874
8099 8164 3939 8 3876 8101 8166 3941 3875 8100
8165 3940 8 3877 8102 8167 3942 3876 8101 8166
3941 8 3878 8103 8168 3943 3877 8102 8167 3942
8 3879 8104 8169 3944 3878 8103 8168 3943 8
3880 8105 8170 3945 3879 8104 8169 3944 8 3881
8106 8171 3946 3880 8105 8170 3945 8 3882 8107
8172 3947 3881 8106 8171 3946 8 3883 8108 8173
3948 3882 8107 8172 3947 8 3884 8109 8174 3949
3883 8108 8173 3948 8 3885 8110 8175 3950 3884
8109 8174 3949 8 3886 8111 8176 3951 3885 8110
8175 3950 8 3887 8112 8177 3952 3886 8111 8176
3951 8 3888 8113 8178 3953 3887 8112 8177 3952
8 3889 8114 8179 3954 3888 8113 8178 3953 8
3890 8115 8180 3955 3889 8114 8179 3954 8 3891
8116 8181 3956 3890 8115 8180 3955 8 3892 8117
8182 3957 3891 8116 8181 3956 8 3893 8118 8183
3958 3892 8117 8182 3957 8 3894 8119 8184 3959
3893 8118 8183 3958 8 3895 8120 8185 3960 3894
8119 8184 3959 8 3896 8121 8186 3961 3895 8120
8185 3960 8 3897 8122 8187 3962 3896 8121 8186
3961 8 3898 8123 8188 3963 3897 8122 8187 3962
8 3963 3964 8189 8188 3898 3899 8124 8123 8
3901 8126 8191 3966 3900 8125 8190 3965 8 3902
8127 8192 3967 3901 8126 8191 3966 8 3903 8128
8193 3968 3902 8127 8192 3967 8 3904 8129 8194
3969 3903 8128 8193 3968 8 3905 8130 8195 3970
3904 8129 8194 3969 8 3906 8131 8196 3971 3905
8130 8195 3970 8 3907 8132 8197 3972 3906 8131
8196 3971 8 3908 8133 8198 3973 3907 8132 8197
3972 8 3909 8134 8199 3974 3908 8133 8198 3973
8 3910 8135 8200 3975 3909 8134 8199 3974 8
3911 8136 8201 3976 3910 8135 8200 3975 8 3912
8137 8202 3977 3911 8136 8201 3976 8 3913 8138
8203 3978 3912 8137 8202 3977 8 3914 8139 8204
3979 3913 8138 8203 3978 8 3915 8140 8205 3980
3914 8139 8204 3979 8 3916 8141 8206 3981 3915
8140 8205 3980 8 3917 8142 8207 3982 3916 8141
8206 3981 8 3918 8143 8208 3983 3917 8142 8207
3982 8 3919 8144 8209 3984 3918 8143 8208 3983
8 3920 8145 8210 3985 3919 8144 8209 3984 8
3921 8146 8211 3986 3920 8145 8210 3985 8 3922
8147 8212 3987 3921 8146 8211 3986 8 3923 8148
8213 3988 3922 8147 8212 3987 8 3924 8149 8214
3989 3923 8148 8213 3988 8 3925 8150 8215 3990
3924 8149 8214 3989 8 3926 8151 8216 3991 3925
8150 8215 3990 8 3927 8152 8217 3992 3926 8151
8216 3991 8 3928 8153 8218 3993 3927 8152 8217
3992 8 3929 8154 8219 3994 3928 8153 8218 3993
8 3930 8155 8220 3995 3929 8154 8219 3994 8
3931 8156 8221 3996 3930 8155 8220 3995 8 3932
8157 8222 3997 3931 8156 8221 3996 8 3933 8158
8223 3998 3932 8157 8222 3997 8 3934 8159 8224
3999 3933 8158 8223 3998 8 3935 8160 8225 4000
3934 8159 8224 3999 8 3936 8161 8226 4001 3935
8160 8225 4000 8 3937 8162 8227 4002 3936 8161
8226 4001 8 3938 8163 8228 4003 3937 8162 8227
4002 8 3939 8164 8229 4004 3938 8163 8228 4003
8 3940 8165 8230 4005 3939 8164 8229 4004 8
3941 8166 8231 4006 3940 8165 8230 4005 8 3942
8167 8232 4007 3941 8166 8231 4006 8 3943 8168
8233 4008 3942 8167 8232 4007 8 3944 8169 8234
4009 3943 8168 8233 4008 8 3945 8170 8235 4010
3944 8169 8234 4009 8 3946 8171 8236 4011 3945
8170 8235 4010 8 3947 8172 8237 4012 3946 8171
8236 4011 8 3948 8173 8238 4013 3947 8172 8237
4012 8 3949 8174 8239 4014 3948 8173 8238 4013
8 3950 8175 8240 4015 3949 8174 8239 4014 8
3951 8176 8241 4016 3950 8175 8240 4015 8 3952
8177 8242 4017 3951 8176 8241 4016 8 3953 8178
8243 4018 3952 8177 8242 4017 8 3954 8179 8244
4019 3953 8178 8243 4018 8 3955 8180 8245 4020
3954 8179 8244 4019 8 3956 8181 8246 4021 3955
8180 8245 4020 8 3957 8182 8247 4022 3956 8181
8246 4021 8 3958 8183 8248 4023 3957 8182 8247
4022 8 3959 8184 8249 4024 3958 8183 8248 4023
8 3960 8185 8250 4025 3959 8184 8249 4024 8
3961 8186 8251 4026 3960 8185 8250 4025 8 3962
8187 8252 4027 3961 8186 8251 4026 8 3963 8188
8253 4028 3962 8187 8252 4027 8 4028 4029 8254
8253 3963 3964 8189 8188 8 3966 8191 8256 4031
3965 8190 8255 4030 8 3967 8192 8257 4032 3966
8191 8256 4031 8 3968 8193 8258 4033 3967 8192
8257 4032 8 3969 8194 8259 4034 3968 8193 8258
4033 8 3970 8195 8260 4035 3969 8194 8259 4034
8 3971 8196 8261 4036 3970 8195 8260 4035 8
3972 8197 8262 4037 3971 8196 8261 4036 8 3973
8198 8263 4038 3972 8197 8262 4037 8 3974 8199
8264 4039 3973 8198 8263 4038 8 3975 8200 8265
4040 3974 8199 8264 4039 8 3976 8201 8266 4041
3975 8200 8265 4040 8 3977 8202 8267 4042 3976
8201 8266 4041 8 3978 8203 8268 4043 3977 8202
8267 4042 8 3979 8204 8269 4044 3978 8203 8268
4043 8 3980 8205 8270 4045 3979 8204 8269 4044
8 3981 8206 8271 4046 3980 8205 8270 4045 8
3982 8207 8272 4047 3981 8206 8271 4046 8 3983
8208 8273 4048 3982 8207 8272 4047 8 3984 8209
8274 4049 3983 8208 8273 4048 8 3985 8210 8275
4050 3984 8209 8274 4049 8 3986 8211 8276 4051
3985 8210 8275 4050 8 3987 8212 8277 4052 3986
8211 8276 4051 8 3988 8213 8278 4053 3987 8212
8277 4052 8 3989 8214 8279 4054 3988 8213 8278
4053 8 3990 8215 8280 4055 3989 8214 8279 4054
8 3991 8216 8281 4056 3990 8215 8280 4055 8
3992 8217 8282 4057 3991 8216 8281 4056 8 3993
8218 8283 4058 3992 8217 8282 4057 8 3994 8219
8284 4059 3993 8218 8283 4058 8 3995 8220 8285
4060 3994 8219 8284 4059 8 3996 8221 8286 4061
3995 8220 8285 4060 8 3997 8222 8287 4062 3996
8221 8286 4061 8 3998 8223 8288 4063 3997 8222
8287 4062 8 3999 8224 8289 4064 3998 8223 8288
4063 8 4000 8225 8290 4065 3999 8224 8289 4064
8 4001 8226 8291 4066 4000 8225 8290 4065 8
4002 8227 8292 4067 4001 8226 8291 4066 8 4003
8228 8293 4068 4002 8227 8292 4067 8 4004 8229
8294 4069 4003 8228 8293 4068 8 4005 8230 8295
4070 4004 8229 8294 4069 8 4006 8231 8296 4071
4005 8230 8295 4070 8 4007 8232 8297 4072 4006
8231 8296 4071 8 4008 8233 8298 4073 4007 8232
8297 4072 8 4009 8234 8299 4074 4008 8233 8298
4073 8 4010 8235 8300 4075 4009 8234 8299 4074
8 4011 8236 8301 4076 4010 8235 8300 4075 8
4012 8237 8302 4077 4011 8236 8301 4076 8 4013
8238 8303 4078 4012 8237 8302 4077 8 4014 8239
8304 4079 4013 8238 8303 4078 8 4015 8240 8305
4080 4014 8239 8304 4079 8 4016 8241 8306 4081
4015 8240 8305 4080 8 4017 8242 8307 4082 4016
8241 8306 4081 8 4018 8243 8308 4083 4017 8242
8307 4082 8 4019 8244 8309 4084 4018 8243 8308
4083 8 4020 8245 8310 4085 4019 8244 8309 4084
8 4021 8246 8311 4086 4020 8245 8310 4085 8
4022 8247 8312 4087 4021 8246 8311 4086 8 4023
8248 8313 4088 4022 8247 8312 4087 8 4024 8249
8314 4089 4023 8248 8313 4088 8 4025 8250 8315
4090 4024 8249 8314 4089 8 4026 8251 8316 4091
4025 8250 8315 4090 8 4027 8252 8317 4092 4026
8251 8316 4091 8 4028 8253 8318 4093 4027 8252
8317 4092 8 4093 4094 8319 8318 4028 4029 8254
8253 8 4031 8256 8321 4096 4030 8255 8320 4095
8 4032 8257 8322 4097 4031 8256 8321 4096 8
4033 8258 8323 4098 4032 8257 8322 4097 8 4034
8259 8324 4099 4033 8258 8323 4098 8 4035 8260
8325 4100 4034 8259 8324 4099 8 4036 8261 8326
4101 4035 8260 8325 4100 8 4037 8262 8327 4102
4036 8261 8326 4101 8 4038 8263 8328 4103 4037
8262 8327 4102 8 4039 8264 8329 4104 4038 8263
8328 4103 8 4040 8265 8330 4105 4039 8264 8329
4104 8 4041 8266 8331 4106 4040 8265 8330 4105
8 4042 8267 8332 4107 4041 8266 8331 4106 8
4043 8268 8333 4108 4042 8267 8332 4107 8 4044
8269 8334 4109 4043 8268 8333 4108 8 4045 8270
8335 4110 4044 8269 8334 4109 8 4046 8271 8336
4111 4045 8270 8335 4110 8 4047 8272 8337 4112
4046 8271 8336 4111 8 4048 8273 8338 4113 4047
8272 8337 4112 8 4049 8274 8339 4114 4048 8273
8338 4113 8 4050 8275 8340 4115 4049 8274 8339
4114 8 4051 8276 8341 4116 4050 8275 8340 4115
8 4052 8277 8342 4117 4051 8276 8341 4116 8
4053 8278 8343 4118 4052 8277 8342 4117 8 4054
8279 8344 4119 4053 8278 8343 4118 8 4055 8280
8345 4120 4054 8279 8344 4119 8 4056 8281 8346
4121 4055 8280 8345 4120 8 4057 8282 8347 4122
4056 8281 8346 4121 8 4058 8283 8348 4123 4057
8282 8347 4122 8 4059 8284 8349 4124 4058 8283
8348 4123 8 4060 8285 8350 4125 4059 8284 8349
4124 8 4061 8286 8351 4126 4060 8285 8350 4125
8 4062 8287 8352 4127 4061 8286 8351 4126 8
4063 8288 8353 4128 4062 8287 8352 4127 8 4064
8289 8354 4129 4063 8288 8353 4128 8 4065 8290
8355 4130 4064 8289 8354 4129 8 4066 8291 8356
4131 4065 8290 8355 4130 8 4067 8292 8357 4132
4066 8291 8356 4131 8 4068 8293 8358 4133 4067
8292 8357 4132 8 4069 8294 8359 4134 4068 8293
8358 4133 8 4070 8295 8360 4135 4069 8294 8359
4134 8 4071 8296 8361 4136 4070 8295 8360 4135
8 4072 8297 8362 4137 4071 8296 8361 4136 8
4073 8298 8363 4138 4072 8297 8362 4137 8 4074
8299 8364 4139 4073 8298 8363 4138 8 4075 8300
8365 4140 4074 8299 8364 4139 8 4076 8301 8366
4141 4075 8300 8365 4140 8 4077 8302 8367 4142
4076 8301 8366 4141 8 4078 8303 8368 4143 4077
8302 8367 4142 8 4079 8304 8369 4144 4078 8303
8368 4143 8 4080 8305 8370 4145 4079 8304 8369
4144 8 4081 8306 8371 4146 4080 8305 8370 4145
8 4082 8307 8372 4147 4081 8306 8371 4146 8
4083 8308 8373 4148 4082 8307 8372 4147 8 4084
8309 8374 4149 4083 8308 8373 4148 8 4085 8310
8375 4150 4084 8309 8374 4149 8 4086 8311 8376
4151 4085 8310 8375 4150 8 4087 8312 8377 4152
4086 8311 8376 4151 8 4088 8313 8378 4153 4087
8312 8377 4152 8 4089 8314 8379 4154 4088 8313
8378 4153 8 4090 8315 8380 4155 4089 8314 8379
4154 8 4091 8316 8381 4156 4090 8315 8380 4155
8 4092 8317 8382 4157 4091 8316 8381 4156 8
4093 8318 8383 4158 4092 8317 8382 4157 8 4158
4159 8384 8383 4093 4094 8319 8318 8 4096 8321
8386 4161 4095 8320 8385 4160 8 4097 8322 8387
4162 4096 8321 8386 4161 8 4098 8323 8388 4163
4097 8322 8387 4162 8 4099 8324 8389 4164 4098
8323 8388 4163 8 4100 8325 8390 4165 4099 8324
8389 4164 8 4101 8326 8391 4166 4100 8325 8390
4165 8 4102 8327 8392 4167 4101 8326 8391 4166
8 4103 8328 8393 4168 4102 8327 8392 4167 8
4104 8329 8394 4169 4103 8328 8393 4168 8 4105
8330 8395 4170 4104 8329 8394 4169 8 4106 8331
8396 4171 4105 8330 8395 4170 8 4107 8332 8397
4172 4106 8331 8396 4171 8 4108 8333 8398 4173
4107 8332 8397 4172 8 4109 8334 8399 4174 4108
8333 8398 4173 8 4110 8335 8400 4175 4109 8334
8399 4174 8 4111 8336 8401 4176 4110 8335 8400
4175 8 4112 8337 8402 4177 4111 8336 8401 4176
8 4113 8338 8403 4178 4112 8337 8402 4177 8
4114 8339 8404 4179 4113 8338 8403 4178 8 4115
8340 8405 4180 4114 8339 8404 4179 8 4116 8341
8406 4181 4115 8340 8405 4180 8 4117 8342 8407
4182 4116 8341 8406 4181 8 4118 8343 8408 4183
4117 8342 8407 4182 8 4119 8344 8409 4184 4118
8343 8408 4183 8 4120 8345 8410 4185 4119 8344
8409 4184 8 4121 8346 8411 4186 4120 8345 8410
4185 8 4122 8347 8412 4187 4121 8346 8411 4186
8 4123 8348 8413 4188 4122 8347 8412 4187 8
4124 8349 8414 4189 4123 8348 8413 4188 8 4125
8350 8415 4190 4124 8349 8414 4189 8 4126 8351
8416 4191 4125 8350 8415 4190 8 4127 8352 8417
4192 4126 8351 8416 4191 8 4128 8353 8418 4193
4127 8352 8417 4192 8 4129 8354 8419 4194 4128
8353 8418 4193 8 4130 8355 8420 4195 4129 8354
8419 4194 8 4131 8356 8421 4196 4130 8355 8420
4195 8 4132 8357 8422 4197 4131 8356 8421 4196
8 4133 8358 8423 4198 4132 8357 8422 4197 8
4134 8359 8424 4199 4133 8358 8423 4198 8 4135
8360 8425 4200 4134 8359 8424 4199 8 4136 8361
8426 4201 4135 8360 8425 4200 8 4137 8362 8427
4202 4136 8361 8426 4201 8 4138 8363 8428 4203
4137 8362 8427 4202 8 4139 8364 8429 4204 4138
8363 8428 4203 8 4140 8365 8430 4205 4139 8364
8429 4204 8 4141 8366 8431 4206 4140 8365 8430
4205 8 4142 8367 8432 4207 4141 8366 8431 4206
8 4143 8368 8433 4208 4142 8367 8432 4207 8
4144 8369 8434 4209 4143 8368 8433 4208 8 4145
8370 8435 4210 4144 8369 8434 4209 8 4146 8371
8436 4211 4145 8370 8435 4210 8 4147 8372 8437
4212 4146 8371 8436 4211 8 4148 8373 8438 4213
4147 8372 8437 4212 8 4149 8374 8439 4214 4148
8373 8438 4213 8 4150 8375 8440 4215 4149 8374
8439 4214 8 4151 8376 8441 4216 4150 8375 8440
4215 8 4152 8377 8442 4217 4151 8376 8441 4216
8 4153 8378 8443 4218 4152 8377 8442 4217 8
4154 8379 8444 4219 4153 8378 8443 4218 8 4155
8380 8445 4220 4154 8379 8444 4219 8 4156 8381
8446 4221 4155 8380 8445 4220 8 4157 8382 8447
4222 4156 8381 8446 4221 8 4158 8383 8448 4223
4157 8382 8447 4222 8 4223 4224 8449 8448 4158
4159 8384 8383 
CELL_TYPES 4096
12 12 12 12 12 12 12 12 12 12 12
12 12 12 12 12 12 12 12 12 12
12 12 12 12 12 12 12 12 12 12
12 12 12 12 12 12 12 12 12 12
12 12 12 12 12 12 12 12 12 12
12 12 12 12 12 12 12 12 12 12
12 12 12 12 12 12 12 12 12 12
12 12 12 12 12 12 12 12 12 12
12 12 12 12 12 12 12 12 12 12
12 12 12 12 12 12 12 12 12 12
12 12 12 12 12 12 12 12 12 12
12 12 12 12 12 12 12 12 12 12
12 12 12 12 12 12 12 12 12 12
12 12 12 12 12 12 12 12 12 12
12 12 12 12 12 12 12 12 12 12
12 12 12 12 12 12 12 12 12 12
12 12 12 12 12 12 12 12 12 12
12 12 12 12 12 12 12 12 12 12
12 12 12 12 12 12 12 12 12 12
12 12 12 12 12 12 12 12 12 12
12 12 12 12 12 12 12 12 12 12
12 12 12 12 12 12 12 12 12 12
12 12 12 12 12 12 12 12 12 12
12 12 12 12 12 12 12 12 12 12
12 12 12 12 12 12 12 12 12 12
12 12 12 12 12 12 12 12 12 12
12 12 12 12 12 12 12 12 12 12
12 12 12 12 12 12 12 12 12 12
12 12 12 12 12 12 12 12 12 12
12 12 12 12 12 12 12 12 12 12
12 12 12 12 12 12 12 12 12 12
12 12 12 12 12 12 12 12 12 12
12 12 12 12 12 12 12 12 12 12
12 12 12 12 12 12 12 12 12 12
12 12 12 12 12 12 12 12 12 12
12 12 12 12 12 12 12 12 12 12
12 12 12 12 12 12 12 12 12 12
12 12 12 12 12 12 12 12 12 12
12 12 12 12 12 12 12 12 12 12
12 12 12 12 12 12 12 12 12 12
12 12 12 12 12 12 12 12 12 12
12 12 12 12 12 12 12 12 12 12
12 12 12 12 12 12 12 12 12 12
12 12 12 12 12 12 12 12 12 12
12 12 12 12 12 12 12 12 12 12
12 12 12 12 12 12 12 12 12 12
12 12 12 12 12 12 12 12 12 12
12 12 12 12 12 12 12 12 12 12
12 12 12 12 12 12 12 12 12 12
12 12 12 12 12 12 12 12 12 12
12 12 12 12 12 12 12 12 12 12
12 12 12 12 12 12 12 12 12 12
12 12 12 12 12 12 12 12 12 12
12 12 12 12 12 12 12 12 12 12
12 12 12 12 12 12 12 12 12 12
12 12 12 12 12 12 12 12 12 12
12 12 12 12 12 12 12 12 12 12
12 12 12 12 12 12 12 12 12 12
12 12 12 12 12 12 12 12 12 12
12 12 12 12 12 12 12 12 12 12
12 12 12 12 12 12 12 12 12 12
12 12 12 12 12 12 12 12 12 12
12 12 12 12 12 12 12 12 12 12
12 12 12 12 12 12 12 12 12 12
12 12 12 12 12 12 12 12 12 12
12 12 12 12 12 12 12 12 12 12
12 12 12 12 12 12 12 12 12 12
12 12 12 12 12 12 12 12 12 12
12 12 12 12 12 12 12 12 12 12
12 12 12 12 12 12 12 12 12 12
12 12 12 12 12 12 12 12 12 12
12 12 12 12 12 12 12 12 12 12
12 12 12 12 12 12 12 12 12 12
12 12 12 12 12 12 12 12 12 12
12 12 12 12 12 12 12 12 12 12
12 12 12 12 12 12 12 12 12 12
12 12 12 12 12 12 12 12 12 12
12 12 12 12 12 12 12 12 12 12
12 12 12 12 12 12 12 12 12 12
12 12 12 12 12 12 12 12 12 12
12 12 12 12 12 12 12 12 12 12
12 12 12 12 12 12 12 12 12 12
12 12 12 12 12 12 12 12 12 12
12 12 12 12 12 12 12 12 12 12
12 12 12 12 12 12 12 12 12 12
12 12 12 12 12 12 12 12 12 12
12 12 12 12 12 12 12 12 12 12
12 12 12 12 12 12 12 12 12 12
12 12 12 12 12 12 12 12 12 12
12 12 12 12 12 12 12 12 12 12
12 12 12 12 12 12 12 12 12 12
12 12 12 12 12 12 12 12 12 12
12 12 12 12 12 12 12 12 12 12
12 12 12 12 12 12 12 12 12 12
12 12 12 12 12 12 12 12 12 12
12 12 12 12 12 12 12 12 12 12
12 12 12 12 12 12 12 12 12 12
12 12 12 12 12 12 12 12 12 12
12 12 12 12 12 12 12 12 12 12
12 12 12 12 12 12 12 12 12 12
12 12 12 12 12 12 12 12 12 12
12 12 12 12 12 12 12 12 12 12
12 12 12 12 12 12 12 12 12 12
12 12 12 12 12 12 12 12 12 12
12 12 12 12 12 12 12 12 12 12
12 12 12 12 12 12 12 12 12 12
12 12 12 12 12 12 12 12 12 12
12 12 12 12 12 12 12 12 12 12
12 12 12 12 12 12 12 12 12 12
12 12 12 12 12 12 12 12 12 12
12 12 12 12 12 12 12 12 12 12
12 12 12 12 12 12 12 12 12 12
12 12 12 12 12 12 12 12 12 12
12 12 12 12 12 12 12 12 12 12
12 12 12 12 12 12 12 12 12 12
12 12 12 12 12 12 12 12 12 12
12 12 12 12 12 12 12 12 12 12
12 12 12 12 12 12 12 12 12 12
12 12 12 12 12 12 12 12 12 12
12 12 12 12 12 12 12 12 12 12
12 12 12 12 12 12 12 12 12 12
12 12 12 12 12 12 12 12 12 12
12 12 12 12 12 12 12 12 12 12
12 12 12 12 12 12 12 12 12 12
12 12 12 12 12 12 12 12 12 12
12 12 12 12 12 12 12 12 12 12
12 12 12 12 12 12 12 12 12 12
12 12 12 12 12 12 12 12 12 12
12 12 12 12 12 12 12 12 12 12
12 12 12 12 12 12 12 12 12 12
12 12 12 12 12 12 12 12 12 12
12 12 12 12 12 12 12 12 12 12
12 12 12 12 12 12 12 12 12 12
12 12 12 12 12 12 12 12 12 12
12 12 12 12 12 12 12 12 12 12
12 12 12 12 12 12 12 12 12 12
12 12 12 12 12 12 12 12 12 12
12 12 12 12 12 12 12 12 12 12
12 12 12 12 12 12 12 12 12 12
12 12 12 12 12 12 12 12 12 12
12 12 12 12 12 12 12 12 12 12
12 12 12 12 12 12 12 12 12 12
12 12 12 12 12 12 12 12 12 12
12 12 12 12 12 12 12 12 12 12
12 12 12 12 12 12 12 12 12 12
12 12 12 12 12 12 12 12 12 12
12 12 12 12 12 12 12 12 12 12
12 12 12 12 12 12 12 12 12 12
12 12 12 12 12 12 12 12 12 12
12 12 12 12 12 12 12 12 12 12
12 12 12 12 12 12 12 12 12 12
12 12 12 12 12 12 12 12 12 12
12 12 12 12 12 12 12 12 12 12
12 12 12 12 12 12 12 12 12 12
12 12 12 12 12 12 12 12 12 12
12 12 12 12 12 12 12 12 12 12
12 12 12 12 12 12 12 12 12 12
12 12 12 12 12 12 12 12 12 12
12 12 12 12 12 12 12 12 12 12
12 12 12 12 12 12 12 12 12 12
12 12 12 12 12 12 12 12 12 12
12 12 12 12 12 12 12 12 12 12
12 12 12 12 12 12 12 12 12 12
12 12 12 12 12 12 12 12 12 12
12 12 12 12 12 12 12 12 12 12
12 12 12 12 12 12 12 12 12 12
12 12 12 12 12 12 12 12 12 12
12 12 12 12 12 12 12 12 12 12
12 12 12 12 12 12 12 12 12 12
12 12 12 12 12 12 12 12 12 12
12 12 12 12 12 12 12 12 12 12
12 12 12 12 12 12 12 12 12 12
12 12 12 12 12 12 12 12 12 12
12 12 12 12 12 12 12 12 12 12
12 12 12 12 12 12 12 12 12 12
12 12 12 12 12 12 12 12 12 12
12 12 12 12 12 12 12 12 12 12
12 12 12 12 12 12 12 12 12 12
12 12 12 12 12 12 12 12 12 12
12 12 12 12 12 12 12 12 12 12
12 12 12 12 12 12 12 12 12 12
12 12 12 12 12 12 12 12 12 12
12 12 12 12 12 12 12 12 12 12
12 12 12 12 12 12 12 12 12 12
12 12 12 12 12 12 12 12 12 12
12 12 12 12 12 12 12 12 12 12
12 12 12 12 12 12 12 12 12 12
12 12 12 12 12 12 12 12 12 12
12 12 12 12 12 12 12 12 12 12
12 12 12 12 12 12 12 12 12 12
12 12 12 12 12 12 12 12 12 12
12 12 12 12 12 12 12 12 12 12
12 12 12 12 12 12 12 12 12 12
12 12 12 12 12 12 12 12 12 12
12 12 12 12 12 12 12 12 12 12
12 12 12 12 12 12 12 12 12 12
12 12 12 12 12 12 12 12 12 12
12 12 12 12 12 12 12 12 12 12
12 12 12 12 12 12 12 12 12 12
12 12 12 12 12 12 12 12 12 12
12 12 12 12 12 12 12 12 12 12
12 12 12 12 12 12 12 12 12 12
12 12 12 12 12 12 12 12 12 12
12 12 12 12 12 12 12 12 12 12
12 12 12 12 12 12 12 12 12 12
12 12 12 12 12 12 12 12 12 12
12 12 12 12 12 12 12 12 12 12
12 12 12 12 12 12 12 12 12 12
12 12 12 12 12 12 12 12 12 12
12 12 12 12 12 12 12 12 12 12
12 12 12 12 12 12 12 12 12 12
12 12 12 12 12 12 12 12 12 12
12 12 12 12 12 12 12 12 12 12
12 12 12 12 12 12 12 12 12 12
12 12 12 12 12 12 12 12 12 12
12 12 12 12 12 12 12 12 12 12
12 12 12 12 12 12 12 12 12 12
12 12 12 12 12 12 12 12 12 12
12 12 12 12 12 12 12 12 12 12
12 12 12 12 12 12 12 12 12 12
12 12 12 12 12 12 12 12 12 12
12 12 12 12 12 12 12 12 12 12
12 12 12 12 12 12 12 12 12 12
12 12 12 12 12 12 12 12 12 12
12 12 12 12 12 12 12 12 12 12
12 12 12 12 12 12 12 12 12 12
12 12 12 12 12 12 12 12 12 12
12 12 12 12 12 12 12 12 12 12
12 12 12 12 12 12 12 12 12 12
12 12 12 12 12 12 12 12 12 12
12 12 12 12 12 12 12 12 12 12
12 12 12 12 12 12 12 12 12 12
12 12 12 12 12 12 12 12 12 12
12 12 12 12 12 12 12 12 12 12
12 12 12 12 12 12 12 12 12 12
12 12 12 12 12 12 12 12 12 12
12 12 12 12 12 12 12 12 12 12
12 12 12 12 12 12 12 12 12 12
12 12 12 12 12 12 12 12 12 12
12 12 12 12 12 12 12 12 12 12
12 12 12 12 12 12 12 12 12 12
12 12 12 12 12 12 12 12 12 12
12 12 12 12 12 12 12 12 12 12
12 12 12 12 12 12 12 12 12 12
12 12 12 12 12 12 12 12 12 12
12 12 12 12 12 12 12 12 12 12
12 12 12 12 12 12 12 12 12 12
12 12 12 12 12 12 12 12 12 12
12 12 12 12 12 12 12 12 12 12
12 12 12 12 12 12 12 12 12 12
12 12 12 12 12 12 12 12 12 12
12 12 12 12 12 12 12 12 12 12
12 12 12 12 12 12 12 12 12 12
12 12 12 12 12 12 12 12 12 12
12 12 12 12 12 12 12 12 12 12
12 12 12 12 12 12 12 12 12 12
12 12 12 12 12 12 12 12 12 12
12 12 12 12 12 12 12 12 12 12
12 12 12 12 12 12 12 12 12 12
12 12 12 12 12 12 12 12 12 12
12 12 12 12 12 12 12 12 12 12
12 12 12 12 12 12 12 12 12 12
12 12 12 12 12 12 12 12 12 12
12 12 12 12 12 12 12 12 12 12
12 12 12 12 12 12 12 12 12 12
12 12 12 12 12 12 12 12 12 12
12 12 12 12 12 12 12 12 12 12
12 12 12 12 12 12 12 12 12 12
12 12 12 12 12 12 12 12 12 12
12 12 12 12 12 12 12 12 12 12
12 12 12 12 12 12 12 12 12 12
12 12 12 12 12 12 12 12 12 12
12 12 12 12 12 12 12 12 12 12
12 12 12 12 12 12 12 12 12 12
12 12 12 12 12 12 12 12 12 12
12 12 12 12 12 12 12 12 12 12
12 12 12 12 12 12 12 12 12 12
12 12 12 12 12 12 12 12 12 12
12 12 12 12 12 12 12 12 12 12
12 12 12 12 12 12 12 12 12 12
12 12 12 12 12 12 12 12 12 12
12 12 12 12 12 12 12 12 12 12
12 12 12 12 12 12 12 12 12 12
12 12 12 12 12 12 12 12 12 12
12 12 12 12 12 12 12 12 12 12
12 12 12 12 12 12 12 12 12 12
12 12 12 12 12 12 12 12 12 12
12 12 12 12 12 12 12 12 12 12
12 12 12 12 12 12 12 12 12 12
12 12 12 12 12 12 12 12 12 12
12 12 12 12 12 12 12 12 12 12
12 12 12 12 12 12 12 12 12 12
12 12 12 12 12 12 12 12 12 12
12 12 12 12 12 12 12 12 12 12
12 12 12 12 12 12 12 12 12 12
12 12 12 12 12 12 12 12 12 12
12 12 12 12 12 12 12 12 12 12
12 12 12 12 12 12 12 12 12 12
12 12 12 12 12 12 12 12 12 12
12 12 12 12 12 12 12 12 12 12
12 12 12 12 12 12 12 12 12 12
12 12 12 12 12 12 12 12 12 12
12 12 12 12 12 12 12 12 12 12
12 12 12 12 12 12 12 12 12 12
12 12 12 12 12 12 12 12 12 12
12 12 12 12 12 12 12 12 12 12
12 12 12 12 12 12 12 12 12 12
12 12 12 12 12 12 12 12 12 12
12 12 12 12 12 12 12 12 12 12
12 12 12 12 12 12 12 12 12 12
12 12 12 12 12 12 12 12 12 12
12 12 12 12 12 12 12 12 12 12
12 12 12 12 12 12 12 12 12 12
12 12 12 12 12 12 12 12 12 12
12 12 12 12 12 12 12 12 12 12
12 12 12 12 12 12 12 12 12 12
12 12 12 12 12 12 12 12 12 12
12 12 12 12 12 12 12 12 12 12
12 12 12 12 12 12 12 12 12 12
12 12 12 12 12 12 12 12 12 12
12 12 12 12 12 12 12 12 12 12
12 12 12 12 12 12 12 12 12 12
12 12 12 12 12 12 12 12 12 12
12 12 12 12 12 12 12 12 12 12
12 12 12 12 12 12 12 12 12 12
12 12 12 12 12 12 12 12 12 12
12 12 12 12 12 12 12 12 12 12
12 12 12 12 12 12 12 12 12 12
12 12 12 12 12 12 12 12 12 12
12 12 12 12 12 12 12 12 12 12
12 12 12 12 12 12 12 12 12 12
12 12 12 12 12 12 12 12 12 12
12 12 12 12 12 12 12 12 12 12
12 12 12 12 12 12 12 12 12 12
12 12 12 12 12 12 12 12 12 12
12 12 12 12 12 12 12 12 12 12
12 12 12 12 12 12 12 12 12 12
12 12 12 12 12 12 12 12 12 12
12 12 12 12 12 12 12 12 12 12
12 12 12 12 12 12 12 12 12 12
12 12 12 12 12 12 12 12 12 12
12 12 12 12 12 12 12 12 12 12
12 12 12 12 12 12 12 12 12 12
12 12 12 12 12 12 12 12 12 12
12 12 12 12 12 12 12 12 12 12
12 12 12 12 12 12 12 12 12 12
12 12 12 12 12 12 12 12 12 12
12 12 12 12 12 12 12 12 12 12
12 12 12 12 12 12 12 12 12 12
12 12 12 12 12 12 12 12 12 12
12 12 12 12 12 12 12 12 12 12
12 12 12 12 12 12 12 12 12 12
12 12 12 12 12 12 12 12 12 12
12 12 12 12 12 12 12 12 12 12
12 12 12 12 12 12 12 12 12 12
12 12 12 12 12 12 12 12 12 12
12 12 12 12 12 12 12 12 12 12
12 12 12 12 12 12 12 12 12 12
12 12 12 12 12 12 12 12 12 12
12 12 12 12 12 12 12 12 12 12
12 12 12 12 12 12 12 12 12 12
12 12 12 12 12 12 12 12 12 12
12 12 12 12 12 12 12 12 12 12
12 12 12 12 12 12 12 12 12 12
12 12 12 12 12 12 12 12 12 12
12 12 12 12 12 12 12 12 12 12
12 12 12 12 12 12 12 12 12 12
12 12 12 12 12 12 12 12 12 12
12 12 12 12 12 12 12 12 12 12
12 12 12 12 12 12 12 12 12 12
12 12 12 12 12 12 12 12 12 12
12 12 12 12 12 12 12 12 12 12
12 12 12 12 12 12 12 12 12 12
12 12 12 12 12 12 12 12 12 12
12 12 12 12 12 12 12 12 12 12
12 12 12 12 12 12 12 12 12 12
12 12 12 12 12 12 12 12 12 12
12 12 12 12 12 12 12 12 12 12
12 12 12 12 12 12 12 12 12 12
12 12 12 12 12 12 12 12 12 12
12 12 12 12 12 12 12 12 12 12
12 12 12 12 12 12 12 12 12 12
12 12 12 12 12 12 12 12 12 12
12 12 12 12 12 12 12 12 12 12
12 12 12 12 12 12 12 12 12 12
12 12 12 12 12 12 12 12 12 12
12 12 12 12 12 12 12 12 12 12
12 12 12 12 12 12 12 12 12 12
12 12 12 12 12 12 12 12 12 12
12 12 12 12 12 12 12 12 12 12
12 12 12 12 12 12 12 12 12 12
12 12 12 12 12 12 12 12 12 12
12 12 12 12 12 12 12 12 12 12
12 12 12 12 12 12 12 12 12 12
12 12 12 12 12 12 12 12 12 12
12 12 12 12 12 12 12 12 12 12
12 12 12 12 12 12 12 12 12 12
12 12 12 12 12 12 12 12 12 12
12 12 12 12 12 12 12 12 12 12
12 12 12 12 12 12 12 12 12 12
12 12 12 12 12 12 12 12 12 12
12 12 12 12 12 12 12 12 12 12
12 12 12 12 12 12 12 12 12 12
12 12 12 12 12 12 12 12 12 12
12 12 12 12 12 12 12 12 12 12
12 12 12 12 12 12 12 12 12 12
12 12 12 12 12 12 12 12 12 12
12 12 12 12 12 12 12 12 12 12
12 12 12 12 12 12 12 12 12 12
12 12 12 12 12 
CELL_DATA 4096
FIELD attributes 3
cellID 1 4096 int
0 1 2 3 4 5 6 7 8 9 10
11 12 13 14 15 16 17 18 19 20
21 22 23 24 25 26 27 28 29 30
31 32 33 34 35 36 37 38 39 40
41 42 43 44 45 46 47 48 49 50
51 52 53 54 55 56 57 58 59 60
61 62 63 64 65 66 67 68 69 70
71 72 73 74 75 76 77 78 79 80
81 82 83 84 85 86 87 88 89 90
91 92 93 94 95 96 97 98 99 100
101 102 103 104 105 106 107 108 109 110
111 112 113 114 115 116 117 118 119 120
121 122 123 124 125 126 127 128 129 130
131 132 133 134 135 136 137 138 139 140
141 142 143 144 145 146 147 148 149 150
151 152 153 154 155 156 157 158 159 160
161 162 163 164 165 166 167 168 169 170
171 172 173 174 175 176 177 178 179 180
181 182 183 184 185 186 187 188 189 190
191 192 193 194 195 196 197 198 199 200
201 202 203 204 205 206 207 208 209 210
211 212 213 214 215 216 217 218 219 220
221 222 223 224 225 226 227 228 229 230
231 232 233 234 235 236 237 238 239 240
241 242 243 244 245 246 247 248 249 250
251 252 253 254 255 256 257 258 259 260
261 262 263 264 265 266 267 268 269 270
271 272 273 274 275 276 277 278 279 280
281 282 283 284 285 286 287 288 289 290
291 292 293 294 295 296 297 298 299 300
301 302 303 304 305 306 307 308 309 310
311 312 313 314 315 316 317 318 319 320
321 322 323 324 325 326 327 328 329 330
331 332 333 334 335 336 337 338 339 340
341 342 343 344 345 346 347 348 349 350
351 352 353 354 355 356 357 358 359 360
361 362 363 364 365 366 367 368 369 370
371 372 373 374 375 376 377 378 379 380
381 382 383 384 385 386 387 388 389 390
391 392 393 394 395 396 397 398 399 400
401 402 403 404 405 406 407 408 409 410
411 412 413 414 415 416 417 418 419 420
421 422 423 424 425 426 427 428 429 430
431 432 433 434 435 436 437 438 439 440
441 442 443 444 445 446 447 448 449 450
451 452 453 454 455 456 457 458 459 460
461 462 463 464 465 466 467 468 469 470
471 472 473 474 475 476 477 478 479 480
481 482 483 484 485 486 487 488 489 490
491 492 493 494 495 496 497 498 499 500
501 502 503 504 505 506 507 508 509 510
511 512 513 514 515 516 517 518 519 520
521 522 523 524 525 526 527 528 529 530
531 532 533 534 535 536 537 538 539 540
541 542 543 544 545 546 547 548 549 550
551 552 553 554 555 556 557 558 559 560
561 562 563 564 565 566 567 568 569 570
571 572 573 574 575 576 577 578 579 580
581 582 583 584 585 586 587 588 589 590
591 592 593 594 595 596 597 598 599 600
601 602 603 604 605 606 607 608 609 610
611 612 613 614 615 616 617 618 619 620
621 622 623 624 625 626 627 628 629 630
631 632 633 634 635 636 637 638 639 640
641 642 643 644 645 646 647 648 649 650
651 652 653 654 655 656 657 658 659 660
661 662 663 664 665 666 667 668 669 670
671 672 673 674 675 676 677 678 679 680
681 682 683 684 685 686 687 688 689 690
691 692 693 694 695 696 697 698 699 700
701 702 703 704 705 706 707 708 709 710
711 712 713 714 715 716 717 718 719 720
721 722 723 724 725 726 727 728 729 730
731 732 733 734 735 736 737 738 739 740
741 742 743 744 745 746 747 748 749 750
751 752 753 754 755 756 757 758 759 760
761 762 763 764 765 766 767 768 769 770
771 772 773 774 775 776 777 778 779 780
781 782 783 784 785 786 787 788 789 790
791 792 793 794 795 796 797 798 799 800
801 802 803 804 805 806 807 808 809 810
811 812 813 814 815 816 817 818 819 820
821 822 823 824 825 826 827 828 829 830
831 832 833 834 835 836 837 838 839 840
841 842 843 844 845 846 847 848 849 850
851 852 853 854 855 856 857 858 859 860
861 862 863 864 865 866 867 868 869 870
871 872 873 874 875 876 877 878 879 880
881 882 883 884 885 886 887 888 889 890
891 892 893 894 895 896 897 898 899 900
901 902 903 904 905 906 907 908 909 910
911 912 913 914 915 916 917 918 919 920
921 922 923 924 925 926 927 928 929 930
931 932 933 934 935 936 937 938 939 940
941 942 943 944 945 946 947 948 949 950
951 952 953 954 955 956 957 958 959 960
961 962 963 964 965 966 967 968 969 970
971 972 973 974 975 976 977 978 979 980
981 982 983 984 985 986 987 988 989 990
991 992 993 994 995 996 997 998 999 1000
1001 1002 1003 1004 1005 1006 1007 1008 1009 1010
1011 1012 1013 1014 1015 1016 1017 1018 1019 1020
1021 1022 1023 1024 1025 1026 1027 1028 1029 1030
1031 1032 1033 1034 1035 1036 1037 1038 1039 1040
1041 1042 1043 1044 1045 1046 1047 1048 1049 1050
1051 1052 1053 1054 1055 1056 1057 1058 1059 1060
1061 1062 1063 1064 1065 1066 1067 1068 1069 1070
1071 1072 1073 1074 1075 1076 1077 1078 1079 1080
1081 1082 1083 1084 1085 1086 1087 1088 1089 1090
1091 1092 1093 1094 1095 1096 1097 1098 1099 1100
1101 1102 1103 1104 1105 1106 1107 1108 1109 1110
1111 1112 1113 1114 1115 1116 1117 1118 1119 1120
1121 1122 1123 1124 1125 1126 1127 1128 1129 1130
1131 1132 1133 1134 1135 1136 1137 1138 1139 1140
1141 1142 1143 1144 1145 1146 1147 1148 1149 1150
1151 1152 1153 1154 1155 1156 1157 1158 1159 1160
1161 1162 1163 1164 1165 1166 1167 1168 1169 1170
1171 1172 1173 1174 1175 1176 1177 1178 1179 1180
1181 1182 1183 1184 1185 1186 1187 1188 1189 1190
1191 1192 1193 1194 1195 1196 1197 1198 1199 1200
1201 1202 1203 1204 1205 1206 1207 1208 1209 1210
1211 1212 1213 1214 1215 1216 1217 1218 1219 1220
1221 1222 1223 1224 1225 1226 1227 1228 1229 1230
1231 1232 1233 1234 1235 1236 1237 1238 1239 1240
1241 1242 1243 1244 1245 1246 1247 1248 1249 1250
1251 1252 1253 1254 1255 1256 1257 1258 1259 1260
1261 1262 1263 1264 1265 1266 1267 1268 1269 1270
1271 1272 1273 1274 1275 1276 1277 1278 1279 1280
1281 1282 1283 1284 1285 1286 1287 1288 1289 1290
1291 1292 1293 1294 1295 1296 1297 1298 1299 1300
1301 1302 1303 1304 1305 1306 1307 1308 1309 1310
1311 1312 1313 1314 1315 1316 1317 1318 1319 1320
1321 1322 1323 1324 1325 1326 1327 1328 1329 1330
1331 1332 1333 1334 1335 1336 1337 1338 1339 1340
1341 1342 1343 1344 1345 1346 1347 1348 1349 1350
1351 1352 1353 1354 1355 1356 1357 1358 1359 1360
1361 1362 1363 1364 1365 1366 1367 1368 1369 1370
1371 1372 1373 1374 1375 1376 1377 1378 1379 1380
1381 1382 1383 1384 1385 1386 1387 1388 1389 1390
1391 1392 1393 1394 1395 1396 1397 1398 1399 1400
1401 1402 1403 1404 1405 1406 1407 1408 1409 1410
1411 1412 1413 1414 1415 1416 1417 1418 1419 1420
1421 1422 1423 1424 1425 1426 1427 1428 1429 1430
1431 1432 1433 1434 1435 1436 1437 1438 1439 1440
1441 1442 1443 1444 1445 1446 1447 1448 1449 1450
1451 1452 1453 1454 1455 1456 1457 1458 1459 1460
1461 1462 1463 1464 1465 1466 1467 1468 1469 1470
1471 1472 1473 1474 1475 1476 1477 1478 1479 1480
1481 1482 1483 1484 1485 1486 1487 1488 1489 1490
1491 1492 1493 1494 1495 1496 1497 1498 1499 1500
1501 1502 1503 1504 1505 1506 1507 1508 1509 1510
1511 1512 1513 1514 1515 1516 1517 1518 1519 1520
1521 1522 1523 1524 1525 1526 1527 1528 1529 1530
1531 1532 1533 1534 1535 1536 1537 1538 1539 1540
1541 1542 1543 1544 1545 1546 1547 1548 1549 1550
1551 1552 1553 1554 1555 1556 1557 1558 1559 1560
1561 1562 1563 1564 1565 1566 1567 1568 1569 1570
1571 1572 1573 1574 1575 1576 1577 1578 1579 1580
1581 1582 1583 1584 1585 1586 1587 1588 1589 1590
1591 1592 1593 1594 1595 1596 1597 1598 1599 1600
1601 1602 1603 1604 1605 1606 1607 1608 1609 1610
1611 1612 1613 1614 1615 1616 1617 1618 1619 1620
1621 1622 1623 1624 1625 1626 1627 1628 1629 1630
1631 1632 1633 1634 1635 1636 1637 1638 1639 1640
1641 1642 1643 1644 1645 1646 1647 1648 1649 1650
1651 1652 1653 1654 1655 1656 1657 1658 1659 1660
1661 1662 1663 1664 1665 1666 1667 1668 1669 1670
1671 1672 1673 1674 1675 1676 1677 1678 1679 1680
1681 1682 1683 1684 1685 1686 1687 1688 1689 1690
1691 1692 1693 1694 1695 1696 1697 1698 1699 1700
1701 1702 1703 1704 1705 1706 1707 1708 1709 1710
1711 1712 1713 1714 1715 1716 1717 1718 1719 1720
1721 1722 1723 1724 1725 1726 1727 1728 1729 1730
1731 1732 1733 1734 1735 1736 1737 1738 1739 1740
1741 1742 1743 1744 1745 1746 1747 1748 1749 1750
1751 1752 1753 1754 1755 1756 1757 1758 1759 1760
1761 1762 1763 1764 1765 1766 1767 1768 1769 1770
1771 1772 1773 1774 1775 1776 1777 1778 1779 1780
1781 1782 1783 1784 1785 1786 1787 1788 1789 1790
1791 1792 1793 1794 1795 1796 1797 1798 1799 1800
1801 1802 1803 1804 1805 1806 1807 1808 1809 1810
1811 1812 1813 1814 1815 1816 1817 1818 1819 1820
1821 1822 1823 1824 1825 1826 1827 1828 1829 1830
1831 1832 1833 1834 1835 1836 1837 1838 1839 1840
1841 1842 1843 1844 1845 1846 1847 1848 1849 1850
1851 1852 1853 1854 1855 1856 1857 1858 1859 1860
1861 1862 1863 1864 1865 1866 1867 1868 1869 1870
1871 1872 1873 1874 1875 1876 1877 1878 1879 1880
1881 1882 1883 1884 1885 1886 1887 1888 1889 1890
1891 1892 1893 1894 1895 1896 1897 1898 1899 1900
1901 1902 1903 1904 1905 1906 1907 1908 1909 1910
1911 1912 1913 1914 1915 1916 1917 1918 1919 1920
1921 1922 1923 1924 1925 1926 1927 1928 1929 1930
1931 1932 1933 1934 1935 1936 1937 1938 1939 1940
1941 1942 1943 1944 1945 1946 1947 1948 1949 1950
1951 1952 1953 1954 1955 1956 1957 1958 1959 1960
1961 1962 1963 1964 1965 1966 1967 1968 1969 1970
1971 1972 1973 1974 1975 1976 1977 1978 1979 1980
1981 1982 1983 1984 1985 1986 1987 1988 1989 1990
1991 1992 1993 1994 1995 1996 1997 1998 1999 2000
2001 2002 2003 2004 2005 2006 2007 2008 2009 2010
2011 2012 2013 2014 2015 2016 2017 2018 2019 2020
2021 2022 2023 2024 2025 2026 2027 2028 2029 2030
2031 2032 2033 2034 2035 2036 2037 2038 2039 2040
2041 2042 2043 2044 2045 2046 2047 2048 2049 2050
2051 2052 2053 2054 2055 2056 2057 2058 2059 2060
2061 2062 2063 2064 2065 2066 2067 2068 2069 2070
2071 2072 2073 2074 2075 2076 2077 2078 2079 2080
2081 2082 2083 2084 2085 2086 2087 2088 2089 2090
2091 2092 2093 2094 2095 2096 2097 2098 2099 2100
2101 2102 2103 2104 2105 2106 2107 2108 2109 2110
2111 2112 2113 2114 2115 2116 2117 2118 2119 2120
2121 2122 2123 2124 2125 2126 2127 2128 2129 2130
2131 2132 2133 2134 2135 2136 2137 2138 2139 2140
2141 2142 2143 2144 2145 2146 2147 2148 2149 2150
2151 2152 2153 2154 2155 2156 2157 2158 2159 2160
2161 2162 2163 2164 2165 2166 2167 2168 2169 2170
2171 2172 2173 2174 2175 2176 2177 2178 2179 2180
2181 2182 2183 2184 2185 2186 2187 2188 2189 2190
2191 2192 2193 2194 2195 2196 2197 2198 2199 2200
2201 2202 2203 2204 2205 2206 2207 2208 2209 2210
2211 2212 2213 2214 2215 2216 2217 2218 2219 2220
2221 2222 2223 2224 2225 2226 2227 2228 2229 2230
2231 2232 2233 2234 2235 2236 2237 2238 2239 2240
2241 2242 2243 2244 2245 2246 2247 2248 2249 2250
2251 2252 2253 2254 2255 2256 2257 2258 2259 2260
2261 2262 2263 2264 2265 2266 2267 2268 2269 2270
2271 2272 2273 2274 2275 2276 2277 2278 2279 2280
2281 2282 2283 2284 2285 2286 2287 2288 2289 2290
2291 2292 2293 2294 2295 2296 2297 2298 2299 2300
2301 2302 2303 2304 2305 2306 2307 2308 2309 2310
2311 2312 2313 2314 2315 2316 2317 2318 2319 2320
2321 2322 2323 2324 2325 2326 2327 2328 2329 2330
2331 2332 2333 2334 2335 2336 2337 2338 2339 2340
2341 2342 2343 2344 2345 2346 2347 2348 2349 2350
2351 2352 2353 2354 2355 2356 2357 2358 2359 2360
2361 2362 2363 2364 2365 2366 2367 2368 2369 2370
2371 2372 2373 2374 2375 2376 2377 2378 2379 2380
2381 2382 2383 2384 2385 2386 2387 2388 2389 2390
2391 2392 2393 2394 2395 2396 2397 2398 2399 2400
2401 2402 2403 2404 2405 2406 2407 2408 2409 2410
2411 2412 2413 2414 2415 2416 2417 2418 2419 2420
2421 2422 2423 2424 2425 2426 2427 2428 2429 2430
2431 2432 2433 2434 2435 2436 2437 2438 2439 2440
2441 2442 2443 2444 2445 2446 2447 2448 2449 2450
2451 2452 2453 2454 2455 2456 2457 2458 2459 2460
2461 2462 2463 2464 2465 2466 2467 2468 2469 2470
2471 2472 2473 2474 2475 2476 2477 2478 2479 2480
2481 2482 2483 2484 2485 2486 2487 2488 2489 2490
2491 2492 2493 2494 2495 2496 2497 2498 2499 2500
2501 2502 2503 2504 2505 2506 2507 2508 2509 2510
2511 2512 2513 2514 2515 2516 2517 2518 2519 2520
2521 2522 2523 2524 2525 2526 2527 2528 2529 2530
2531 2532 2533 2534 2535 2536 2537 2538 2539 2540
2541 2542 2543 2544 2545 2546 2547 2548 2549 2550
2551 2552 2553 2554 2555 2556 2557 2558 2559 2560
2561 2562 2563 2564 2565 2566 2567 2568 2569 2570
2571 2572 2573 2574 2575 2576 2577 2578 2579 2580
2581 2582 2583 2584 2585 2586 2587 2588 2589 2590
2591 2592 2593 2594 2595 2596 2597 2598 2599 2600
2601 2602 2603 2604 2605 2606 2607 2608 2609 2610
2611 2612 2613 2614 2615 2616 2617 2618 2619 2620
2621 2622 2623 2624 2625 2626 2627 2628 2629 2630
2631 2632 2633 2634 2635 2636 2637 2638 2639 2640
2641 2642 2643 2644 2645 2646 2647 2648 2649 2650
2651 2652 2653 2654 2655 2656 2657 2658 2659 2660
2661 2662 2663 2664 2665 2666 2667 2668 2669 2670
2671 2672 2673 2674 2675 2676 2677 2678 2679 2680
2681 2682 2683 2684 2685 2686 2687 2688 2689 2690
2691 2692 2693 2694 2695 2696 2697 2698 2699 2700
2701 2702 2703 2704 2705 2706 2707 2708 2709 2710
2711 2712 2713 2714 2715 2716 2717 2718 2719 2720
2721 2722 2723 2724 2725 2726 2727 2728 2729 2730
2731 2732 2733 2734 2735 2736 2737 2738 2739 2740
2741 2742 2743 2744 2745 2746 2747 2748 2749 2750
2751 2752 2753 2754 2755 2756 2757 2758 2759 2760
2761 2762 2763 2764 2765 2766 2767 2768 2769 2770
2771 2772 2773 2774 2775 2776 2777 2778 2779 2780
2781 2782 2783 2784 2785 2786 2787 2788 2789 2790
2791 2792 2793 2794 2795 2796 2797 2798 2799 2800
2801 2802 2803 2804 2805 2806 2807 2808 2809 2810
2811 2812 2813 2814 2815 2816 2817 2818 2819 2820
2821 2822 2823 2824 2825 2826 2827 2828 2829 2830
2831 2832 2833 2834 2835 2836 2837 2838 2839 2840
2841 2842 2843 2844 2845 2846 2847 2848 2849 2850
2851 2852 2853 2854 2855 2856 2857 2858 2859 2860
2861 2862 2863 2864 2865 2866 2867 2868 2869 2870
2871 2872 2873 2874 2875 2876 2877 2878 2879 2880
2881 2882 2883 2884 2885 2886 2887 2888 2889 2890
2891 2892 2893 2894 2895 2896 2897 2898 2899 2900
2901 2902 2903 2904 2905 2906 2907 2908 2909 2910
2911 2912 2913 2914 2915 2916 2917 2918 2919 2920
2921 2922 2923 2924 2925 2926 2927 2928 2929 2930
2931 2932 2933 2934 2935 2936 2937 2938 2939 2940
2941 2942 2943 2944 2945 2946 2947 2948 2949 2950
2951 2952 2953 2954 2955 2956 2957 2958 2959 2960
2961 2962 2963 2964 2965 2966 2967 2968 2969 2970
2971 2972 2973 2974 2975 2976 2977 2978 2979 2980
2981 2982 2983 2984 2985 2986 2987 2988 2989 2990
2991 2992 2993 2994 2995 2996 2997 2998 2999 3000
3001 3002 3003 3004 3005 3006 3007 3008 3009 3010
3011 3012 3013 3014 3015 3016 3017 3018 3019 3020
3021 3022 3023 3024 3025 3026 3027 3028 3029 3030
3031 3032 3033 3034 3035 3036 3037 3038 3039 3040
3041 3042 3043 3044 3045 3046 3047 3048 3049 3050
3051 3052 3053 3054 3055 3056 3057 3058 3059 3060
3061 3062 3063 3064 3065 3066 3067 3068 3069 3070
3071 3072 3073 3074 3075 3076 3077 3078 3079 3080
3081 3082 3083 3084 3085 3086 3087 3088 3089 3090
3091 3092 3093 3094 3095 3096 3097 3098 3099 3100
3101 3102 3103 3104 3105 3106 3107 3108 3109 3110
3111 3112 3113 3114 3115 3116 3117 3118 3119 3120
3121 3122 3123 3124 3125 3126 3127 3128 3129 3130
3131 3132 3133 3134 3135 3136 3137 3138 3139 3140
3141 3142 3143 3144 3145 3146 3147 3148 3149 3150
3151 3152 3153 3154 3155 3156 3157 3158 3159 3160
3161 3162 3163 3164 3165 3166 3167 3168 3169 3170
3171 3172 3173 3174 3175 3176 3177 3178 3179 3180
3181 3182 3183 3184 3185 3186 3187 3188 3189 3190
3191 3192 3193 3194 3195 3196 3197 3198 3199 3200
3201 3202 3203 3204 3205 3206 3207 3208 3209 3210
3211 3212 3213 3214 3215 3216 3217 3218 3219 3220
3221 3222 3223 3224 3225 3226 3227 3228 3229 3230
3231 3232 3233 3234 3235 3236 3237 3238 3239 3240
3241 3242 3243 3244 3245 3246 3247 3248 3249 3250
3251 3252 3253 3254 3255 3256 3257 3258 3259 3260
3261 3262 3263 3264 3265 3266 3267 3268 3269 3270
3271 3272 3273 3274 3275 3276 3277 3278 3279 3280
3281 3282 3283 3284 3285 3286 3287 3288 3289 3290
3291 3292 3293 3294 3295 3296 3297 3298 3299 3300
3301 3302 3303 3304 3305 3306 3307 3308 3309 3310
3311 3312 3313 3314 3315 3316 3317 3318 3319 3320
3321 3322 3323 3324 3325 3326 3327 3328 3329 3330
3331 3332 3333 3334 3335 3336 3337 3338 3339 3340
3341 3342 3343 3344 3345 3346 3347 3348 3349 3350
3351 3352 3353 3354 3355 3356 3357 3358 3359 3360
3361 3362 3363 3364 3365 3366 3367 3368 3369 3370
3371 3372 3373 3374 3375 3376 3377 3378 3379 3380
3381 3382 3383 3384 3385 3386 3387 3388 3389 3390
3391 3392 3393 3394 3395 3396 3397 3398 3399 3400
3401 3402 3403 3404 3405 3406 3407 3408 3409 3410
3411 3412 3413 3414 3415 3416 3417 3418 3419 3420
3421 3422 3423 3424 3425 3426 3427 3428 3429 3430
3431 3432 3433 3434 3435 3436 3437 3438 3439 3440
3441 3442 3443 3444 3445 3446 3447 3448 3449 3450
3451 3452 3453 3454 3455 3456 3457 3458 3459 3460
3461 3462 3463 3464 3465 3466 3467 3468 3469 3470
3471 3472 3473 3474 3475 3476 3477 3478 3479 3480
3481 3482 3483 3484 3485 3486 3487 3488 3489 3490
3491 3492 3493 3494 3495 3496 3497 3498 3499 3500
3501 3502 3503 3504 3505 3506 3507 3508 3509 3510
3511 3512 3513 3514 3515 3516 3517 3518 3519 3520
3521 3522 3523 3524 3525 3526 3527 3528 3529 3530
3531 3532 3533 3534 3535 3536 3537 3538 3539 3540
3541 3542 3543 3544 3545 3546 3547 3548 3549 3550
3551 3552 3553 3554 3555 3556 3557 3558 3559 3560
3561 3562 3563 3564 3565 3566 3567 3568 3569 3570
3571 3572 3573 3574 3575 3576 3577 3578 3579 3580
3581 3582 3583 3584 3585 3586 3587 3588 3589 3590
3591 3592 3593 3594 3595 3596 3597 3598 3599 3600
3601 3602 3603 3604 3605 3606 3607 3608 3609 3610
3611 3612 3613 3614 3615 3616 3617 3618 3619 3620
3621 3622 3623 3624 3625 3626 3627 3628 3629 3630
3631 3632 3633 3634 3635 3636 3637 3638 3639 3640
3641 3642 3643 3644 3645 3646 3647 3648 3649 3650
3651 3652 3653 3654 3655 3656 3657 3658 3659 3660
3661 3662 3663 3664 3665 3666 3667 3668 3669 3670
3671 3672 3673 3674 3675 3676 3677 3678 3679 3680
3681 3682 3683 3684 3685 3686 3687 3688 3689 3690
3691 3692 3693 3694 3695 3696 3697 3698 3699 3700
3701 3702 3703 3704 3705 3706 3707 3708 3709 3710
3711 3712 3713 3714 3715 3716 3717 3718 3719 3720
3721 3722 3723 3724 3725 3726 3727 3728 3729 3730
3731 3732 3733 3734 3735 3736 3737 3738 3739 3740
3741 3742 3743 3744 3745 3746 3747 3748 3749 3750
3751 3752 3753 3754 3755 3756 3757 3758 3759 3760
3761 3762 3763 3764 3765 3766 3767 3768 3769 3770
3771 3772 3773 3774 3775 3776 3777 3778 3779 3780
3781 3782 3783 3784 3785 3786 3787 3788 3789 3790
3791 3792 3793 3794 3795 3796 3797 3798 3799 3800
3801 3802 3803 3804 3805 3806 3807 3808 3809 3810
3811 3812 3813 3814 3815 3816 3817 3818 3819 3820
3821 3822 3823 3824 3825 3826 3827 3828 3829 3830
3831 3832 3833 3834 3835 3836 3837 3838 3839 3840
3841 3842 3843 3844 3845 3846 3847 3848 3849 3850
3851 3852 3853 3854 3855 3856 3857 3858 3859 3860
3861 3862 3863 3864 3865 3866 3867 3868 3869 3870
3871 3872 3873 3874 3875 3876 3877 3878 3879 3880
3881 3882 3883 3884 3885 3886 3887 3888 3889 3890
3891 3892 3893 3894 3895 3896 3897 3898 3899 3900
3901 3902 3903 3904 3905 3906 3907 3908 3909 3910
3911 3912 3913 3914 3915 3916 3917 3918 3919 3920
3921 3922 3923 3924 3925 3926 3927 3928 3929 3930
3931 3932 3933 3934 3935 3936 3937 3938 3939 3940
3941 3942 3943 3944 3945 3946 3947 3948 3949 3950
3951 3952 3953 3954 3955 3956 3957 3958 3959 3960
3961 3962 3963 3964 3965 3966 3967 3968 3969 3970
3971 3972 3973 3974 3975 3976 3977 3978 3979 3980
3981 3982 3983 3984 3985 3986 3987 3988 3989 3990
3991 3992 3993 3994 3995 3996 3997 3998 3999 4000
4001 4002 4003 4004 4005 4006 4007 4008 4009 4010
4011 4012 4013 4014 4015 4016 4017 4018 4019 4020
4021 4022 4023 4024 4025 4026 4027 4028 4029 4030
4031 4032 4033 4034 4035 4036 4037 4038 4039 4040
4041 4042 4043 4044 4045 4046 4047 4048 4049 4050
4051 4052 4053 4054 4055 4056 4057 4058 4059 4060
4061 4062 4063 4064 4065 4066 4067 4068 4069 4070
4071 4072 4073 4074 4075 4076 4077 4078 4079 4080
4081 4082 4083 4084 4085 4086 4087 4088 4089 4090
4091 4092 4093 4094 4095 
p 1 4096 float
-0.00175035 -0.00175901 -0.00177098 -0.00178202 -0.00178971 -0.0017927 -0.00179044 -0.0017828 -0.00176989 -0.00175189 -0.00172903
-0.0017015 -0.00166946 -0.00163302 -0.00159225 -0.00154722 -0.00149794 -0.00144444 -0.00138674 -0.00132485 -0.00125882
-0.00118871 -0.00111464 -0.00103673 -0.000955169 -0.00087021 -0.000782153 -0.000691369 -0.000598301 -0.00050348 -0.000407494
-0.000310977 -0.000214688 -0.000119421 -2.60011e-05 6.47056e-05 0.000151815 0.00023445 0.000311768 0.000382979 0.000447371
0.000504336 0.00055339 0.000594186 0.000626536 0.000650407 0.000665935 0.000673414 0.000673292 0.000666158 0.000652729
0.000633828 0.000610368 0.000583337 0.000553778 0.000522788 0.000491494 0.000461079 0.000432771 0.000407848 0.000387553
0.000373269 0.000366104 0.00036559 -0.00174171 -0.00175046 -0.00176057 -0.00176906 -0.00177429 -0.00177526 -0.00177147
-0.00176278 -0.00174919 -0.00173083 -0.00170783 -0.00168033 -0.00164844 -0.00161225 -0.00157183 -0.00152721 -0.00147841
-0.00142547 -0.0013684 -0.00130724 -0.00124204 -0.00117286 -0.00109983 -0.00102307 -0.0009428 -0.000859249 -0.000772729
-0.000683609 -0.000592328 -0.000499413 -0.000405426 -0.00031101 -0.00021687 -0.000123804 -3.26119e-05 5.58696e-05 0.000140786
0.000221294 0.000296579 0.000365882 0.000428523 0.00048392 0.000531614 0.000571281 0.000602749 0.000626001 0.000641181
0.000648591 0.000648684 0.000642051 0.000629409 0.000611579 0.000589473 0.000564072 0.000536409 0.00050756 0.000478627
0.000450732 0.000424947 0.000402463 0.000384358 0.000371671 0.000365389 0.000364971 -0.00172955 -0.0017405 -0.00175076
-0.00175791 -0.00176139 -0.00176072 -0.00175558 -0.00174585 -0.00173154 -0.00171273 -0.00168951 -0.00166196 -0.00163018
-0.00159421 -0.00155411 -0.00150989 -0.00146159 -0.00140922 -0.0013528 -0.00129237 -0.00122798 -0.0011597 -0.00108765
-0.00101197 -0.000932867 -0.000850574 -0.000765398 -0.000677707 -0.000587933 -0.000496586 -0.000404223 -0.00031148 -0.000219066
-0.000127731 -3.82705e-05 4.84881e-05 0.000131708 0.000210563 0.000284254 0.000352039 0.000413254 0.000467331 0.000513825
0.000552428 0.000582979 0.000605475 0.000620074 0.00062709 0.000626989 0.000620375 0.000607978 0.00059063 0.000569253
0.000544831 0.0005184 0.000491021 0.000463764 0.000437692 0.000413824 0.000393145 0.000376552 0.000364874 0.00035889
0.00035803 -0.00171835 -0.00173236 -0.0017442 -0.00175134 -0.00175408 -0.00175245 -0.00174635 -0.00173579 -0.00172084
-0.00170157 -0.00167808 -0.00165043 -0.00161868 -0.00158287 -0.00154302 -0.00149916 -0.00145128 -0.00139941 -0.00134355
-0.00128374 -0.00122002 -0.00115247 -0.00108119 -0.00100633 -0.000928066 -0.000846651 -0.000762376 -0.000675603 -0.000586756
-0.000496334 -0.000404895 -0.000313066 -0.000221551 -0.000131097 -4.25007e-05 4.34097e-05 0.000125795 0.000203824 0.000276694
0.000343659 0.000404048 0.000457293 0.000502949 0.000540708 0.000570418 0.000592086 0.000605883 0.000612145 0.000611359
0.000604157 0.000591292 0.000573626 0.000552103 0.000527726 0.000501543 0.000474612 0.000447987 0.000422687 0.000399671
0.000379809 0.000363852 0.000352457 0.000346193 0.000344506 -0.00171114 -0.00172833 -0.00174222 -0.00174995 -0.00175252
-0.00175036 -0.0017436 -0.00173241 -0.00171691 -0.00169723 -0.00167347 -0.0016457 -0.00161395 -0.00157825 -0.00153862
-0.00149505 -0.00144754 -0.00139609 -0.00134071 -0.00128141 -0.00121824 -0.00115126 -0.00108056 -0.00100627 -0.000928578
-0.00084771 -0.000763954 -0.000677659 -0.000589246 -0.000499204 -0.000408091 -0.000316535 -0.000225239 -0.00013496 -4.65071e-05
3.92766e-05 0.000121533 0.000199411 0.000272085 0.000338787 0.000398827 0.000451621 0.000496709 0.000533781 0.000562685
0.000583438 0.00059623 0.000601422 0.000599534 0.000591235 0.00057732 0.000558688 0.000536321 0.000511255 0.000484557
0.0004573 0.000430528 0.000405234 0.000382324 0.000362591 0.000346681 0.000335107 0.000328217 0.000325528 -0.00171018
-0.00173031 -0.00174625 -0.00175481 -0.00175748 -0.00175506 -0.00174787 -0.0017362 -0.00172027 -0.00170025 -0.00167625
-0.00164835 -0.00161659 -0.00158098 -0.00154151 -0.00149819 -0.00145098 -0.00139988 -0.00134488 -0.00128598 -0.00122321
-0.00115662 -0.00108629 -0.00101234 -0.000934934 -0.000854284 -0.00077067 -0.00068443 -0.000595978 -0.000505797 -0.000414448
-0.000322566 -0.000230861 -0.000140111 -5.11454e-05 3.51635e-05 0.000117925 0.000196251 0.000269281 0.000336207 0.000396308
0.000448968 0.00049371 0.000530209 0.000558313 0.000578051 0.000589634 0.000593458 0.000590086 0.000580235 0.000564753
0.000544595 0.000520791 0.000494421 0.000466587 0.00043838 0.000410851 0.000384976 0.000361627 0.00034154 0.000325284
0.000313252 0.000305649 0.000302046 -0.00171714 -0.00173985 -0.00175768 -0.00176709 -0.00177002 -0.00176751 -0.00176005
-0.00174804 -0.00173178 -0.00171148 -0.00168729 -0.00165928 -0.00162749 -0.00159194 -0.0015526 -0.00150946 -0.00146247
-0.00141163 -0.00135689 -0.00129825 -0.00123571 -0.00116932 -0.00109913 -0.00102524 -0.000947806 -0.000867022 -0.000783151
-0.000696524 -0.000607545 -0.000516697 -0.000424544 -0.000331735 -0.000238998 -0.000147137 -5.70166e-05 3.04516e-05 0.00011433
0.000193679 0.000267585 0.000335192 0.00039573 0.000448546 0.00049313 0.000529143 0.00055643 0.000575032 0.000585192
0.000587344 0.000582107 0.000570262 0.000552724 0.000530516 0.000504731 0.000476506 0.000446987 0.000417296 0.000388499
0.000361568 0.000337357 0.000316566 0.000299716 0.000287133 0.00027889 0.00027462 -0.00173328 -0.00175819 -0.00177767
-0.00178791 -0.00179115 -0.00178864 -0.00178102 -0.00176878 -0.00175227 -0.00173176 -0.00170741 -0.00167931 -0.00164749
-0.00161196 -0.0015727 -0.00152967 -0.00148282 -0.00143211 -0.0013775 -0.00131895 -0.00125646 -0.00119004 -0.00111973
-0.00104562 -0.000967819 -0.000886524 -0.000801978 -0.000714501 -0.000624492 -0.000532433 -0.000438899 -0.000344556 -0.000250159
-0.000156549 -6.46341e-05 2.46194e-05 0.000110213 0.000191144 0.00026643 0.000335152 0.00039648 0.000449711 0.000494299
0.000529884 0.000556309 0.00057363 0.000582126 0.000582285 0.000574793 0.000560508 0.00054043 0.000515663 0.000487382
0.000456791 0.000425094 0.000393453 0.000362956 0.000334585 0.000309189 0.000287448 0.000269862 0.000256718 0.000248039
0.000243458 -0.00175958 -0.00178636 -0.00180726 -0.00181823 -0.00182178 -0.00181933 -0.00181162 -0.00179922 -0.00178254
-0.00176187 -0.00173739 -0.0017092 -0.00167734 -0.00164181 -0.00160257 -0.00155957 -0.00151275 -0.00146206 -0.00140742
-0.00134879 -0.00128614 -0.00121945 -0.00114874 -0.00107408 -0.000995572 -0.000913372 -0.000827717 -0.000738913 -0.000647356
-0.000553532 -0.00045803 -0.000361538 -0.000264849 -0.000168847 -7.44992e-05 1.71635e-05 0.000105068 0.00018813 0.000265289
0.000335544 0.000397996 0.000451883 0.000496613 0.000531803 0.000557292 0.000573159 0.000579725 0.000577544 0.000567385
0.0005502 0.000527091 0.000499263 0.000467986 0.000434548 0.000400219 0.000366213 0.000333649 0.000303528 0.000276702
0.000253852 0.000235466 0.000221831 0.000212977 0.000208464 -0.00179686 -0.0018252 -0.0018473 -0.00185891 -0.00186274
-0.00186037 -0.00185262 -0.00184011 -0.00182331 -0.00180252 -0.00177794 -0.00174967 -0.00171775 -0.00168218 -0.0016429
-0.00159985 -0.00155296 -0.00150215 -0.00144733 -0.00138843 -0.0013254 -0.00125819 -0.00118681 -0.00111128 -0.0010317
-0.000948192 -0.000860982 -0.000770367 -0.000676738 -0.000580589 -0.000482524 -0.000383265 -0.000283644 -0.000184602 -8.71757e-05
7.52453e-06 9.83366e-05 0.000184082 0.000263603 0.000335808 0.000399713 0.000454483 0.000499479 0.000534287 0.000558745
0.000572959 0.000577304 0.000572411 0.00055915 0.000538587 0.000511944 0.000480549 0.000445783 0.000409034 0.000371651
0.000334907 0.000299961 0.000267838 0.000239403 0.000215342 0.00019615 0.000182133 0.000173384 0.000169312 -0.00184578
-0.00187544 -0.00189855 -0.0019107 -0.00191478 -0.00191249 -0.00190473 -0.00189215 -0.00187526 -0.00185438 -0.00182972
-0.00180137 -0.00176939 -0.00173373 -0.00169436 -0.00165119 -0.00160413 -0.00155307 -0.00149792 -0.00143857 -0.00137495
-0.00130698 -0.00123464 -0.00115793 -0.00107691 -0.000991702 -0.0009025 -0.000809593 -0.00071337 -0.000614334 -0.000513113
-0.000410463 -0.000307266 -0.000204531 -0.000103374 -4.99911e-06 8.93277e-05 0.000178317 0.000260701 0.000335278 0.000400966
0.000456851 0.000502233 0.000536667 0.000559989 0.000572337 0.00057415 0.000566154 0.000549335 0.000524898 0.000494207
0.000458733 0.00041999 0.00037948 0.000338647 0.000298827 0.000261228 0.0002269 0.000196723 0.000171395 0.000151422
0.000137138 0.000128794 0.000125487 -0.00190691 -0.00193767 -0.00196163 -0.00197424 -0.00197855 -0.00197634 -0.00196858
-0.00195597 -0.00193902 -0.00191808 -0.00189336 -0.00186495 -0.00183288 -0.00179713 -0.00175762 -0.00171426 -0.00166694
-0.00161553 -0.00155991 -0.00149995 -0.00143554 -0.00136659 -0.00129303 -0.00121485 -0.00113206 -0.00104477 -0.000953159
-0.000857498 -0.000758177 -0.000655709 -0.000550747 -0.000444088 -0.000336674 -0.00022959 -0.000124042 -2.13444e-05 7.71183e-05
0.00016993 0.000255694 0.000333084 0.000400907 0.000458154 0.000504057 0.000538133 0.000560219 0.000570489 0.000569455
0.000557956 0.000537116 0.000508298 0.000473037 0.000432971 0.000389769 0.000345067 0.000300411 0.000257216 0.000216732
0.000180038 0.000148028 0.000121411 0.000100712 8.63205e-05 7.85344e-05 7.63413e-05 -0.00198073 -0.00201243 -0.00203711
-0.00205011 -0.00205462 -0.0020525 -0.00204476 -0.00203214 -0.00201517 -0.00199421 -0.00196945 -0.00194099 -0.00190885
-0.00187299 -0.00183333 -0.00178975 -0.00174211 -0.00169027 -0.00163408 -0.00157338 -0.00150804 -0.00143792 -0.00136293
-0.00128301 -0.00119817 -0.00110847 -0.00101407 -0.000915233 -0.000812344 -0.000705929 -0.000596668 -0.000485403 -0.000373143
-0.000261059 -0.000150461 -4.27843e-05 6.04498e-05 0.000157682 0.000247369 0.000328044 0.000398386 0.000457277 0.000503871
0.000537641 0.000558422 0.000566426 0.000562252 0.000546864 0.000521547 0.000487849 0.000447501 0.000402338 0.000354209
0.000304904 0.000256088 0.000209253 0.000165698 0.000126519 9.26203e-05 6.47136e-05 4.33337e-05 2.89568e-05 2.19561e-05
2.11339e-05 -0.00206767 -0.00210016 -0.00212545 -0.0021388 -0.00214349 -0.00214147 -0.00213378 -0.0021212 -0.00210426
-0.00208331 -0.00205856 -0.0020301 -0.00199792 -0.00196198 -0.00192218 -0.00187837 -0.00183041 -0.00177811 -0.0017213
-0.00165979 -0.00159342 -0.00152201 -0.00144543 -0.0013636 -0.00127648 -0.00118411 -0.00108661 -0.000984246 -0.000877384
-0.000766563 -0.000652493 -0.000536067 -0.000418365 -0.000300653 -0.000184357 -7.10488e-05 3.75997e-05 0.000139868 0.00023405
0.000318522 0.000391817 0.000452694 0.000500216 0.000533803 0.000553279 0.000558898 0.000551349 0.000531737 0.000501528
0.000462482 0.000416558 0.000365818 0.000312321 0.000258035 0.000204757 0.000154064 0.000107295 6.55574e-05 2.97487e-05
5.54268e-07 -2.14278e-05 -3.56938e-05 -4.16846e-05 -4.0976e-05 -0.00216808 -0.00220125 -0.00222707 -0.00224073 -0.0022456
-0.0022437 -0.00223612 -0.00222362 -0.00220677 -0.00218591 -0.00216125 -0.00213285 -0.00210071 -0.00206476 -0.00202487
-0.0019809 -0.00193265 -0.00187993 -0.00182252 -0.00176022 -0.0016928 -0.00162007 -0.00154186 -0.00145803 -0.0013685
-0.0012733 -0.0011725 -0.00106635 -0.000955199 -0.000839605 -0.0007203 -0.000598234 -0.00047456 -0.000350645 -0.000228046
-0.000108482 6.21037e-06 0.000114135 0.000213408 0.000302235 0.000378987 0.000442288 0.00049109 0.000524744 0.000543054
0.000546306 0.000535278 0.000511221 0.000475802 0.000431019 0.000379092 0.000322345 0.000263082 0.000203474 0.000145472
9.07504e-05 4.06735e-05 -3.66122e-06 -4.13914e-05 -7.18127e-05 -9.43736e-05 -0.000108478 -0.000113397 -0.000110971 -0.00228227
-0.00231603 -0.00234232 -0.00235626 -0.00236133 -0.0023596 -0.00235217 -0.00233985 -0.00232317 -0.00230251 -0.00227803
-0.00224982 -0.00221783 -0.00218199 -0.00214215 -0.00209813 -0.00204973 -0.00199671 -0.00193882 -0.00187583 -0.00180747
-0.0017335 -0.00165372 -0.00156793 -0.00147603 -0.00137797 -0.00127381 -0.00116376 -0.00104816 -0.000927566 -0.00080274
-0.000674685 -0.000544622 -0.000414038 -0.000284625 -0.000158261 -3.69579e-05 7.7209e-05 0.000182172 0.000275958 0.000356768
0.000423074 0.000473699 0.000507904 0.000525443 0.000526609 0.000512253 0.000483765 0.000443016 0.000392263 0.000334022
0.000270923 0.000205554 0.000140329 7.7381e-05 1.84869e-05 -3.49658e-05 -8.19181e-05 -0.000121543 -0.000153186 -0.000176313
-0.000190254 -0.000194072 -0.000189888 -0.00241051 -0.00244478 -0.00247149 -0.00248571 -0.00249101 -0.00248951 -0.00248232
-0.00247027 -0.0024539 -0.00243356 -0.00240943 -0.00238157 -0.00234992 -0.00231438 -0.00227479 -0.00223094 -0.0021826
-0.0021295 -0.00207138 -0.00200793 -0.00193887 -0.00186391 -0.00178279 -0.00169527 -0.00160118 -0.00150044 -0.00139306
-0.0012792 -0.00115919 -0.00103358 -0.000903157 -0.000768981 -0.000632312 -0.000494794 -0.000358257 -0.000224733 -9.6407e-05
2.44748e-05 0.000135673 0.000235048 0.000320636 0.000390747 0.000444055 0.000479691 0.000497312 0.000497164 0.000480117
0.000447656 0.000401839 0.000345186 0.00028054 0.000210882 0.000139145 6.80456e-05 -5.9497e-08 -6.32924e-05 -0.000120218
-0.000169832 -0.000211382 -0.000244278 -0.000268031 -0.000281911 -0.000284732 -0.000278878 -0.00255303 -0.00258773 -0.00261482
-0.00262934 -0.00263492 -0.00263372 -0.00262689 -0.00261524 -0.00259934 -0.00257952 -0.00255595 -0.00252866 -0.00249759
-0.00246263 -0.00242358 -0.00238021 -0.00233227 -0.00227946 -0.00222148 -0.00215798 -0.00208863 -0.0020131 -0.00193107
-0.00184225 -0.00174642 -0.00164342 -0.00153322 -0.00141593 -0.00129185 -0.00116153 -0.00102575 -0.000885639 -0.000742522
-0.000598187 -0.000454593 -0.000313924 -0.000178507 -5.07219e-05 6.70717e-05 0.000172615 0.000263814 0.000338825 0.000396154
0.000434753 0.000454095 0.000454273 0.000436055 0.000400923 0.000351037 0.000289146 0.000218422 0.000142255 6.40078e-05
-1.32195e-05 -8.67815e-05 -0.000154609 -0.00021523 -0.000267676 -0.000311299 -0.000345639 -0.000370254 -0.000384322 -0.000386444
-0.000379193 -0.00271 -0.00274506 -0.0027725 -0.00278733 -0.00279326 -0.00279247 -0.00278614 -0.00277508 -0.00275985
-0.00274079 -0.00271804 -0.00269163 -0.00266148 -0.00262745 -0.00258934 -0.0025469 -0.00249982 -0.00244781 -0.0023905
-0.00232753 -0.00225851 -0.00218307 -0.00210083 -0.00201144 -0.0019146 -0.0018101 -0.00169784 -0.00157787 -0.00145048
-0.00131618 -0.00117577 -0.00103041 -0.000881682 -0.000731314 -0.000581436 -0.000434357 -0.000292493 -0.000158255 -3.40115e-05
7.79829e-05 0.000175591 0.000256876 0.000320185 0.000364228 0.000388176 0.000391779 0.000375489 0.000340549 0.000289026
0.000223751 0.000148174 6.61176e-05 -1.85242e-05 -0.000102117 -0.000181572 -0.000254519 -0.000319351 -0.000375104 -0.000421255
-0.000457522 -0.000483507 -0.000498295 -0.000500284 -0.000492163 -0.00288154 -0.0029169 -0.00294465 -0.00295984 -0.0029662
-0.00296596 -0.0029603 -0.00295004 -0.00293574 -0.00291772 -0.00289613 -0.00287097 -0.00284217 -0.00280955 -0.00277289
-0.00273193 -0.00268635 -0.0026358 -0.00257991 -0.00251827 -0.00245045 -0.00237603 -0.00229456 -0.00220565 -0.00210893
-0.0020041 -0.00189102 -0.00176967 -0.00164031 -0.00150345 -0.00135994 -0.00121104 -0.00105843 -0.000903897 -0.000749743
-0.000598362 -0.000452115 -0.000313264 -0.000183966 -6.62129e-05 3.80208e-05 0.000126872 0.000198626 0.000251743 0.000284951
0.000297387 0.000288803 0.000259763 0.000211802 0.000147469 7.02472e-05 -1.56791e-05 -0.0001058 -0.000195726 -0.000281643
-0.000360618 -0.000430704 -0.000490833 -0.000540554 -0.000579704 -0.000607998 -0.00062449 -0.000627319 -0.000619182 -0.00306771
-0.0031033 -0.00313136 -0.00314694 -0.00315383 -0.00315429 -0.00314951 -0.00314031 -0.00312725 -0.00311063 -0.00309061
-0.00306717 -0.00304021 -0.00300957 -0.00297501 -0.00293624 -0.00289294 -0.00284473 -0.00279121 -0.00273194 -0.00266647
-0.00259432 -0.002515 -0.00242804 -0.00233302 -0.00222959 -0.00211753 -0.0019968 -0.00186764 -0.00173063 -0.00158671
-0.0014373 -0.00128429 -0.00112942 -0.000975201 -0.000824155 -0.000678321 -0.000539628 -0.000409547 -0.000289283 -0.000180248
-8.38113e-05 -1.41728e-06 6.53223e-05 0.00011462 0.000144659 0.000153892 0.000141429 0.000107412 5.32855e-05 -1.80835e-05
-0.000102518 -0.000194942 -0.000289954 -0.000382567 -0.000468774 -0.000545844 -0.000612277 -0.000667491 -0.000711361 -0.000743686
-0.000763476 -0.000768636 -0.00076173 -0.00326852 -0.00330427 -0.00333262 -0.00334865 -0.0033562 -0.00335754 -0.00335387
-0.00334603 -0.00333455 -0.00331976 -0.00330177 -0.00328059 -0.00325611 -0.00322814 -0.00319645 -0.00316074 -0.00312067
-0.00307587 -0.00302591 -0.00297035 -0.0029087 -0.00284043 -0.00276504 -0.00268201 -0.00259087 -0.00249122 -0.00238283
-0.00226567 -0.00214006 -0.00200671 -0.00186682 -0.00172202 -0.00157433 -0.00142679 -0.00128081 -0.00113915 -0.00100362
-0.000875655 -0.000754994 -0.000641124 -0.000534144 -0.000433992 -0.000341 -0.000256264 -0.00018192 -0.000121083 -7.74339e-05
-5.45526e-05 -5.51995e-05 -8.06479e-05 -0.000130102 -0.000200437 -0.000286512 -0.000381767 -0.000479452 -0.000573628 -0.000659889
-0.00073556 -0.000799407 -0.000851044 -0.000890192 -0.000915752 -0.000925405 -0.000921439 -0.00348391 -0.00351974 -0.00354835
-0.00356489 -0.00357323 -0.00357566 -0.00357338 -0.00356723 -0.00355775 -0.00354524 -0.00352985 -0.00351155 -0.00349025
-0.00346576 -0.00343784 -0.00340621 -0.00337054 -0.00333044 -0.0032855 -0.00323526 -0.00317924 -0.00311691 -0.00304774
-0.00297119 -0.00288679 -0.00279416 -0.0026931 -0.00258373 -0.00246659 -0.00234275 -0.00221393 -0.00208238 -0.00195072
-0.00182199 -0.0016999 -0.00158462 -0.0014789 -0.00138234 -0.00129208 -0.00120413 -0.00111595 -0.00102417 -0.000926315
-0.000821681 -0.000712132 -0.000602278 -0.000498932 -0.000410089 -0.000343739 -0.000306634 -0.000302822 -0.000332562 -0.000392229
-0.00047448 -0.000570277 -0.000670496 -0.000767512 -0.000856001 -0.000932921 -0.000996854 -0.001047 -0.00108195 -0.00109907
-0.00110027 -0.00371372 -0.00374955 -0.00377841 -0.00379554 -0.00380482 -0.00380855 -0.00380796 -0.00380387 -0.00379683
-0.00378714 -0.00377495 -0.00376024 -0.00374292 -0.00372282 -0.00369973 -0.00367336 -0.00364341 -0.00360953 -0.00357133
-0.00352837 -0.00348018 -0.00342629 -0.00336617 -0.00329934 -0.00322538 -0.00314402 -0.00305526 -0.00295955 -0.00285793
-0.00275226 -0.00264525 -0.00254048 -0.00244199 -0.00235357 -0.0022783 -0.00222048 -0.00217973 -0.00215155 -0.00213168
-0.00210537 -0.00206849 -0.00201085 -0.00192418 -0.00180367 -0.00164962 -0.001468 -0.00126979 -0.0010695 -0.000883401
-0.000727578 -0.000615395 -0.000554907 -0.000547625 -0.000587129 -0.000662308 -0.000759439 -0.000865348 -0.000969478 -0.00106472
-0.00114696 -0.00121388 -0.00126318 -0.00129168 -0.00130084 -0.00395773 -0.00399346 -0.00402255 -0.00404034 -0.00405072
-0.004056 -0.00405741 -0.00405578 -0.00405167 -0.00404538 -0.00403705 -0.00402671 -0.00401426 -0.00399957 -0.00398246
-0.00396269 -0.00394 -0.00391407 -0.00388459 -0.00385118 -0.00381344 -0.00377097 -0.00372335 -0.00367023 -0.00361136
-0.00354676 -0.00347685 -0.00340276 -0.00332656 -0.00325153 -0.00318228 -0.00312464 -0.00308523 -0.00307043 -0.00308517
-0.00313134 -0.00320621 -0.00330766 -0.00343059 -0.00351995 -0.0035886 -0.00360988 -0.00356516 -0.00344231 -0.00323808
-0.00295932 -0.00262241 -0.00225083 -0.00187195 -0.001515 -0.00120856 -0.000975393 -0.000828964 -0.000768153 -0.000782179
-0.00085204 -0.000956197 -0.0010749 -0.00119299 -0.0013005 -0.00139146 -0.00146162 -0.00150646 -0.00152691 -0.0042156
-0.00425114 -0.00428044 -0.00429896 -0.0043106 -0.00431769 -0.00432144 -0.00432269 -0.00432202 -0.00431973 -0.00431599
-0.00431083 -0.00430422 -0.00429605 -0.0042862 -0.00427449 -0.00426074 -0.00424472 -0.0042262 -0.00420494 -0.00418066
-0.00415312 -0.0041221 -0.0040875 -0.00404945 -0.00400848 -0.00396586 -0.00392394 -0.00388659 -0.0038596 -0.00385084
-0.00387007 -0.00392815 -0.00403556 -0.00420007 -0.00442348 -0.00469906 -0.00501013 -0.0053261 -0.00565109 -0.00591095
-0.00607696 -0.00612102 -0.00602116 -0.00576814 -0.00536916 -0.00484757 -0.00423767 -0.00357867 -0.00291516 -0.002297
-0.00177034 -0.00137104 -0.0011119 -0.000989348 -0.000981129 -0.00105532 -0.00117792 -0.00131957 -0.00145882 -0.00158213
-0.00168085 -0.00174821 -0.00178419 -0.00448691 -0.00452217 -0.00455164 -0.00457097 -0.00458405 -0.00459318 -0.00459961
-0.00460418 -0.00460747 -0.00460981 -0.0046114 -0.0046123 -0.00461253 -0.00461206 -0.00461083 -0.00460876 -0.00460578
-0.0046018 -0.00459673 -0.00459051 -0.00458309 -0.00457448 -0.0045648 -0.00455439 -0.00454402 -0.00453514 -0.0045304
-0.0045342 -0.00455338 -0.00459781 -0.00468061 -0.0048178 -0.00502689 -0.00532417 -0.00572072 -0.00621766 -0.00680222
-0.00744538 -0.00810395 -0.00873236 -0.00926904 -0.00965485 -0.0098464 -0.00980969 -0.00952646 -0.00900215 -0.00826514
-0.00735733 -0.00632633 -0.00523448 -0.00416204 -0.00318686 -0.00237744 -0.00177314 -0.00139083 -0.00121295 -0.00119888
-0.001296 -0.00145264 -0.00162697 -0.00179081 -0.00192683 -0.00202419 -0.00208132 -0.00477113 -0.00480599 -0.00483561
-0.00485582 -0.00487049 -0.00488192 -0.00489137 -0.00489969 -0.00490746 -0.00491507 -0.00492273 -0.00493057 -0.00493869
-0.00494712 -0.00495592 -0.00496515 -0.00497488 -0.0049852 -0.00499625 -0.00500823 -0.0050214 -0.00503617 -0.00505318
-0.00507348 -0.0050988 -0.00513207 -0.00517809 -0.00524445 -0.00534252 -0.00548835 -0.00570296 -0.00601152 -0.00644071
-0.00701399 -0.00774489 -0.00863018 -0.009645 -0.010742 -0.0118552 -0.0129059 -0.013807 -0.0144818 -0.0148826
-0.0149662 -0.0147046 -0.0140936 -0.0131522 -0.0119165 -0.0104309 -0.0087793 -0.00710564 -0.00551402 -0.00410865
-0.0029692 -0.00215112 -0.00165919 -0.00145405 -0.00146494 -0.00161016 -0.00181511 -0.00202561 -0.00220821 -0.00234581
-0.00242833 -0.00506761 -0.00510197 -0.0051317 -0.00515286 -0.00516927 -0.00518324 -0.00519602 -0.00520849 -0.00522126
-0.00523474 -0.00524921 -0.00526487 -0.00528189 -0.00530044 -0.00532071 -0.00534292 -0.00536734 -0.00539432 -0.00542428
-0.00545777 -0.00549552 -0.00553849 -0.00558807 -0.0056463 -0.0057164 -0.0058034 -0.00591527 -0.0060642 -0.00626809
-0.00655174 -0.00694704 -0.0074912 -0.00822195 -0.00916947 -0.0103463 -0.0117384 -0.0133003 -0.0149576 -0.0166153
-0.0181679 -0.0195073 -0.0205337 -0.021192 -0.021427 -0.0212093 -0.0205283 -0.019391 -0.0178317 -0.0159022
-0.0137035 -0.0113568 -0.00900878 -0.00683002 -0.00495272 -0.00348524 -0.00248229 -0.00192831 -0.00174661 -0.00182416
-0.00204039 -0.00229829 -0.00253497 -0.00271715 -0.00283843 -0.00537561 -0.00540936 -0.00543917 -0.00546132 -0.0054796
-0.00549631 -0.00551272 -0.00552972 -0.00554795 -0.00556788 -0.00558984 -0.00561415 -0.00564106 -0.0056709 -0.00570402
-0.00574087 -0.00578195 -0.00582794 -0.00587963 -0.00593805 -0.00600449 -0.00608069 -0.00616904 -0.00627298 -0.00639772
-0.00655124 -0.00674584 -0.00699997 -0.00734029 -0.00780307 -0.00843394 -0.00928416 -0.0104024 -0.0118224 -0.0135485
-0.0155461 -0.0177394 -0.0200188 -0.0222554 -0.0243188 -0.0260916 -0.0274719 -0.0283679 -0.0287459 -0.0285815
-0.0278622 -0.0265887 -0.0247772 -0.0224863 -0.0198197 -0.0168541 -0.0137624 -0.0107138 -0.00794445 -0.00562229
-0.00388341 -0.00277225 -0.00223642 -0.00214653 -0.00232951 -0.00262556 -0.00292384 -0.00316769 -0.00333141 -0.00569428
-0.00572731 -0.00575714 -0.00578032 -0.00580059 -0.00582022 -0.00584049 -0.00586233 -0.00588643 -0.0059133 -0.00594338
-0.00597707 -0.00601478 -0.00605699 -0.00610427 -0.0061573 -0.00621693 -0.00628419 -0.00636036 -0.00644703 -0.00654626
-0.00666074 -0.00679415 -0.00695177 -0.00714141 -0.00737488 -0.00767005 -0.00805339 -0.00856251 -0.0092476 -0.0101699
-0.0113952 -0.0129802 -0.0149553 -0.0173073 -0.0199708 -0.0228317 -0.0257425 -0.0285436 -0.0310849 -0.0332415
-0.0349152 -0.0360273 -0.0365297 -0.0364006 -0.0356363 -0.0342481 -0.0322688 -0.0297622 -0.0267701 -0.0233275
-0.0195868 -0.0157447 -0.0120454 -0.00873945 -0.00606371 -0.004166 -0.0030651 -0.00265469 -0.00272201 -0.0030288
-0.00338987 -0.00370613 -0.00392462 -0.00602266 -0.00605487 -0.00608468 -0.00610892 -0.00613124 -0.0061539 -0.00617822
-0.00620514 -0.00623542 -0.00626965 -0.00630834 -0.00635204 -0.0064013 -0.00645682 -0.0065194 -0.00659002 -0.00666989
-0.00676049 -0.00686367 -0.00698171 -0.00711758 -0.00727514 -0.00745969 -0.00767874 -0.00794332 -0.00826994 -0.00868326
-0.00921935 -0.00992859 -0.0108767 -0.0121411 -0.0137999 -0.0159127 -0.0184982 -0.0215157 -0.0248611 -0.028379
-0.0318864 -0.0352 -0.0381584 -0.0406356 -0.0425415 -0.0438081 -0.0444027 -0.0443144 -0.0435455 -0.0421104
-0.0400333 -0.0373495 -0.0340892 -0.0303386 -0.0261712 -0.0217074 -0.0171715 -0.0128854 -0.00916068 -0.00628083
-0.00438587 -0.00345348 -0.00327479 -0.00353694 -0.0039523 -0.00435048 -0.00463748 -0.00635971 -0.00639102 -0.00642076
-0.00644603 -0.00647044 -0.0064962 -0.00652466 -0.00655682 -0.00659348 -0.00663533 -0.006683 -0.00673716 -0.00679857
-0.00686813 -0.00694693 -0.00703628 -0.00713782 -0.00725352 -0.00738588 -0.00753801 -0.00771391 -0.00791883 -0.00815995
-0.00844743 -0.00879604 -0.00922776 -0.00977503 -0.0104847 -0.0114209 -0.0126656 -0.0143108 -0.0164433 -0.0191187
-0.0223353 -0.0260173 -0.0300178 -0.0341406 -0.0381723 -0.0419129 -0.0451973 -0.0479049 -0.0499573 -0.0513064
-0.0519351 -0.0518494 -0.051066 -0.0496088 -0.047503 -0.0447716 -0.0414335 -0.0375195 -0.033077 -0.0282078
-0.0230703 -0.0179331 -0.013182 -0.00922191 -0.00634156 -0.004666 -0.00406421 -0.00418877 -0.00463378 -0.00511817
-0.00548929 -0.00670434 -0.00673467 -0.00676427 -0.00679056 -0.00681701 -0.00684586 -0.00687847 -0.00691588 -0.00695899
-0.00700857 -0.00706539 -0.00713029 -0.0072042 -0.0072883 -0.00738395 -0.00749285 -0.00761709 -0.00775923 -0.00792246
-0.0081108 -0.00832942 -0.00858514 -0.00888723 -0.00924879 -0.00968879 -0.0102351 -0.0109287 -0.0118276 -0.0130101
-0.014573 -0.0166209 -0.0192435 -0.0224857 -0.0263188 -0.0306275 -0.0352218 -0.0398687 -0.0443307 -0.0483989
-0.0519114 -0.054759 -0.0568792 -0.0582443 -0.0588539 -0.058728 -0.0578979 -0.0564006 -0.0542718 -0.0515398
-0.0482201 -0.0443172 -0.0398349 -0.0348035 -0.0293174 -0.0235835 -0.0179722 -0.0129782 -0.00901873 -0.00640867
-0.00518079 -0.00503338 -0.00545908 -0.00602771 -0.00649928 -0.00705536 -0.00708466 -0.00711407 -0.0071413 -0.00716973
-0.00720156 -0.00723819 -0.00728075 -0.0073302 -0.00738744 -0.00745338 -0.00752901 -0.00761552 -0.00771432 -0.00782711
-0.00795598 -0.00810352 -0.00827288 -0.00846802 -0.00869394 -0.00895706 -0.00926586 -0.00963186 -0.0100713 -0.0106075
-0.0112745 -0.0121218 -0.0132184 -0.0146559 -0.0165443 -0.0189962 -0.0220998 -0.0258836 -0.0302882 -0.0351586
-0.0402653 -0.0453448 -0.0501436 -0.054451 -0.0581145 -0.06104 -0.063181 -0.0645255 -0.0650857 -0.0648919
-0.0639866 -0.0624202 -0.0602437 -0.0574999 -0.0542139 -0.0503866 -0.0459978 -0.0410222 -0.0354666 -0.0294369
-0.0232362 -0.0174019 -0.0124084 -0.00875539 -0.00671283 -0.00612755 -0.00645574 -0.00709722 -0.00768266 -0.00741157
-0.00743981 -0.00746898 -0.00749705 -0.0075273 -0.00756191 -0.00760233 -0.00764975 -0.00770525 -0.00776985 -0.00784461
-0.00793073 -0.0080296 -0.00814292 -0.00827273 -0.00842152 -0.00859239 -0.00878913 -0.00901647 -0.00928042 -0.00958869
-0.00995145 -0.0103825 -0.0109012 -0.0115353 -0.0123247 -0.0133269 -0.0146211 -0.0163104 -0.018515 -0.0213524
-0.0249038 -0.0291784 -0.0340872 -0.0394389 -0.0449707 -0.0503964 -0.0554544 -0.059938 -0.0637072 -0.0666824
-0.0688296 -0.0701457 -0.0706488 -0.0703741 -0.0693716 -0.0677041 -0.0654401 -0.0626439 -0.0593616 -0.0556082
-0.0513601 -0.0465604 -0.0411451 -0.035104 -0.0286118 -0.0222124 -0.0163845 -0.0117074 -0.00872239 -0.00752852
-0.00765224 -0.00834092 -0.00904903 -0.00777177 -0.00779895 -0.00782782 -0.00785659 -0.00788844 -0.00792551 -0.00796932
-0.00802114 -0.00808218 -0.0081536 -0.00823662 -0.00833265 -0.00844331 -0.00857057 -0.00871683 -0.00888499 -0.00907863
-0.00930219 -0.00956119 -0.00986259 -0.0102154 -0.0106314 -0.0111267 -0.0117234 -0.0124534 -0.0133621 -0.0145138
-0.0159964 -0.0179217 -0.0204175 -0.0236033 -0.0275499 -0.0322446 -0.0375762 -0.0433236 -0.0491975 -0.0548971
-0.0601582 -0.0647819 -0.06864 -0.071664 -0.0738266 -0.0751265 -0.075582 -0.0752275 -0.0741167 -0.0723224
-0.069931 -0.0670311 -0.0636972 -0.0599711 -0.0558459 -0.0512602 -0.0461103 -0.040292 -0.0338001 -0.0270249
-0.0206969 -0.015179 -0.0112224 -0.00927926 -0.00907243 -0.00976704 -0.0105971 -0.00813477 -0.00816093 -0.00818944
-0.00821875 -0.00825188 -0.00829097 -0.0083376 -0.00839317 -0.008459 -0.00853642 -0.00862685 -0.00873187 -0.00885337
-0.00899358 -0.00915524 -0.00934165 -0.00955688 -0.00980597 -0.0100952 -0.0104324 -0.0108277 -0.0112947 -0.0118511
-0.0125219 -0.0133423 -0.0143622 -0.0156514 -0.0173041 -0.0194381 -0.0221861 -0.0256689 -0.0299456 -0.0349703
-0.0406386 -0.0466972 -0.052839 -0.0587549 -0.0641823 -0.0689298 -0.0728781 -0.0759648 -0.0781634 -0.0794685
-0.079895 -0.0794715 -0.0782523 -0.076318 -0.0737712 -0.070725 -0.0672846 -0.0635251 -0.0594694 -0.0550728
-0.0502237 -0.0447666 -0.0385534 -0.0316089 -0.0249981 -0.0189803 -0.0141598 -0.0113908 -0.0107278 -0.0113699
-0.012313 -0.00849942 -0.00852464 -0.00855277 -0.0085824 -0.00861641 -0.00865693 -0.00870564 -0.00876406 -0.00883369
-0.00891603 -0.00901267 -0.00912543 -0.00925641 -0.00940815 -0.00958367 -0.00978667 -0.0100217 -0.0102942 -0.0106113
-0.0109816 -0.0114163 -0.0119301 -0.0125426 -0.0132808 -0.0141826 -0.015301 -0.0167098 -0.0185067 -0.0208125
-0.0237611 -0.0274763 -0.0320111 -0.0372756 -0.0431825 -0.0494728 -0.0558157 -0.0619008 -0.0674687 -0.0723332
-0.0763795 -0.0795455 -0.0818008 -0.0831309 -0.0835497 -0.0830723 -0.0817532 -0.0796789 -0.076966 -0.0737496
-0.0701646 -0.0663206 -0.0622762 -0.0580164 -0.0534426 -0.0483782 -0.042594 -0.0359277 -0.0290064 -0.0228052
-0.0173993 -0.0138263 -0.0126092 -0.0131253 -0.014169 -0.00886467 -0.0088891 -0.00891682 -0.00894651 -0.00898089
-0.00902211 -0.00907195 -0.00913212 -0.00920427 -0.00929011 -0.00939145 -0.00951032 -0.00964907 -0.00981047 -0.00999784
-0.0102152 -0.0104675 -0.0107608 -0.0111026 -0.0115022 -0.0119717 -0.0125269 -0.0131886 -0.0139853 -0.0149565
-0.0161571 -0.0176627 -0.0195722 -0.0220059 -0.0250951 -0.0289659 -0.03367 -0.0391037 -0.0451541 -0.0515912
-0.0580693 -0.0642796 -0.0699645 -0.0749392 -0.0790882 -0.0823443 -0.0846713 -0.0860504 -0.086468 -0.08595
-0.0845452 -0.082343 -0.0794707 -0.0760825 -0.072339 -0.068382 -0.0643059 -0.0601309 -0.0557837 -0.0510967
-0.0458327 -0.03974 -0.0326621 -0.0263382 -0.0207156 -0.0164917 -0.0146821 -0.0149938 -0.0161204 -0.00922962
-0.00925345 -0.00928076 -0.0093102 -0.00934434 -0.00938535 -0.00943517 -0.00949569 -0.0095688 -0.00965643 -0.00976062
-0.00988362 -0.010028 -0.0101968 -0.0103936 -0.0106226 -0.0108892 -0.0111998 -0.0115624 -0.0119867 -0.0124857
-0.0130755 -0.0137779 -0.0146223 -0.0156487 -0.0169125 -0.018489 -0.020476 -0.0229911 -0.0261605 -0.0301023
-0.0348795 -0.040404 -0.0465177 -0.0530132 -0.0595593 -0.0658483 -0.0716215 -0.0766919 -0.0809397 -0.0842857
-0.0866854 -0.0881101 -0.0885432 -0.0879994 -0.0865269 -0.0842183 -0.0812089 -0.0776677 -0.0737764 -0.0697043
-0.0655779 -0.0614522 -0.0572872 -0.0529406 -0.0481793 -0.0426803 -0.0360649 -0.0294652 -0.0238345 -0.0192446
-0.0168836 -0.0169218 -0.0181061 -0.00959351 -0.00961703 -0.00964394 -0.00967276 -0.00970592 -0.00974564 -0.00979404
-0.00985325 -0.00992546 -0.0100128 -0.0101177 -0.0102425 -0.01039 -0.0105635 -0.0107668 -0.0110044 -0.0112819
-0.0116059 -0.0119847 -0.0124285 -0.0129505 -0.0135674 -0.0143011 -0.0151811 -0.0162472 -0.017554 -0.0191743
-0.0212026 -0.0237521 -0.0269425 -0.0308818 -0.0356426 -0.0411576 -0.0472473 -0.0537193 -0.0602643 -0.0665784
-0.0724014 -0.0775405 -0.0818752 -0.0852973 -0.0877609 -0.0892282 -0.0896781 -0.0891188 -0.0875978 -0.0852103
-0.0820973 -0.0784383 -0.0744309 -0.0702657 -0.0660954 -0.0620058 -0.0579902 -0.0539344 -0.0496155 -0.0447085
-0.0388583 -0.0321768 -0.0266278 -0.0219228 -0.0191137 -0.0188407 -0.0200536 -0.00995583 -0.00997939 -0.010006
-0.0100337 -0.010065 -0.0101021 -0.0101475 -0.0102034 -0.0102725 -0.0103573 -0.0104603 -0.0105842 -0.0107321
-0.0109073 -0.0111139 -0.0113566 -0.011641 -0.0119741 -0.0123642 -0.0128219 -0.0133602 -0.0139959 -0.0147509
-0.015654 -0.0167441 -0.0180732 -0.0197107 -0.0217457 -0.0242847 -0.0274399 -0.0313142 -0.0359744 -0.0413787
-0.0473531 -0.0537205 -0.0601881 -0.0664649 -0.0722873 -0.0774464 -0.0818614 -0.0853258 -0.0878344 -0.0893343
-0.0897984 -0.0892319 -0.0876827 -0.0852485 -0.0820687 -0.0783392 -0.0742631 -0.0700461 -0.0658601 -0.0618156
-0.0579349 -0.0541332 -0.0502116 -0.0458738 -0.0407605 -0.0344964 -0.0289985 -0.0243152 -0.0212396 -0.0206727
-0.0218868 -0.0103163 -0.0103404 -0.0103667 -0.0103929 -0.0104213 -0.0104543 -0.0104945 -0.010545 -0.0106085
-0.0106879 -0.0107861 -0.0109062 -0.0110513 -0.011225 -0.0114315 -0.0116755 -0.0119628 -0.0123004 -0.0126967
-0.0131622 -0.0137099 -0.0143562 -0.0151225 -0.0160364 -0.0171349 -0.018467 -0.0200969 -0.0221071 -0.0245962
-0.0276644 -0.0314165 -0.0359056 -0.0411095 -0.0468815 -0.0530529 -0.0593657 -0.0655341 -0.0712997 -0.0764516
-0.0808433 -0.0843416 -0.0868771 -0.0883962 -0.0888704 -0.0883041 -0.0867486 -0.0843068 -0.0810879 -0.077347
-0.0732606 -0.069045 -0.0648844 -0.0609102 -0.0571667 -0.0535988 -0.0500399 -0.046216 -0.0417517 -0.0362506
-0.0308181 -0.0263266 -0.0231475 -0.0223369 -0.0235312 -0.0106752 -0.0107003 -0.0107264 -0.0107505 -0.0107747
-0.0108017 -0.0108346 -0.0108769 -0.0109319 -0.0110029 -0.0110933 -0.0112062 -0.0113452 -0.011514 -0.0117166
-0.011958 -0.012244 -0.0125815 -0.0129789 -0.0134464 -0.0139966 -0.0146454 -0.0154134 -0.0163267 -0.0174193
-0.0187371 -0.020337 -0.0222949 -0.0246989 -0.0276435 -0.0312178 -0.0354755 -0.0404062 -0.0458996 -0.051794
-0.0578666 -0.0638472 -0.0694821 -0.0745548 -0.0788971 -0.0823788 -0.0849105 -0.086432 -0.0869121 -0.0863522
-0.0848072 -0.0823773 -0.0792047 -0.0754945 -0.0714538 -0.0672973 -0.0632047 -0.0593371 -0.0557442 -0.0523966
-0.0491573 -0.0457787 -0.0419244 -0.0372868 -0.0319986 -0.0278408 -0.0247218 -0.0237434 -0.0249117 -0.0110328
-0.0110598 -0.0110858 -0.011107 -0.0111255 -0.0111443 -0.0111672 -0.0111983 -0.0112416 -0.0113008 -0.0113797
-0.0114821 -0.0116116 -0.0117717 -0.0119668 -0.0122017 -0.0124822 -0.0128151 -0.0132085 -0.0136723 -0.0142186
-0.0148626 -0.0156234 -0.0165259 -0.0176001 -0.0188884 -0.020442 -0.022327 -0.0246204 -0.0274066 -0.0307648
-0.0347462 -0.0393505 -0.0444971 -0.0500459 -0.0557973 -0.0615077 -0.0669335 -0.071856 -0.0760959 -0.0795137
-0.0820091 -0.0835164 -0.0840032 -0.0834534 -0.0819411 -0.0795648 -0.0764708 -0.0728494 -0.0689107 -0.0648661
-0.0609036 -0.0571726 -0.0537459 -0.0506118 -0.0476595 -0.0446785 -0.0413873 -0.0374816 -0.0325777 -0.028759
-0.0258348 -0.0247951 -0.0259524 -0.0113904 -0.0114201 -0.0114462 -0.0114635 -0.0114744 -0.0114825 -0.0114922
-0.0115087 -0.0115365 -0.0115802 -0.0116438 -0.0117316 -0.0118484 -0.0119963 -0.01218 -0.0124045 -0.0126756
-0.0129995 -0.0133843 -0.0138393 -0.014376 -0.0150087 -0.0157547 -0.0166372 -0.0176842 -0.0189314 -0.0204248
-0.0222213 -0.0243872 -0.0269951 -0.0301138 -0.0337915 -0.0380348 -0.0427862 -0.0479296 -0.0532917 -0.0586569
-0.0637973 -0.0684982 -0.0725752 -0.0758804 -0.0783047 -0.0797798 -0.0802918 -0.0797413 -0.0782835 -0.0759964
-0.0730203 -0.0695377 -0.0657527 -0.0618706 -0.0580765 -0.0545152 -0.0512681 -0.04834 -0.0456455 -0.0430095
-0.0401832 -0.0368413 -0.0326042 -0.0290649 -0.026388 -0.0253955 -0.0265731 -0.0117497 -0.0117831 -0.0118094
-0.0118217 -0.0118227 -0.0118168 -0.0118097 -0.0118075 -0.0118158 -0.0118398 -0.0118843 -0.0119556 -0.0120557
-0.0121865 -0.0123549 -0.0125654 -0.0128231 -0.0131343 -0.0135063 -0.0139479 -0.01447 -0.0150858 -0.0158115
-0.0166673 -0.0176785 -0.0188766 -0.0203009 -0.0219999 -0.0240295 -0.0264506 -0.0293216 -0.0326852 -0.036552
-0.0408819 -0.0455814 -0.0505049 -0.0554648 -0.0602541 -0.0646684 -0.0685242 -0.0716687 -0.073984 -0.0753866
-0.0758185 -0.0753804 -0.0740183 -0.0718535 -0.0690319 -0.0657286 -0.062138 -0.0584561 -0.0548601 -0.0514899
-0.0484294 -0.0456929 -0.0432237 -0.0408657 -0.0383941 -0.0355126 -0.0319818 -0.0286838 -0.0263175 -0.0254511
-0.0266734 -0.0121134 -0.012152 -0.0121785 -0.0121841 -0.0121721 -0.0121484 -0.0121201 -0.0120946 -0.0120789
-0.0120793 -0.0121017 -0.0121507 -0.0122281 -0.0123397 -0.0124901 -0.0126833 -0.0129245 -0.0132195 -0.0135752
-0.0139996 -0.0145032 -0.0150979 -0.0157983 -0.0166225 -0.0175928 -0.0187365 -0.0200873 -0.0216854 -0.0235773
-0.0258128 -0.0284399 -0.0314948 -0.0349887 -0.0388938 -0.0431363 -0.047596 -0.0521134 -0.056505 -0.0605822
-0.0641686 -0.0671123 -0.0692931 -0.0706276 -0.0710731 -0.0706515 -0.069382 -0.0673596 -0.0647182 -0.0616217
-0.0582521 -0.0547928 -0.0514107 -0.0482388 -0.0453606 -0.0427982 -0.0405051 -0.0383599 -0.0361478 -0.0336428
-0.0307329 -0.027511 -0.0254971 -0.0248415 -0.0261137 -0.0124854 -0.0125306 -0.0125573 -0.0125539 -0.0125252
-0.0124787 -0.0124238 -0.0123696 -0.0123246 -0.0122966 -0.0122916 -0.0123127 -0.0123655 -0.0124556 -0.0125851
-0.0127583 -0.0129802 -0.0132561 -0.0135925 -0.0139971 -0.0144791 -0.0150494 -0.0157212 -0.0165107 -0.0174373
-0.0185246 -0.0198009 -0.0212995 -0.0230581 -0.0251169 -0.0275138 -0.0302781 -0.0334195 -0.0369175 -0.0407142
-0.0447115 -0.0487757 -0.0527476 -0.0564583 -0.0597436 -0.0624577 -0.0644823 -0.0657335 -0.066167 -0.0657845
-0.0646179 -0.0627507 -0.060304 -0.0574281 -0.0542903 -0.0510598 -0.0478913 -0.0449096 -0.0421957 -0.0397755
-0.0376129 -0.0356044 -0.0335715 -0.0313363 -0.0287712 -0.0255226 -0.0238227 -0.0234096 -0.0246982 -0.0128711
-0.012925 -0.0129513 -0.0129358 -0.012885 -0.0128097 -0.0127217 -0.0126324 -0.0125525 -0.0124905 -0.012453
-0.0124444 -0.0124706 -0.0125349 -0.0126404 -0.012791 -0.0129912 -0.0132459 -0.0135609 -0.0139434 -0.0144017
-0.0149456 -0.0155872 -0.0163406 -0.0172227 -0.0182539 -0.0194578 -0.0208617 -0.0224959 -0.0243921 -0.0265796
-0.0290805 -0.0319018 -0.0350272 -0.03841 -0.0419701 -0.0455964 -0.0491532 -0.0524921 -0.0554648 -0.0579354
-0.0597907 -0.060948 -0.0613607 -0.0610228 -0.0599629 -0.0582541 -0.0560043 -0.0533488 -0.0504387 -0.0474277
-0.0444574 -0.0416431 -0.0390617 -0.0367406 -0.0346504 -0.0327001 -0.0307473 -0.028618 -0.0261277 -0.0229228
-0.021239 -0.0209461 -0.0221523 -0.0132785 -0.0133431 -0.0133683 -0.0133358 -0.013256 -0.0131438 -0.0130147
-0.0128832 -0.0127623 -0.0126609 -0.0125872 -0.0125458 -0.0125414 -0.0125773 -0.0126565 -0.0127826 -0.0129593
-0.0131912 -0.0134835 -0.0138426 -0.014276 -0.0147928 -0.0154034 -0.0161207 -0.0169594 -0.0179367 -0.0190725
-0.0203891 -0.0219108 -0.0236618 -0.0256645 -0.0279346 -0.0304757 -0.0332732 -0.0362882 -0.0394547 -0.0426799
-0.0458492 -0.0488342 -0.0515034 -0.0537335 -0.0554186 -0.0564794 -0.0568683 -0.0565731 -0.0556185 -0.0540635
-0.0520026 -0.0495556 -0.0468567 -0.0440432 -0.0412428 -0.0385609 -0.0360684 -0.0337921 -0.0317056 -0.0297254
-0.0277184 -0.0254957 -0.0228535 -0.0196677 -0.0176956 -0.0172473 -0.0181173 -0.0137189 -0.0137967 -0.0138184
-0.0137619 -0.0136433 -0.013484 -0.0133043 -0.0131225 -0.0129526 -0.012807 -0.0126929 -0.0126151 -0.0125774
-0.0125829 -0.0126344 -0.0127346 -0.0128868 -0.0130951 -0.0133639 -0.0136992 -0.0141075 -0.014597 -0.0151773
-0.0158597 -0.0166571 -0.0175842 -0.0186579 -0.0198964 -0.0213188 -0.0229439 -0.024788 -0.0268616 -0.029165
-0.031684 -0.0343849 -0.0372119 -0.0400872 -0.0429134 -0.0455803 -0.0479728 -0.0499805 -0.0515065 -0.0524769
-0.0528441 -0.0525896 -0.0517327 -0.0503212 -0.0484347 -0.0461765 -0.0436636 -0.0410166 -0.0383491 -0.0357553
-0.033299 -0.0310033 -0.0288414 -0.0267285 -0.0245181 -0.0219962 -0.0189543 -0.0155648 -0.0128355 -0.0119187
-0.0121399 -0.0142092 -0.0143021 -0.0143161 -0.0142245 -0.0140535 -0.0138331 -0.0135917 -0.0133493 -0.0131228
-0.0129277 -0.0127691 -0.0126517 -0.0125788 -0.0125527 -0.0125755 -0.0126493 -0.0127768 -0.0129611 -0.0132065
-0.013518 -0.0139017 -0.0143649 -0.0149162 -0.0155658 -0.0163251 -0.0172069 -0.0182253 -0.0193955 -0.0207327
-0.0222513 -0.0239627 -0.0258734 -0.0279808 -0.0302706 -0.0327124 -0.035258 -0.0378408 -0.0403776 -0.0427734
-0.0449279 -0.046743 -0.0481296 -0.049026 -0.0493771 -0.0491614 -0.0483936 -0.0471123 -0.0453819 -0.0432883
-0.0409314 -0.0384153 -0.0358383 -0.0332825 -0.0308022 -0.028414 -0.0260847 -0.0237195 -0.0211492 -0.0181318
-0.0144564 -0.0103578 -0.00617853 -0.00447981 -0.00374154 -0.0147746 -0.0148834 -0.0148812 -0.0147376 -0.0144944
-0.0141959 -0.0138767 -0.0135614 -0.0132728 -0.0130221 -0.0128153 -0.012656 -0.0125466 -0.0124884 -0.0124823
-0.0125297 -0.0126326 -0.0127935 -0.013016 -0.0133045 -0.0136646 -0.0141029 -0.0146273 -0.0152469 -0.0159719
-0.0168137 -0.0177843 -0.0188965 -0.0201623 -0.0215929 -0.0231963 -0.0249754 -0.0269258 -0.0290324 -0.0312673
-0.0335878 -0.0359356 -0.0382387 -0.0404144 -0.0423752 -0.0440344 -0.0453144 -0.0461459 -0.0464812 -0.0463092
-0.0456274 -0.0444637 -0.04287 -0.0409159 -0.0386839 -0.0362613 -0.0337305 -0.031159 -0.0285889 -0.026025
-0.0234202 -0.0206601 -0.0175467 -0.0138096 -0.00922655 -0.00390883 0.00220592 0.00550348 0.00762262 -0.0154554
-0.0155766 -0.0155417 -0.0153188 -0.0149755 -0.0145747 -0.0141583 -0.0137596 -0.0133999 -0.0130885 -0.0128306
-0.0126283 -0.012482 -0.0123918 -0.0123574 -0.0123792 -0.0124584 -0.0125968 -0.0127975 -0.0130644 -0.0134025
-0.0138179 -0.0143177 -0.0149105 -0.0156055 -0.0164128 -0.0173433 -0.0184074 -0.0196153 -0.0209753 -0.022493
-0.0241689 -0.0259968 -0.0279615 -0.0300365 -0.032183 -0.0343492 -0.0364715 -0.0384767 -0.0402873 -0.0418263
-0.0430219 -0.0438086 -0.0441476 -0.044018 -0.0434144 -0.0423545 -0.0408777 -0.0390381 -0.0369 -0.0345336
-0.0320038 -0.029361 -0.0266297 -0.0237953 -0.0207865 -0.0174559 -0.0135615 -0.00878716 -0.002854 0.00426022
0.0126025 0.0184514 0.0226167 -0.0163177 -0.0164368 -0.0163369 -0.0159895 -0.0155068 -0.0149699 -0.0144354
-0.0139417 -0.0135017 -0.0131251 -0.0128144 -0.0125687 -0.0123863 -0.0122652 -0.0122038 -0.0122015 -0.0122584
-0.0123759 -0.0125565 -0.0128035 -0.0131216 -0.0135163 -0.0139944 -0.0145638 -0.0152333 -0.016012 -0.0169097
-0.0179354 -0.0190976 -0.020403 -0.021855 -0.0234526 -0.0251882 -0.0270464 -0.029002 -0.0310188 -0.0330501
-0.0350388 -0.036918 -0.0386179 -0.0400703 -0.0412127 -0.0419819 -0.0423261 -0.0422302 -0.0416944 -0.0407259
-0.0393429 -0.0375927 -0.0355187 -0.0331719 -0.0305978 -0.0278254 -0.0248546 -0.021641 -0.0180745 -0.0139571
-0.00898239 -0.00276037 0.0050899 0.0147048 0.0258254 0.0353688 0.0421076 -0.0174766 -0.0175506 -0.0173203
-0.0167784 -0.0160952 -0.0153794 -0.0147057 -0.014101 -0.0135715 -0.0131267 -0.012763 -0.0124753 -0.0122587
-0.012109 -0.0120231 -0.0119989 -0.0120359 -0.0121347 -0.0122974 -0.012527 -0.0128277 -0.0132046 -0.0136642
-0.0142141 -0.0148627 -0.0156186 -0.0164907 -0.0174871 -0.018615 -0.0198797 -0.0212836 -0.0228241 -0.0244929
-0.0262743 -0.0281438 -0.0300673 -0.0320017 -0.0338962 -0.0356912 -0.037318 -0.0387101 -0.0398066 -0.0405598
-0.0409247 -0.0408744 -0.0403978 -0.0394975 -0.0381896 -0.0364913 -0.0344473 -0.0320836 -0.0294183 -0.0264536
-0.023155 -0.0194337 -0.0151208 -0.00994404 -0.00350513 0.00468222 0.0150933 0.027886 0.0428927 0.0572011
0.0672392 -0.0191406 -0.0190579 -0.0185704 -0.0177127 -0.0167401 -0.0157959 -0.0149562 -0.0142389 -0.0136396
-0.0131335 -0.0127152 -0.0123822 -0.012129 -0.0119494 -0.0118386 -0.0117927 -0.0118103 -0.0118913 -0.0120374
-0.0122514 -0.0125368 -0.0128984 -0.0133424 -0.0138764 -0.0145084 -0.0152469 -0.0161001 -0.0170751 -0.0181786
-0.0194148 -0.0207852 -0.0222865 -0.0239095 -0.0256382 -0.0274485 -0.0293074 -0.0311731 -0.0329953 -0.0347208
-0.03629 -0.0376406 -0.038713 -0.0394608 -0.0398486 -0.03984 -0.0394119 -0.038562 -0.0372985 -0.0356333
-0.0335735 -0.0311535 -0.0283465 -0.0251201 -0.0213918 -0.017009 -0.0117166 -0.00513599 0.00326159 0.0140884
0.0279352 0.0449784 0.0648147 0.0849908 0.0996372 -0.0216988 -0.0212111 -0.0201984 -0.0188086 -0.0174581
-0.0162948 -0.015266 -0.0143843 -0.0136711 -0.0130902 -0.0126214 -0.0122503 -0.0119663 -0.0117616 -0.01163
-0.0115665 -0.0115684 -0.0116351 -0.0117684 -0.0119708 -0.012245 -0.0125953 -0.0130279 -0.0135505 -0.014171
-0.0148981 -0.0157391 -0.0167 -0.0177867 -0.0190032 -0.0203502 -0.0218235 -0.0234137 -0.0251042 -0.0268712
-0.0286825 -0.0304979 -0.0322694 -0.0339441 -0.0354688 -0.0367876 -0.0378459 -0.0385951 -0.0389958 -0.0390111
-0.0386136 -0.0377928 -0.0365489 -0.034886 -0.0328022 -0.0302675 -0.0272605 -0.0236962 -0.019424 -0.014204
-0.00766032 0.000736117 0.0117035 0.0260353 0.0444816 0.067185 0.0935676 0.120435 0.142143 -0.0260085
-0.0244923 -0.0223362 -0.0201444 -0.0182443 -0.016679 -0.0154331 -0.014414 -0.0135839 -0.0129259 -0.0124094
-0.0120071 -0.0117012 -0.0114811 -0.0113385 -0.0112661 -0.0112601 -0.0113203 -0.011449 -0.0116484 -0.011919
-0.0122647 -0.0126926 -0.0132106 -0.0138269 -0.0145503 -0.0153874 -0.0163428 -0.0174215 -0.0186273 -0.0199602
-0.0214154 -0.0229827 -0.0246454 -0.0263798 -0.0281546 -0.029931 -0.0316636 -0.0333022 -0.0347946 -0.0360877
-0.0371286 -0.0378685 -0.0382643 -0.0382808 -0.0378924 -0.037082 -0.0358387 -0.0341522 -0.0319987 -0.0293313
-0.0260776 -0.0221042 -0.01718 -0.0109579 -0.0029043 0.00771142 0.0218831 0.0406958 0.0652113 0.095647
0.131156 0.167483 0.200182 -0.034702 -0.0293319 -0.0247273 -0.0211886 -0.0186716 -0.0167443 -0.0152602
-0.0141111 -0.013209 -0.0125078 -0.011966 -0.011551 -0.011241 -0.0110248 -0.0108897 -0.010823 -0.0108217
-0.0108875 -0.0110244 -0.0112341 -0.011514 -0.011867 -0.0123017 -0.0128266 -0.0134494 -0.0141769 -0.0150155
-0.0159723 -0.0170527 -0.0182583 -0.0195874 -0.0210346 -0.0225889 -0.0242333 -0.0259441 -0.0276905 -0.0294349
-0.0311337 -0.0327386 -0.0341989 -0.0354629 -0.0364796 -0.0372015 -0.0375862 -0.0375991 -0.0372119 -0.0364014
-0.0351434 -0.0334143 -0.0311761 -0.0283443 -0.0248174 -0.0203989 -0.0147697 -0.00747063 0.00220786 0.0152331
0.0329635 0.0569481 0.088898 0.129619 0.178754 0.232095 0.284579 -0.0567803 -0.0351924 -0.0258137
-0.0210619 -0.017929 -0.0157037 -0.0141053 -0.0129457 -0.0120803 -0.0114279 -0.0109379 -0.0105761 -0.0103193
-0.0101594 -0.010079 -0.0100576 -0.0100957 -0.0101969 -0.0103624 -0.010593 -0.0108946 -0.0112743 -0.0117377
-0.0122906 -0.0129394 -0.0136909 -0.0145514 -0.0155273 -0.016623 -0.0178396 -0.0191751 -0.0206234 -0.0221735
-0.0238082 -0.0255039 -0.0272304 -0.0289512 -0.030624 -0.0322023 -0.0336368 -0.0348774 -0.0358749 -0.036583
-0.03696 -0.0369707 -0.0365851 -0.0357776 -0.0345144 -0.0327435 -0.0304063 -0.027441 -0.0236727 -0.0188564
-0.0126031 -0.00436262 0.00672498 0.0218321 0.0426848 0.0714272 0.110941 0.163827 0.232577 0.315631
0.410708 -0.107229 -0.0423833 -0.0237834 -0.0191104 -0.0159674 -0.0135377 -0.0119447 -0.010939 -0.0102552
-0.00976373 -0.00941367 -0.00917526 -0.00902702 -0.00894832 -0.00893225 -0.00898388 -0.00909893 -0.00927316 -0.00950588
-0.00979927 -0.0101585 -0.01059 -0.0110995 -0.0116933 -0.0123785 -0.0131625 -0.0140521 -0.015053 -0.0161693
-0.0174023 -0.01875 -0.0202061 -0.0217594 -0.0233928 -0.0250831 -0.0268007 -0.0285097 -0.0301692 -0.0317336
-0.0331551 -0.0343846 -0.0353745 -0.036078 -0.0364543 -0.036463 -0.0360748 -0.0352568 -0.0340154 -0.0322861
-0.029923 -0.0268626 -0.0229356 -0.017879 -0.0112555 -0.00246333 0.00945077 0.0257367 0.0483598 0.079822
0.124317 0.187291 0.278253 0.404477 0.568721 
U 3 4096 float
1.17207e-05 -1.17266e-05 0 6.63621e-06 -2.71613e-06 0 -5.25712e-05 9.34041e-06 0 -0.00016201 1.87807e-05
0 -0.000310196 2.49943e-05 0 -0.000485619 2.86761e-05 0 -0.00067868 3.06174e-05 0
-0.000882227 3.14444e-05 0 -0.00109127 3.16066e-05 0 -0.00130251 3.14054e-05 0 -0.00151382
3.10298e-05 0 -0.00172389 3.05883e-05 0 -0.00193191 3.01359e-05 0 -0.00213736 2.96918e-05
0 -0.00233982 2.92537e-05 0 -0.00253893 2.88058e-05 0 -0.00273424 2.83252e-05 0
-0.00292523 2.77851e-05 0 -0.00311127 2.71571e-05 0 -0.00329157 2.64122e-05 0 -0.00346524
2.55218e-05 0 -0.00363122 2.4458e-05 0 -0.00378835 2.31936e-05 0 -0.00393531 2.17037e-05
0 -0.00407069 1.99653e-05 0 -0.004193 1.79587e-05 0 -0.00430065 1.56686e-05 0
-0.00439202 1.30855e-05 0 -0.00446548 1.0199e-05 0 -0.00451947 7.00501e-06 0 -0.00455236
3.52772e-06 0 -0.00456291 -1.29013e-07 0 -0.00455006 -4.05975e-06 0 -0.00451256 -8.13448e-06
0 -0.00444993 -1.23314e-05 0 -0.00436188 -1.65679e-05 0 -0.0042485 -2.07633e-05 0
-0.00411034 -2.48328e-05 0 -0.00394838 -2.86872e-05 0 -0.00376407 -3.22371e-05 0 -0.0035593
-3.53961e-05 0 -0.0033364 -3.80854e-05 0 -0.00309806 -4.02365e-05 0 -0.0028473 -4.1795e-05
0 -0.00258738 -4.27224e-05 0 -0.00232176 -4.29974e-05 0 -0.00205397 -4.26156e-05 0
-0.00178759 -4.15885e-05 0 -0.00152615 -3.99418e-05 0 -0.0012731 -3.77108e-05 0 -0.00103173
-3.4939e-05 0 -0.000805188 -3.16714e-05 0 -0.00059647 -2.7952e-05 0 -0.000408401 -2.38185e-05
0 -0.000243654 -1.93002e-05 0 -0.000104724 -1.44196e-05 0 6.10932e-06 -9.23575e-06 0
8.68208e-05 -3.81588e-06 0 0.000136036 1.84611e-06 0 0.000153547 7.43995e-06 0 0.000140863
1.24135e-05 0 0.000103195 1.59596e-05 0 5.29052e-05 1.59967e-05 0 9.66753e-06 9.72978e-06
0 2.64194e-06 -6.76051e-06 0 -7.58754e-05 7.41129e-05 0 -0.000274675 0.000173457 0
-0.000583912 0.000258566 0 -0.000981017 0.000322167 0 -0.00144311 0.000365898 0 -0.00195017
0.000393794 0 -0.00248621 0.000410032 0 -0.00303925 0.000418152 0 -0.00360073 0.000420861
0 -0.00416472 0.000420078 0 -0.00472716 0.000417076 0 -0.00528529 0.000412635 0
-0.0058371 0.00040717 0 -0.00638097 0.000400841 0 -0.00691546 0.000393639 0 -0.00743907
0.000385437 0 -0.00795015 0.000376044 0 -0.00844681 0.000365225 0 -0.00892689 0.000352725
0 -0.00938793 0.000338282 0 -0.00982715 0.000321638 0 -0.0102415 0.000302547 0
-0.0106277 0.000280785 0 -0.0109821 0.000256156 0 -0.011301 0.000228506 0 -0.0115804
0.000197731 0 -0.0118166 0.000163788 0 -0.0120054 0.000126694 0 -0.0121433 8.65054e-05
0 -0.0122264 4.35575e-05 0 -0.0122518 -1.61316e-06 0 -0.0122169 -4.90427e-05 0
-0.0121193 -9.7972e-05 0 -0.0119579 -0.000147786 0 -0.0117321 -0.000197755 0 -0.0114424
-0.000247075 0 -0.0110904 -0.000294893 0 -0.0106784 -0.000340327 0 -0.0102101 -0.000382501
0 -0.00969019 -0.000420575 0 -0.00912416 -0.000453774 0 -0.00851849 -0.000481422 0
-0.00788038 -0.000502961 0 -0.00721763 -0.00051797 0 -0.00653846 -0.000526176 0 -0.00585136
-0.000527446 0 -0.00516493 -0.000521783 0 -0.00448772 -0.000509302 0 -0.00382817 -0.00049021
0 -0.00319446 -0.000464768 0 -0.00259451 -0.000433271 0 -0.00203592 -0.000396016 0
-0.00152598 -0.000353299 0 -0.00107163 -0.000305429 0 -0.000679376 -0.000252779 0 -0.00035511
-0.00019593 0 -0.000103725 -0.000135849 0 7.14897e-05 -7.41e-05 0 0.000170063 -1.36708e-05
0 0.000196099 4.0259e-05 0 0.000161115 7.91946e-05 0 8.92093e-05 8.94453e-05 0
1.55148e-05 5.25172e-05 0 -1.02736e-05 5.45095e-05 0 -0.000183543 0.000275254 0 -0.000528799
0.000511305 0 -0.00102462 0.000713285 0 -0.00163908 0.000868535 0 -0.0023432 0.000979399
0 -0.0031115 0.00105341 0 -0.00392288 0.00109909 0 -0.00476091 0.00112411 0
-0.0056133 0.00113463 0 -0.00647111 0.00113523 0 -0.00732793 0.00112909 0 -0.00817909
0.00111824 0 -0.00902104 0.00110385 0 -0.00985087 0.00108646 0 -0.010666 0.00106615
0 -0.0114637 0.00104273 0 -0.0122413 0.00101577 0 -0.0129956 0.000984743 0
-0.0137233 0.000949068 0 -0.0144205 0.000908125 0 -0.0150831 0.000861302 0 -0.0157064
0.000808024 0 -0.0162855 0.000747769 0 -0.0168152 0.000680096 0 -0.0172899 0.000604672
0 -0.0177042 0.000521299 0 -0.0180523 0.000429934 0 -0.0183287 0.000330722 0
-0.0185281 0.000223999 0 -0.0186458 0.000110424 0 -0.0186772 -9.02228e-06 0 -0.0186188
-0.000133325 0 -0.0184681 -0.000261169 0 -0.0182233 -0.000390914 0 -0.0178842 -0.000520717
0 -0.0174516 -0.000648583 0 -0.016928 -0.000772403 0 -0.0163171 -0.000890019 0
-0.0156244 -0.000999293 0 -0.0148564 -0.00109818 0 -0.0140213 -0.00118481 0 -0.0131283
-0.00125753 0 -0.0121875 -0.00131498 0 -0.01121 -0.00135612 0 -0.0102075 -0.00138026
0 -0.00919192 -0.00138702 0 -0.00817539 -0.00137633 0 -0.00717006 -0.00134842 0
-0.00618792 -0.00130366 0 -0.00524065 -0.00124262 0 -0.00433961 -0.00116589 0 -0.00349577
-0.00107415 0 -0.00271968 -0.000968072 0 -0.00202137 -0.000848458 0 -0.00141024 -0.000716352
0 -0.000894681 -0.000573366 0 -0.000481576 -0.000422165 0 -0.000175293 -0.000267214 0
2.37392e-05 -0.000115886 0 0.000121039 1.98939e-05 0 0.000131156 0.000121601 0 8.26652e-05
0.000161722 0 1.53941e-05 0.000102197 0 -2.16856e-05 0.000172749 0 -0.000285853 0.000600692
0 -0.000769892 0.00101551 0 -0.00143723 0.00136491 0 -0.00224472 0.00163558 0
-0.00315812 0.00183221 0 -0.00414836 0.00196657 0 -0.00519126 0.00205202 0 -0.00626765
0.00210088 0 -0.0073628 0.00212327 0 -0.00846569 0.00212692 0 -0.00956807 0.00211732
0 -0.0106637 0.0020981 0 -0.0117478 0.00207144 0 -0.012816 0.00203838 0
-0.0138648 0.00199922 0 -0.0148903 0.00195366 0 -0.0158888 0.00190107 0 -0.016856
0.00184058 0 -0.0177875 0.00177121 0 -0.0186781 0.00169191 0 -0.0195226 0.00160164
0 -0.020315 0.00149945 0 -0.021049 0.00138445 0 -0.0217181 0.00125594 0
-0.0223155 0.0011134 0 -0.0228344 0.00095656 0 -0.0232677 0.00078545 0 -0.0236089
0.000600434 0 -0.0238515 0.000402261 0 -0.0239898 0.000192149 0 -0.0240187 -2.8222e-05
0 -0.0239341 -0.000256866 0 -0.0237332 -0.000491278 0 -0.0234143 -0.000728534 0
-0.0229773 -0.000965361 0 -0.0224238 -0.00119822 0 -0.021757 -0.00142338 0 -0.0209821
-0.00163707 0 -0.0201057 -0.00183553 0 -0.0191364 -0.00201522 0 -0.0180841 -0.00217287
0 -0.0169603 -0.00230564 0 -0.0157776 -0.00241116 0 -0.0145495 -0.00248763 0
-0.0132901 -0.00253382 0 -0.0120142 -0.00254906 0 -0.0107363 -0.00253323 0 -0.00947144
-0.0024866 0 -0.00823395 -0.00240983 0 -0.00703806 -0.00230379 0 -0.00589753 -0.0021695
0 -0.00482564 -0.00200806 0 -0.00383511 -0.0018207 0 -0.00293803 -0.00160886 0
-0.00214562 -0.00137455 0 -0.00146784 -0.00112083 0 -0.0009127 -0.000852666 0 -0.000485191
-0.000578134 0 -0.000185734 -0.000310084 0 -8.17512e-06 -6.82953e-05 0 6.29446e-05 0.000118007
0 5.66432e-05 0.000207273 0 1.26585e-05 0.000142948 0 -3.08027e-05 0.000341066 0
-0.000374644 0.00103804 0 -0.00098318 0.00166837 0 -0.0018041 0.0021884 0 -0.00278223
0.00259043 0 -0.00387769 0.00288454 0 -0.0050583 0.00308805 0 -0.00629765 0.00321978
0 -0.00757478 0.00329698 0 -0.00887343 0.00333394 0 -0.0101812 0.00334173 0
-0.0114885 0.00332832 0 -0.012788 0.00329907 0 -0.0140737 0.00325728 0 -0.0153404
0.00320461 0 -0.0165833 0.00314157 0 -0.0177979 0.00306785 0 -0.0189792 0.00298256
0 -0.0201221 0.00288449 0 -0.0212212 0.00277222 0 -0.0222703 0.00264424 0
-0.023263 0.00249908 0 -0.0241924 0.00233533 0 -0.025051 0.00215178 0 -0.0258313
0.00194744 0 -0.0265255 0.00172164 0 -0.0271254 0.00147408 0 -0.0276234 0.00120493
0 -0.0280117 0.000914874 0 -0.0282833 0.000605198 0 -0.0284318 0.000277834 0
-0.0284514 -6.46286e-05 0 -0.0283379 -0.000419022 0 -0.0280883 -0.000781453 0 -0.027701
-0.00114745 0 -0.0271764 -0.00151204 0 -0.0265166 -0.00186987 0 -0.0257259 -0.00221534
0 -0.0248102 -0.00254277 0 -0.0237778 -0.0028466 0 -0.0226387 -0.00312153 0
-0.0214048 -0.00336273 0 -0.0200893 -0.00356599 0 -0.0187069 -0.00372785 0 -0.0172732
-0.00384566 0 -0.0158045 -0.00391763 0 -0.0143177 -0.00394281 0 -0.0128296 -0.003921
0 -0.0113569 -0.00385267 0 -0.00991615 -0.00373877 0 -0.00852321 -0.00358061 0
-0.00719354 -0.00337973 0 -0.00594189 -0.0031378 0 -0.00478234 -0.00285671 0 -0.00372811
-0.00253877 0 -0.0027914 -0.00218715 0 -0.00198289 -0.00180666 0 -0.00131107 -0.00140492
0 -0.000781145 -0.000993987 0 -0.000393497 -0.000592503 0 -0.000141821 -0.000228235 0
-1.0785e-05 5.91427e-05 0 2.72269e-05 0.000215252 0 9.68713e-06 0.000168051 0 -3.79846e-05
0.000551643 0 -0.000449314 0.00157265 0 -0.00116607 0.00245217 0 -0.00212152 0.00316315
0 -0.00324886 0.00370913 0 -0.00450238 0.00410893 0 -0.00584671 0.00438723 0
-0.00725355 0.00456915 0 -0.00870059 0.00467728 0 -0.0101706 0.00473026 0 -0.0116501
0.00474256 0 -0.0131289 0.00472468 0 -0.0145987 0.00468379 0 -0.0160526 0.00462429
0 -0.0174846 0.00454852 0 -0.0188893 0.00445721 0 -0.020261 0.00435003 0
-0.0215942 0.00422585 0 -0.0228829 0.00408308 0 -0.0241206 0.00391985 0 -0.0253005
0.00373419 0 -0.0264152 0.00352415 0 -0.0274568 0.00328789 0 -0.028417 0.00302384
0 -0.0292874 0.00273076 0 -0.030059 0.00240782 0 -0.0307232 0.00205478 0
-0.0312711 0.00167199 0 -0.0316945 0.00126055 0 -0.0319855 0.000822393 0 -0.0321372
0.00036029 0 -0.0321435 -0.000122067 0 -0.0319998 -0.000620147 0 -0.031703 -0.00112848
0 -0.0312518 -0.00164084 0 -0.0306468 -0.00215032 0 -0.0298908 -0.00264952 0
-0.0289887 -0.00313072 0 -0.0279477 -0.00358613 0 -0.0267774 -0.00400812 0 -0.0254892
-0.00438949 0 -0.0240966 -0.00472367 0 -0.0226149 -0.00500497 0 -0.0210607 -0.00522874
0 -0.0194515 -0.00539144 0 -0.0178059 -0.00549073 0 -0.0161424 -0.00552543 0
-0.01448 -0.00549538 0 -0.012837 -0.00540133 0 -0.0112315 -0.00524471 0 -0.00968077
-0.00502742 0 -0.00820144 -0.0047517 0 -0.00680914 -0.00441999 0 -0.00551863 -0.00403504
0 -0.00434362 -0.00360019 0 -0.00329656 -0.00311998 0 -0.00238824 -0.00260117 0
-0.00162706 -0.00205423 0 -0.00101804 -0.00149532 0 -0.000561375 -0.000948857 0 -0.000250693
-0.000450326 0 -7.10371e-05 -4.91724e-05 0 3.32718e-06 0.000188634 0 7.42951e-06 0.000178567
0 -4.36933e-05 0.000797209 0 -0.000511399 0.00219001 0 -0.00132054 0.00334921 0
-0.00239203 0.00426958 0 -0.00364849 0.00497036 0 -0.00503854 0.00548223 0 -0.00652364
0.00583912 0 -0.0080736 0.00607352 0 -0.00966503 0.00621385 0 -0.0112799 0.00628335
0 -0.0129042 0.00629994 0 -0.0145271 0.00627671 0 -0.0161398 0.00622257 0
-0.0177348 0.00614308 0 -0.0193055 0.00604118 0 -0.0208457 0.00591786 0 -0.0223493
0.00577271 0 -0.02381 0.00560435 0 -0.025221 0.00541082 0 -0.0265752 0.00518978
0 -0.027865 0.00493876 0 -0.0290821 0.0046553 0 -0.030218 0.00433716 0
-0.0312636 0.00398237 0 -0.0322094 0.00358945 0 -0.0330459 0.00315747 0 -0.0337634
0.00268621 0 -0.0343525 0.00217631 0 -0.0348041 0.00162933 0 -0.0351096 0.00104793
0 -0.0352616 0.000435847 0 -0.0352535 -0.000201987 0 -0.0350804 -0.000859508 0
-0.0347389 -0.00152951 0 -0.0342279 -0.00220379 0 -0.0335481 -0.00287328 0 -0.0327028
-0.00352829 0 -0.0316978 -0.00415874 0 -0.0305412 -0.00475449 0 -0.0292438 -0.00530562
0 -0.0278187 -0.0058028 0 -0.0262812 -0.00623755 0 -0.0246483 -0.00660256 0
-0.0229387 -0.00689189 0 -0.0211722 -0.00710111 0 -0.0193694 -0.00722737 0 -0.017551
-0.00726931 0 -0.0157377 -0.00722699 0 -0.0139496 -0.00710162 0 -0.0122064 -0.00689534
0 -0.0105263 -0.00661093 0 -0.0089269 -0.00625156 0 -0.00742431 -0.00582071 0
-0.00603353 -0.00532224 0 -0.00476823 -0.00476074 0 -0.00364061 -0.00414232 0 -0.002661
-0.00347585 0 -0.00183726 -0.0027747 0 -0.00117384 -0.00205916 0 -0.000670429 -0.00135925
0 -0.000320363 -0.00071784 0 -0.000108791 -0.000193519 0 -1.11138e-05 0.000137121 0
6.25097e-06 0.000178925 0 -4.82917e-05 0.00107164 0 -0.000562891 0.00287704 0 -0.00145014
0.00434284 0 -0.00262069 0.00548919 0 -0.00398802 0.00635444 0 -0.00549547 0.00698372
0 -0.00710142 0.00742202 0 -0.00877391 0.00771026 0 -0.0104885 0.0078833 0
-0.0122265 0.00796924 0 -0.0139737 0.0079896 0 -0.0157186 0.00796004 0 -0.0174523
0.00789122 0 -0.0191667 0.0077898 0 -0.020855 0.00765931 0 -0.0225105 0.00750093
0 -0.0241264 0.00731418 0 -0.025696 0.00709741 0 -0.0272119 0.00684821 0
-0.0286665 0.00656376 0 -0.0300513 0.00624106 0 -0.0313576 0.00587717 0 -0.0325761
0.00546934 0 -0.0336968 0.00501525 0 -0.0347096 0.00451313 0 -0.0356041 0.00396194
0 -0.03637 0.00336152 0 -0.0369968 0.00271279 0 -0.0374747 0.00201784 0
-0.0377943 0.00128007 0 -0.0379475 0.000504317 0 -0.0379271 -0.000303145 0 -0.0377276
-0.0011346 0 -0.0373454 -0.0019809 0 -0.036779 -0.00283166 0 -0.0360293 -0.00367543
0 -0.0350999 -0.00449995 0 -0.0339972 -0.00529252 0 -0.0327305 -0.00604033 0
-0.0313116 -0.00673091 0 -0.0297554 -0.00735252 0 -0.0280789 -0.00789456 0 -0.0263014
-0.00834793 0 -0.0244438 -0.00870528 0 -0.0225285 -0.00896125 0 -0.0205782 -0.00911249
0 -0.0186161 -0.00915765 0 -0.016665 -0.00909716 0 -0.014747 -0.008933 0
-0.012883 -0.00866831 0 -0.0110927 -0.00830709 0 -0.00939406 -0.00785383 0 -0.00780372
-0.0073134 0 -0.00633651 -0.00669106 0 -0.00500569 -0.00599296 0 -0.00382274 -0.00522697
0 -0.00279712 -0.00440418 0 -0.0019357 -0.00354096 0 -0.00124192 -0.00266164 0
-0.000714547 -0.00180172 0 -0.000346126 -0.00101117 0 -0.000121236 -0.000357369 0 -1.50588e-05
7.29933e-05 0 6.16184e-06 0.000174614 0 -5.20474e-05 0.00136996 0 -0.000605677 0.00362244
0 -0.00155869 0.00541825 0 -0.00281334 0.00680536 0 -0.00427536 0.00784376 0
-0.00588344 0.0085952 0 -0.00759312 0.00911723 0 -0.00937072 0.00946027 0 -0.0111908
0.00966619 0 -0.0130343 0.0097683 0 -0.0148865 0.00979185 0 -0.016736 0.00975511
0 -0.0185733 0.00967049 0 -0.0203904 0.0095457 0 -0.0221801 0.00938482 0
-0.0239355 0.00918918 0 -0.0256493 0.00895818 0 -0.0273145 0.00868984 0 -0.0289233
0.00838129 0 -0.0304675 0.00802919 0 -0.0319381 0.00762997 0 -0.0333257 0.00718012
0 -0.0346204 0.0066764 0 -0.0358117 0.00611606 0 -0.0368885 0.00549701 0
-0.0378396 0.00481805 0 -0.0386538 0.00407909 0 -0.0393197 0.00328126 0 -0.0398266
0.0024272 0 -0.0401641 0.00152111 0 -0.0403231 0.000568935 0 -0.0402955 -0.000421595
0 -0.040075 -0.00144097 0 -0.0396573 -0.00247796 0 -0.0390406 -0.00351975 0
-0.0382257 -0.00455223 0 -0.0372161 -0.00556028 0 -0.0360189 -0.00652822 0 -0.0346441
-0.00744024 0 -0.0331051 -0.00828093 0 -0.0314182 -0.00903583 0 -0.0296028 -0.0096919
0 -0.0276805 -0.010238 0 -0.0256749 -0.0106652 0 -0.023611 -0.0109672 0
-0.0215146 -0.0111402 0 -0.0194115 -0.0111829 0 -0.017327 -0.0110965 0 -0.0152854
-0.010884 0 -0.0133094 -0.0105499 0 -0.0114198 -0.0101 0 -0.00963556 -0.00954059
0 -0.00797323 -0.00887826 0 -0.00644741 -0.00812018 0 -0.0050706 -0.00727434 0
-0.00385322 -0.00635064 0 -0.00280341 -0.00536255 0 -0.0019266 -0.00432947 0 -0.00122475
-0.0032798 0 -0.00069515 -0.00225444 0 -0.000328893 -0.00131036 0 -0.00010906 -0.000523657
0 -8.98172e-06 8.79184e-06 0 7.05143e-06 0.000171072 0 -5.51552e-05 0.00168813 0
-0.00064138 0.00441677 0 -0.00164974 0.00656272 0 -0.00297564 0.00820362 0 -0.00451838
0.00942303 0 -0.00621264 0.010301 0 -0.00801144 0.0109089 0 -0.00987952 0.0113076
0 -0.0117906 0.0115466 0 -0.0137252 0.0116647 0 -0.0156683 0.011691 0
-0.0176084 0.0116466 0 -0.0195361 0.0115455 0 -0.0214433 0.0113966 0 -0.0233225
0.0112043 0 -0.0251667 0.0109701 0 -0.0269686 0.0106933 0 -0.0287206 0.0103714
0 -0.0304147 0.0100012 0 -0.0320424 0.00957857 0 -0.0335941 0.00909946 0
-0.0350601 0.0085597 0 -0.0364297 0.00795547 0 -0.0376916 0.00728351 0 -0.0388341
0.00654135 0 -0.039845 0.00572756 0 -0.0407121 0.00484199 0 -0.041423 0.003886
0 -0.0419656 0.00286268 0 -0.0423284 0.00177703 0 -0.042501 0.000636131 0
-0.0424742 -0.000550774 0 -0.0422404 -0.00177227 0 -0.0417943 -0.00301483 0 -0.0411334
-0.00426299 0 -0.0402578 -0.00549966 0 -0.0391712 -0.0067065 0 -0.037881 -0.00786441
0 -0.0363979 -0.00895412 0 -0.0347367 -0.00995685 0 -0.0329157 -0.0108549 0
-0.0309565 -0.0116326 0 -0.0288835 -0.0122762 0 -0.0267235 -0.0127751 0 -0.0245048
-0.0131219 0 -0.0222564 -0.0133124 0 -0.0200076 -0.0133456 0 -0.0177867 -0.0132236
0 -0.0156205 -0.0129509 0 -0.013534 -0.012534 0 -0.0115495 -0.011981 0
-0.00968654 -0.0113005 0 -0.00796209 -0.0105015 0 -0.00639017 -0.00959353 0 -0.00498228
-0.00858692 0 -0.00374735 -0.00749386 0 -0.0026918 -0.00633043 0 -0.00181913 -0.00511917
0 -0.00112924 -0.00389258 0 -0.000617314 -0.002697 0 -0.00027221 -0.00159652 0
-7.44834e-05 -0.000676245 0 6.0233e-06 -4.38108e-05 0 8.74376e-06 0.000173225 0 -5.77566e-05
0.0020229 0 -0.00067134 0.0052522 0 -0.00172637 0.00776555 0 -0.00311271 0.00967165
0 -0.00472431 0.0110792 0 -0.00649249 0.0120877 0 -0.0083681 0.0127837 0
-0.0103145 0.0132391 0 -0.0123047 0.0135115 0 -0.0143188 0.0136457 0 -0.0163417
0.0136749 0 -0.0183619 0.0136228 0 -0.02037 0.0135052 0 -0.0223579 0.013332
0 -0.0243183 0.0131082 0 -0.026244 0.0128352 0 -0.0281277 0.0125121 0
-0.0299616 0.0121361 0 -0.0317375 0.0117032 0 -0.0334465 0.0112087 0 -0.0350789
0.0106479 0 -0.0366243 0.0100159 0 -0.0380714 0.00930814 0 -0.0394082 0.00852077
0 -0.0406222 0.00765083 0 -0.0417003 0.00669651 0 -0.0426288 0.00565751 0
-0.0433943 0.00453527 0 -0.043983 0.00333325 0 -0.0443821 0.0020572 0 -0.0445794
0.000715299 0 -0.0445639 -0.000681641 0 -0.0443267 -0.0021202 0 -0.0438609 -0.00358437
0 -0.0431629 -0.00505574 0 -0.0422319 -0.00651387 0 -0.0410714 -0.00793673 0
-0.0396887 -0.00930131 0 -0.0380956 -0.0105843 0 -0.0363081 -0.011763 0 -0.0343465
-0.0128161 0 -0.032235 -0.0137242 0 -0.0300014 -0.0144712 0 -0.0276758 -0.0150442
0 -0.0252904 -0.0154346 0 -0.0228784 -0.0156377 0 -0.0204728 -0.015653 0
-0.0181057 -0.0154838 0 -0.0158073 -0.0151368 0 -0.0136051 -0.0146211 0 -0.0115234
-0.0139475 0 -0.00958283 -0.0131279 0 -0.00780058 -0.0121745 0 -0.00619011 -0.0110997
0 -0.00476163 -0.00991685 0 -0.00352224 -0.00864075 0 -0.00247612 -0.00729036 0
-0.00162426 -0.00589158 0 -0.000963908 -0.00448112 0 -0.000487386 -0.00311094 0 -0.000180466
-0.00185257 0 -2.01814e-05 -0.000800659 0 2.87745e-05 -7.43277e-05 0 1.11261e-05 0.000185357
0 -5.99563e-05 0.00237164 0 -0.000696642 0.00612231 0 -0.0017912 0.0090178 0
-0.00322897 0.0111991 0 -0.0048995 0.0128011 0 -0.00673134 0.0139442 0 -0.00867351
0.0147305 0 -0.0106883 0.0152438 0 -0.0127479 0.0155505 0 -0.0148324 0.0157014
0 -0.0169265 0.015734 0 -0.0190188 0.0156748 0 -0.0211 0.0155415 0
-0.0231623 0.0153448 0 -0.0251984 0.0150903 0 -0.0272013 0.0147794 0 -0.0291636
0.0144109 0 -0.0310776 0.0139813 0 -0.0329349 0.0134862 0 -0.0347265 0.0129202
0 -0.0364423 0.0122775 0 -0.0380715 0.0115524 0 -0.0396023 0.0107398 0
-0.0410219 0.0098348 0 -0.0423168 0.00883389 0 -0.0434728 0.00773471 0 -0.0444749
0.00653659 0 -0.045308 0.00524088 0 -0.0459568 0.00385128 0 -0.0464062 0.00237413
0 -0.0466421 0.000818694 0 -0.0466514 -0.00080267 0 -0.0464231 -0.00247442 0
-0.0459486 -0.00417783 0 -0.0452224 -0.00589124 0 -0.0442427 -0.00759041 0 -0.0430122
-0.00924911 0 -0.0415384 -0.0108398 0 -0.0398335 -0.0123344 0 -0.037915 -0.0137057
0 -0.0358054 -0.0149278 0 -0.0335318 -0.0159776 0 -0.0311251 -0.0168355 0
-0.0286196 -0.0174862 0 -0.0260518 -0.0179195 0 -0.0234595 -0.0181302 0 -0.0208804
-0.0181185 0 -0.0183511 -0.0178892 0 -0.015906 -0.0174516 0 -0.0135759 -0.016818
0 -0.0113877 -0.0160032 0 -0.0093639 -0.0150231 0 -0.00752195 -0.0138939 0
-0.00587487 -0.0126322 0 -0.00443137 -0.0112544 0 -0.00319634 -0.00977895 0 -0.00217116
-0.00822797 0 -0.00135367 -0.00663091 0 -0.000737692 -0.00502896 0 -0.000311919 -0.00347995
0 -5.81316e-05 -0.0020633 0 5.14371e-05 -0.00088396 0 5.83435e-05 -7.37059e-05 0
1.4037e-05 0.000211118 0 -6.18313e-05 0.00273224 0 -0.000718151 0.00702184 0 -0.00184637
0.0103121 0 -0.00332811 0.0127774 0 -0.00504933 0.0145798 0 -0.00693632 0.0158611
0 -0.0089366 0.0167401 0 -0.0110115 0.0173131 0 -0.0131329 0.0176553 0
-0.0152805 0.017824 0 -0.0174392 0.0178611 0 -0.0195978 0.0177962 0 -0.0217471
0.0176487 0 -0.0238797 0.0174304 0 -0.0259885 0.0171471 0 -0.0280665 0.0168004
0 -0.0301068 0.0163885 0 -0.0321016 0.0159076 0 -0.0340426 0.0153523 0
-0.0359206 0.0147164 0 -0.0377254 0.0139932 0 -0.0394457 0.0131762 0 -0.0410692
0.0122589 0 -0.0425823 0.0112358 0 -0.0439706 0.0101023 0 -0.0452184 0.00885526
0 -0.0463094 0.00749347 0 -0.0472265 0.00601792 0 -0.0479522 0.00443232 0
-0.0484693 0.00274344 0 -0.048761 0.000961506 0 -0.0488118 -0.000899562 0 -0.048608
-0.002822 0 -0.0481385 -0.00478414 0 -0.0473961 -0.00676067 0 -0.0463773 -0.00872306
0 -0.045084 -0.0106402 0 -0.0435233 -0.0124794 0 -0.041708 -0.0142071 0
-0.039657 -0.0157906 0 -0.0373945 -0.0171989 0 -0.0349505 -0.0184043 0 -0.0323592
-0.0193833 0 -0.029659 -0.0201175 0 -0.0268911 -0.0205947 0 -0.0240983 -0.0208092
0 -0.0213238 -0.0207614 0 -0.0186096 -0.0204583 0 -0.0159951 -0.0199121 0
-0.0135162 -0.0191392 0 -0.0112033 -0.0181593 0 -0.00908133 -0.0169934 0 -0.00716918
-0.0156632 0 -0.00547956 -0.0141899 0 -0.00401972 -0.0125949 0 -0.00279194 -0.0109005
0 -0.00179422 -0.00913258 0 -0.00102049 -0.00732458 0 -0.000460274 -0.00552239 0
-9.76659e-05 -0.00379009 0 9.05254e-05 -0.00221557 0 0.000137921 -0.0009149 0 9.37477e-05
-3.41228e-05 0 1.74585e-05 0.000253666 0 -6.34384e-05 0.00310295 0 -0.00073654 0.00794649
0 -0.00189358 0.0116425 0 -0.00341313 0.0143995 0 -0.00517822 0.0164076 0
-0.00711331 0.0178308 0 -0.00916476 0.0188052 0 -0.0112932 0.0194397 0 -0.0134702
0.0198191 0 -0.0156753 0.0200074 0 -0.0178937 0.020051 0 -0.0201143 0.0199826
0 -0.0223285 0.0198233 0 -0.0245289 0.0195861 0 -0.026709 0.0192771 0
-0.0288622 0.0188978 0 -0.0309817 0.0184461 0 -0.03306 0.0179173 0 -0.035089
0.0173055 0 -0.0370594 0.0166032 0 -0.0389608 0.0158029 0 -0.0407818 0.0148966
0 -0.0425093 0.0138768 0 -0.0441293 0.0127368 0 -0.0456259 0.0114706 0
-0.0469824 0.0100743 0 -0.0481804 0.00854549 0 -0.0492009 0.00688465 0 -0.050024
0.00509518 0 -0.0506297 0.00318406 0 -0.0509982 0.00116234 0 -0.051111 -0.000954526
0 -0.0509514 -0.00314642 0 -0.0505059 -0.00538844 0 -0.0497647 -0.00765117 0
-0.0487227 -0.00990122 0 -0.0473807 -0.012102 0 -0.0457452 -0.0142147 0 -0.0438293
-0.0161998 0 -0.0416526 -0.0180184 0 -0.0392409 -0.0196337 0 -0.0366258 -0.0210125
0 -0.0338447 -0.0221266 0 -0.0309391 -0.0229541 0 -0.0279546 -0.0234801 0
-0.0249391 -0.0236976 0 -0.021942 -0.0236073 0 -0.0190118 -0.0232179 0 -0.0161947
-0.022545 0 -0.0135331 -0.0216098 0 -0.0110631 -0.0204378 0 -0.0088141 -0.0190569
0 -0.00680746 -0.0174954 0 -0.00505671 -0.0157812 0 -0.00356795 -0.0139416 0
-0.00234074 -0.012004 0 -0.00136908 -0.00999898 0 -0.000642045 -0.00796443 0 -0.000143792
-0.00595135 0 0.000147308 -0.00403046 0 0.000260617 -0.00229865 0 0.000236794 -0.000884162
0 0.000134139 5.13094e-05 0 2.13459e-05 0.000315809 0 -6.48171e-05 0.00348233 0
-0.000752313 0.00889269 0 -0.00193414 0.0130039 0 -0.00348637 0.0160594 0 -0.00528964
0.0182781 0 -0.00726698 0.019847 0 -0.00936386 0.0209195 0 -0.0115404 0.021618
0 -0.013768 0.022037 0 -0.0160262 0.0222472 0 -0.0183006 0.0222999 0
-0.0205804 0.0222309 0 -0.0228573 0.0220633 0 -0.0251246 0.0218109 0 -0.0273761
0.0214805 0 -0.0296057 0.0210731 0 -0.031807 0.0205864 0 -0.0339729 0.020015
0 -0.0360956 0.0193518 0 -0.0381658 0.0185885 0 -0.0401733 0.017716 0
-0.0421062 0.0167251 0 -0.0439513 0.015607 0 -0.0456934 0.014353 0 -0.0473159
0.0129561 0 -0.0488003 0.0114106 0 -0.0501266 0.009713 0 -0.0512733 0.00786262
0 -0.0522178 0.00586227 0 -0.052937 0.00371888 0 -0.053408 0.00144418 0
-0.0536091 -0.000944818 0 -0.0535204 -0.00342548 0 -0.0531257 -0.00596928 0 -0.0524129
-0.00854221 0 -0.0513752 -0.0111054 0 -0.0500122 -0.0136162 0 -0.0483297 -0.0160292
0 -0.0463403 -0.0182982 0 -0.0440631 -0.0203777 0 -0.0415238 -0.0222246 0
-0.0387543 -0.0237996 0 -0.0357923 -0.0250694 0 -0.0326811 -0.0260072 0 -0.0294692
-0.0265944 0 -0.0262092 -0.0268216 0 -0.0229566 -0.0266889 0 -0.0197681 -0.0262057
0 -0.016699 -0.0253909 0 -0.013801 -0.0242709 0 -0.0111195 -0.0228783 0
-0.00869116 -0.0212489 0 -0.00654299 -0.0194203 0 -0.00469129 -0.0174291 0 -0.00314214
-0.0153106 0 -0.00189265 -0.013099 0 -0.000932294 -0.0108309 0 -0.000244217 -0.00854951
0 0.000194168 -0.00631141 0 0.000411783 -0.00419442 0 0.000445665 -0.00230503 0
0.000344929 -0.000784579 0 0.000178494 0.000188095 0 2.56314e-05 0.000399915 0 -6.59932e-05
0.00386916 0 -0.000765828 0.00985743 0 -0.00196899 0.0143921 0 -0.00354953 0.0177523
0 -0.00538618 0.0201863 0 -0.00740084 0.0219044 0 -0.00953833 0.0230781 0
-0.0117585 0.0238434 0 -0.0140326 0.0243046 0 -0.0163405 0.0245397 0 -0.018668
0.024605 0 -0.0210049 0.0245391 0 -0.0233434 0.0243675 0 -0.0256773 0.0241049
0 -0.0280011 0.0237582 0 -0.0303092 0.0233288 0 -0.0325959 0.0228135 0
-0.0348545 0.0222061 0 -0.0370776 0.0214986 0 -0.0392563 0.0206812 0 -0.0413804
0.0197437 0 -0.043438 0.018675 0 -0.0454155 0.0174646 0 -0.0472971 0.0161021
0 -0.0490651 0.0145784 0 -0.0506994 0.0128859 0 -0.0521781 0.0110195 0
-0.0534772 0.00897703 0 -0.0545715 0.00676026 0 -0.0554346 0.00437584 0 -0.0560406
0.00183609 0 -0.0563646 -0.000840291 0 -0.0563841 -0.00362784 0 -0.0560803 -0.00649393
0 -0.0554398 -0.00939947 0 -0.0544545 -0.0122996 0 -0.0531227 -0.0151453 0
-0.0514491 -0.0178844 0 -0.0494442 -0.0204642 0 -0.0471245 -0.0228328 0 -0.044512
-0.0249406 0 -0.0416348 -0.0267424 0 -0.038527 -0.0281985 0 -0.0352297 -0.0292763
0 -0.0317912 -0.0299515 0 -0.0282671 -0.0302099 0 -0.0247193 -0.0300484 0
-0.021214 -0.0294758 0 -0.0178191 -0.0285125 0 -0.0146005 -0.0271898 0 -0.0116178
-0.0255481 0 -0.0089211 -0.0236336 0 -0.00654773 -0.0214954 0 -0.00452074 -0.0191821
0 -0.00284879 -0.0167401 0 -0.00152757 -0.0142137 0 -0.000541823 -0.0116473 0
0.000132495 -0.00909074 0 0.000526611 -0.00660724 0 0.000678887 -0.00428214 0 0.000636064
-0.00223206 0 0.00045776 -0.000612256 0 0.000225322 0.000379815 0 3.02339e-05 0.000507743
0 -6.69804e-05 0.00426235 0 -0.000777311 0.0108381 0 -0.00199877 0.0158034 0
-0.0036038 0.0194738 0 -0.00546961 0.0221275 0 -0.00751731 0.0239984 0 -0.00969126
0.0252766 0 -0.0119512 0.0261118 0 -0.0142684 0.0266187 0 -0.0166231 0.0268823
0 -0.0190015 0.0269641 0 -0.0213939 0.026906 0 -0.0237933 0.0267356 0
-0.0261941 0.0264686 0 -0.0285915 0.0261124 0 -0.0309808 0.025668 0 -0.0333568
0.0251318 0 -0.0357137 0.0244969 0 -0.0380445 0.0237538 0 -0.0403409 0.0228916
0 -0.042593 0.0218981 0 -0.0447891 0.0207607 0 -0.0469152 0.0194666 0
-0.0489551 0.0180033 0 -0.0508901 0.0163593 0 -0.0526989 0.0145247 0 -0.0543575
0.0124921 0 -0.0558397 0.0102574 0 -0.0571177 0.00782128 0 -0.0581624 0.00518982
0 -0.0589452 0.00237601 0 -0.0594392 -0.000599415 0 -0.0596206 -0.00370735 0
-0.0594696 -0.00691083 0 -0.0589725 -0.0101651 0 -0.0581213 -0.0134193 0 -0.0569132
-0.0166182 0 -0.0553502 -0.0197043 0 -0.053438 -0.0226193 0 -0.0511858 -0.0253064
0 -0.0486057 -0.0277109 0 -0.0457148 -0.0297817 0 -0.0425364 -0.031472 0
-0.0391025 -0.0327409 0 -0.0354563 -0.0335555 0 -0.0316531 -0.0338927 0 -0.0277607
-0.0337417 0 -0.0238572 -0.0331061 0 -0.0200278 -0.0320051 0 -0.0163593 -0.0304731
0 -0.0129344 -0.0285585 0 -0.00982495 -0.0263199 0 -0.0070872 -0.0238214 0
-0.00475779 -0.0211286 0 -0.00285287 -0.0183041 0 -0.0013692 -0.0154063 0 -0.000287063
-0.0124913 0 0.000426018 -0.00961823 0 0.000812468 -0.00685807 0 0.000923244 -0.00430442
0 0.000817438 -0.00208451 0 0.00056842 -0.000368196 0 0.000272374 0.000627307 0
3.50458e-05 0.000640177 0 -6.77813e-05 0.00466089 0 -0.000786877 0.0118323 0 -0.00202381
0.0172346 0 -0.00364983 0.0212203 0 -0.00554101 0.0240978 0 -0.00761787 0.0261253
0 -0.00982455 0.0275114 0 -0.0121207 0.02842 0 -0.014478 0.0289762 0
-0.0168769 0.0292725 0 -0.0193042 0.0293755 0 -0.0217508 0.0293307 0 -0.0242105
0.0291675 0 -0.0266786 0.028903 0 -0.0291511 0.0285449 0 -0.0316241 0.0280941
0 -0.0340936 0.0275464 0 -0.0365544 0.0268939 0 -0.0390004 0.026126 0
-0.041424 0.02523 0 -0.0438159 0.0241922 0 -0.0461648 0.0229977 0 -0.0484567
0.0216312 0 -0.0506752 0.0200778 0 -0.0528008 0.0183231 0 -0.0548112 0.0163544
0 -0.0566809 0.0141617 0 -0.0583821 0.0117388 0 -0.0598848 0.00908478 0
-0.0611587 0.00620557 0 -0.062174 0.00311531 0 -0.0629039 -0.000162496 0 -0.0633259
-0.00359439 0 -0.0634226 -0.00713823 0 -0.0631824 -0.0107436 0 -0.0625984 -0.0143544
0 -0.0616668 -0.0179113 0 -0.0603842 -0.021354 0 -0.0587457 -0.0246228 0
-0.0567449 -0.027659 0 -0.054374 -0.0304055 0 -0.0516277 -0.0328059 0 -0.0485073
-0.0348054 0 -0.0450261 -0.0363515 0 -0.0412145 -0.0373969 0 -0.0371231 -0.0379026
0 -0.0328243 -0.0378426 0 -0.028411 -0.037208 0 -0.0239919 -0.0360106 0
-0.0196846 -0.0342841 0 -0.0156062 -0.0320838 0 -0.0118639 -0.0294823 0 -0.00854514
-0.026564 0 -0.00571152 -0.0234177 0 -0.00339488 -0.0201299 0 -0.00159809 -0.0167805
0 -0.000298652 -0.0134434 0 0.000545796 -0.0101912 0 0.000992052 -0.00710519 0
0.00110788 -0.0042881 0 0.000969041 -0.00187832 0 0.000667027 -6.0678e-05 0 0.000316347
0.000927324 0 3.99064e-05 0.000796783 0 -6.83904e-05 0.00506383 0 -0.000794537 0.0128377
0 -0.00204421 0.0186825 0 -0.00368787 0.0229881 0 -0.00560078 0.0260935 0
-0.00770314 0.0282812 0 -0.00993898 0.0297789 0 -0.0122681 0.0307648 0 -0.0146624
0.0313744 0 -0.017103 0.0317082 0 -0.0195771 0.0318377 0 -0.0220766 0.0318122
0 -0.0245959 0.0316632 0 -0.0271315 0.031409 0 -0.0296802 0.0310579 0
-0.0322395 0.0306105 0 -0.034806 0.030062 0 -0.037376 0.0294037 0 -0.0399444
0.0286235 0 -0.0425046 0.0277074 0 -0.0450481 0.0266392 0 -0.0475643 0.0254019
0 -0.0500398 0.0239776 0 -0.0524582 0.0223482 0 -0.0548 0.0204963 0
-0.0570422 0.018406 0 -0.0591587 0.0160644 0 -0.061121 0.0134631 0 -0.0628991
0.0106 0 -0.0644632 0.00748165 0 -0.0657862 0.00412451 0 -0.066845 0.000556255
0 -0.0676232 -0.00318437 0 -0.0681102 -0.00704931 0 -0.0683001 -0.0109834 0
-0.0681889 -0.014928 0 -0.0677694 -0.0188246 0 -0.067027 -0.0226164 0 -0.065937
-0.0262486 0 -0.0644637 -0.0296672 0 -0.0625647 -0.0328165 0 -0.0601965 -0.0356364
0 -0.0573238 -0.0380615 0 -0.0539288 -0.0400223 0 -0.0500195 -0.0414483 0
-0.0456364 -0.0422742 0 -0.0408552 -0.0424469 0 -0.0357865 -0.0419337 0 -0.0305698
-0.0407287 0 -0.0253646 -0.0388578 0 -0.0203379 -0.0363796 0 -0.0156491 -0.0333823
0 -0.0114352 -0.0299756 0 -0.00779904 -0.0262809 0 -0.00480166 -0.0224194 0
-0.0024608 -0.0185043 0 -0.000755061 -0.0146368 0 0.000368152 -0.0109104 0 0.000983779
-0.00742109 0 0.00118122 -0.00428304 0 0.00106263 -0.0016456 0 0.000740326 0.000291656
0 0.000352944 0.00127083 0 4.45384e-05 0.000975232 0 -6.87923e-05 0.00547015 0
-0.000800226 0.0138521 0 -0.00205988 0.0201442 0 -0.0037178 0.0247739 0 -0.00564883
0.028111 0 -0.00777301 0.0304627 0 -0.0100344 0.0320758 0 -0.0123931 0.0331429
0 -0.0148214 0.0338106 0 -0.0173009 0.0341868 0 -0.0198196 0.0343488 0
-0.0223701 0.0343493 0 -0.0249481 0.0342222 0 -0.0275507 0.0339871 0 -0.0301764
0.0336528 0 -0.0328234 0.0332198 0 -0.0354902 0.0326829 0 -0.038174 0.0320323
0 -0.0408713 0.0312546 0 -0.0435767 0.0303339 0 -0.0462832 0.0292522 0
-0.0489812 0.0279897 0 -0.0516583 0.0265256 0 -0.0542989 0.0248386 0 -0.056884
0.0229079 0 -0.0593913 0.0207143 0 -0.0617955 0.0182421 0 -0.0640693 0.0154812
0 -0.0661856 0.0124295 0 -0.0681197 0.00909583 0 -0.0698518 0.00550112 0
-0.0713695 0.00167947 0 -0.0726692 -0.00232352 0 -0.0737531 -0.0064544 0 -0.0746247
-0.0106563 0 -0.0752825 -0.0148748 0 -0.0757109 -0.0190606 0 -0.0758735 -0.0231716
0 -0.0757097 -0.0271687 0 -0.075137 -0.0310114 0 -0.0740579 -0.0346505 0
-0.0723726 -0.0380227 0 -0.0699928 -0.0410479 0 -0.0668564 -0.0436306 0 -0.0629399
-0.045665 0 -0.0582679 -0.0470446 0 -0.0529177 -0.0476731 0 -0.0470193 -0.0474778
0 -0.0407496 -0.0464207 0 -0.0343216 -0.0445081 0 -0.0279678 -0.0417948 0
-0.0219204 -0.0383833 0 -0.0163889 -0.0344142 0 -0.0115404 -0.0300526 0 -0.00748512
-0.0254701 0 -0.00427028 -0.0208293 0 -0.00188371 -0.0162746 0 -0.000264066 -0.0119321
0 0.000685441 -0.00792058 0 0.00108395 -0.00436916 0 0.00106464 -0.00143903 0
0.00077281 0.000656981 0 0.000377266 0.00164156 0 4.86977e-05 0.00117087 0 -6.89689e-05
0.00587882 0 -0.00080381 0.0148732 0 -0.00207054 0.0216165 0 -0.00373922 0.0265741
0 -0.0056846 0.0301466 0 -0.00782679 0.032666 0 -0.0101101 0.0343984 0
-0.0124947 0.0355512 0 -0.0149536 0.0362817 0 -0.0174689 0.0367059 0 -0.0200294
0.0369066 0 -0.0226287 0.0369404 0 -0.0252634 0.0368436 0 -0.0279321 0.0366371
0 -0.0306342 0.0363304 0 -0.0333699 0.0359241 0 -0.0361387 0.0354125 0
-0.0389398 0.0347847 0 -0.0417714 0.0340263 0 -0.0446298 0.0331194 0 -0.0475096
0.0320438 0 -0.0504032 0.0307772 0 -0.0532996 0.0292957 0 -0.0561852 0.0275746
0 -0.0590427 0.0255896 0 -0.0618518 0.0233187 0 -0.0645904 0.0207441 0
-0.0672362 0.0178555 0 -0.0697694 0.0146534 0 -0.0721765 0.0111516 0 -0.0744535
0.00737923 0 -0.0766072 0.00337947 0 -0.0786554 -0.000794289 0 -0.0806194 -0.00508451
0 -0.0825142 -0.00944121 0 -0.0843364 -0.0138262 0 -0.0860505 -0.0182138 0
-0.0875813 -0.0225931 0 -0.0888109 -0.0269554 0 -0.0895869 -0.0312839 0 -0.0897357
-0.0355406 0 -0.0890829 -0.0396568 0 -0.0874736 -0.0435298 0 -0.0847915 -0.0470256
0 -0.0809748 -0.0499874 0 -0.0760275 -0.0522492 0 -0.0700255 -0.0536524 0
-0.0631174 -0.0540643 0 -0.0555197 -0.0533957 0 -0.0475054 -0.051616 0 -0.0393861
-0.048764 0 -0.0314867 -0.0449504 0 -0.0241154 -0.0403496 0 -0.0175328 -0.0351821
0 -0.0119265 -0.0296894 0 -0.00739668 -0.0241069 0 -0.00395538 -0.0186449 0
-0.00153845 -0.0134817 0 -2.51521e-05 -0.00877128 0 0.000740891 -0.0046648 0 0.000935422
-0.00133692 0 0.000746852 0.000987496 0 0.000384096 0.00201477 0 5.225e-05 0.00137653
0 -6.88972e-05 0.00628869 0 -0.000805114 0.0158983 0 -0.0020758 0.0230961 0
-0.00375149 0.0283849 0 -0.0057072 0.0321964 0 -0.00786328 0.0348873 0 -0.0101643
0.036743 0 -0.012571 0.0379859 0 -0.0150566 0.0387842 0 -0.017604 0.0392622
0 -0.0202029 0.0395083 0 -0.0228479 0.039583 0 -0.0255367 0.0395253 0
-0.0282691 0.0393577 0 -0.0310463 0.0390903 0 -0.0338699 0.0387241 0 -0.0367413
0.0382527 0 -0.0396618 0.0376648 0 -0.0426313 0.0369444 0 -0.0456487 0.0360721
0 -0.0487109 0.0350256 0 -0.0518125 0.0337798 0 -0.0549455 0.032308 0
-0.0580989 0.0305822 0 -0.0612589 0.0285754 0 -0.0644101 0.0262634 0 -0.0675367
0.0236283 0 -0.0706263 0.0206626 0 -0.0736737 0.0173733 0 -0.0766854 0.0137845
0 -0.0796833 0.00993796 0 -0.0827045 0.00588888 0 -0.085795 0.00169707 0
-0.0890007 -0.00258397 0 -0.0923468 -0.00692136 0 -0.0958139 -0.0113155 0 -0.0993276
-0.0157844 0 -0.10275 -0.020373 0 -0.10588 -0.0251158 0 -0.108473 -0.0300302
0 -0.110262 -0.035089 0 -0.110986 -0.0402112 0 -0.11042 -0.0452594 0
-0.108389 -0.0500454 0 -0.104791 -0.0543437 0 -0.0996069 -0.0579102 0 -0.0929056
-0.0605041 0 -0.0848475 -0.0619119 0 -0.075682 -0.0619707 0 -0.065739 -0.0605906
0 -0.0554128 -0.0577738 0 -0.0451349 -0.0536251 0 -0.035337 -0.0483487 0
-0.0264075 -0.0422295 0 -0.0186494 -0.0355997 0 -0.0122506 -0.0287978 0 -0.00727346
-0.0221326 0 -0.00366524 -0.0158635 0 -0.00128345 -0.0102018 0 7.25354e-05 -0.00533232
0 0.000633577 -0.0014475 0 0.000645039 0.00121735 0 0.0003689 0.00235665 0
5.52744e-05 0.00158266 0 -6.8552e-05 0.00669853 0 -0.000803927 0.0169247 0 -0.00207519
0.0245793 0 -0.00375382 0.0302024 0 -0.0057155 0.0342562 0 -0.007881 0.0371222
0 -0.0101953 0.0391054 0 -0.0126194 0.0404428 0 -0.0151273 0.0413142 0
-0.0177025 0.0418518 0 -0.0203356 0.0421501 0 -0.0230222 0.0422738 0 -0.0257612
0.0422645 0 -0.028554 0.0421465 0 -0.0314032 0.0419308 0 -0.0343124 0.0416188
0 -0.0372852 0.041204 0 -0.0403248 0.0406744 0 -0.0434341 0.0400129 0
-0.0466144 0.0391988 0 -0.0498657 0.0382075 0 -0.053186 0.0370118 0 -0.0565711
0.0355822 0 -0.0600144 0.0338884 0 -0.0635082 0.0319016 0 -0.0670447 0.0295977
0 -0.0706198 0.0269623 0 -0.0742378 0.0239953 0 -0.0779168 0.0207163 0
-0.0816946 0.0171665 0 -0.0856308 0.0134056 0 -0.0898028 0.00950183 0 -0.0942921
0.00551565 0 -0.0991631 0.00147938 0 -0.104441 -0.00261495 0 -0.110071 -0.00681789
0 -0.115912 -0.0112339 0 -0.121733 -0.0159884 0 -0.127225 -0.0211652 0
-0.132039 -0.026823 0 -0.135806 -0.0329358 0 -0.138186 -0.0393962 0 -0.138886
-0.0460155 0 -0.137684 -0.0525355 0 -0.134441 -0.0586469 0 -0.129109 -0.0640123
0 -0.121744 -0.068293 0 -0.112502 -0.0711761 0 -0.101645 -0.072403 0
-0.089541 -0.0717975 0 -0.0766542 -0.0692956 0 -0.0635213 -0.0649696 0 -0.0507141
-0.0590351 0 -0.0387827 -0.0518408 0 -0.028192 -0.0438278 0 -0.0192677 -0.035472
0 -0.0121654 -0.0272249 0 -0.00687212 -0.0194697 0 -0.0032345 -0.0125092 0
-0.0010041 -0.00658358 0 0.000118257 -0.00191145 0 0.000451758 0.00126175 0 0.000328637
0.0026247 0 5.82033e-05 0.00177803 0 -6.79066e-05 0.00710699 0 -0.000800024 0.0179496
0 -0.00206818 0.0260624 0 -0.00374534 0.0320221 0 -0.00570822 0.0363214 0
-0.00787821 0.0393661 0 -0.0102007 0.0414807 0 -0.0126373 0.0429173 0 -0.0151624
0.0438668 0 -0.0177602 0.04447 0 -0.0204222 0.0448275 0 -0.0231451 0.0450081
0 -0.0259292 0.0450567 0 -0.0287773 0.0449994 0 -0.031694 0.0448484 0
-0.0346846 0.0446056 0 -0.0377551 0.0442647 0 -0.0409116 0.0438132 0 -0.0441595
0.0432335 0 -0.0475038 0.0425034 0 -0.0509482 0.041597 0 -0.0544951 0.040485
0 -0.0581454 0.0391363 0 -0.0618992 0.0375195 0 -0.0657575 0.0356062 0
-0.0697249 0.0333762 0 -0.0738151 0.0308233 0 -0.0780574 0.0279626 0 -0.082504
0.0248344 0 -0.0872359 0.0215046 0 -0.0923614 0.0180547 0 -0.098005 0.0145629
0 -0.104283 0.0110764 0 -0.111267 0.00758376 0 -0.118942 0.00399967 0
-0.127198 0.000174485 0 -0.135811 -0.00410086 0 -0.144414 -0.00900951 0 -0.152577
-0.0147326 0 -0.159854 -0.0213599 0 -0.165786 -0.0288391 0 -0.169974 -0.0370165
0 -0.172085 -0.0456356 0 -0.171862 -0.0543569 0 -0.169136 -0.0627793 0
-0.163829 -0.0704656 0 -0.155968 -0.0769708 0 -0.145683 -0.0818723 0 -0.133219
-0.0847985 0 -0.118942 -0.0854592 0 -0.103347 -0.083686 0 -0.0870502 -0.0794759
0 -0.0707603 -0.073016 0 -0.0552126 -0.0646982 0 -0.0410836 -0.0550772 0
-0.0289027 -0.0447997 0 -0.0189849 -0.0345134 0 -0.0114079 -0.0247865 0 -0.00603577
-0.0160664 0 -0.00257661 -0.00868482 0 -0.000651033 -0.00290418 0 0.00015412 0.00101737
0 0.000261992 0.00276898 0 6.18711e-05 0.0019508 0 -6.6936e-05 0.00751258 0
-0.000793185 0.0189695 0 -0.00205427 0.0275409 0 -0.00372517 0.0338392 0 -0.00568406
0.0383868 0 -0.00785313 0.0416138 0 -0.0101783 0.0438637 0 -0.0126215 0.0454038
0 -0.0151579 0.0464365 0 -0.0177723 0.0471111 0 -0.020457 0.0475346 0
-0.0232098 0.0477803 0 -0.0260324 0.0478962 0 -0.0289291 0.0479108 0 -0.0319064
0.0478376 0 -0.034972 0.0476794 0 -0.0381342 0.0474305 0 -0.0414021 0.0470782
0 -0.0447846 0.0466046 0 -0.0482906 0.0459869 0 -0.0519284 0.0451983 0
-0.0557058 0.0442085 0 -0.0596308 0.042986 0 -0.0637125 0.0415004 0 -0.0679642
0.0397277 0 -0.0724083 0.0376564 0 -0.0770833 0.0352966 0 -0.082053 0.0326872
0 -0.0874147 0.0298994 0 -0.0933029 0.0270304 0 -0.0998808 0.0241836 0
-0.107318 0.0214352 0 -0.115751 0.0187945 0 -0.125233 0.0161709 0 -0.135692
0.0133626 0 -0.146906 0.0100736 0 -0.158494 0.00598128 0 -0.169994 0.000802936
0 -0.180902 -0.00569142 0 -0.190648 -0.0135532 0 -0.198718 -0.0227368 0
-0.204706 -0.0330092 0 -0.208271 -0.0440314 0 -0.209143 -0.0553813 0 -0.207128
-0.0665695 0 -0.202116 -0.0770628 0 -0.194089 -0.0863138 0 -0.183128 -0.0937919
0 -0.169422 -0.0990079 0 -0.153282 -0.101535 0 -0.135166 -0.101057 0
-0.115713 -0.0974399 0 -0.0957233 -0.0907717 0 -0.076115 -0.0814361 0 -0.0578134
-0.0700758 0 -0.0416273 -0.0575269 0 -0.0281246 -0.0446907 0 -0.0175598 -0.0324013
0 -0.00987156 -0.0213311 0 -0.00474713 -0.0119645 0 -0.00172036 -0.0046406 0
-0.000262758 0.000359616 0 0.000168464 0.00273197 0 6.72957e-05 0.00208952 0 -6.56192e-05
0.00791372 0 -0.000783214 0.0199811 0 -0.00203297 0.0290105 0 -0.00369248 0.0356487
0 -0.00564179 0.040447 0 -0.00780404 0.0438594 0 -0.0101257 0.0462484 0
-0.0125693 0.0478962 0 -0.0151102 0.0490169 0 -0.0177341 0.0497685 0 -0.0204341
0.0502645 0 -0.023209 0.050583 0 -0.0260619 0.0507755 0 -0.0289987 0.0508729
0 -0.0320278 0.0508907 0 -0.0351592 0.0508328 0 -0.0384042 0.0506942 0
-0.0417749 0.0504629 0 -0.0452841 0.0501212 0 -0.0489451 0.0496464 0 -0.0527718
0.0490114 0 -0.0567789 0.0481867 0 -0.0609829 0.0471424 0 -0.0654049 0.0458526
0 -0.0700745 0.0443022 0 -0.0750374 0.0424961 0 -0.0803646 0.0404698 0
-0.0861634 0.0382971 0 -0.0925849 0.036089 0 -0.099822 0.0339771 0 -0.108091
0.0320785 0 -0.117592 0.0304438 0 -0.128453 0.0290054 0 -0.14067 0.0275454
0 -0.154065 0.0257026 0 -0.168279 0.0230245 0 -0.182799 0.0190544 0
-0.197036 0.0134046 0 -0.210371 0.00586937 0 -0.222261 -0.00356593 0 -0.23222
-0.0147723 0 -0.239818 -0.0274585 0 -0.244763 -0.0411921 0 -0.246794 -0.0554841
0 -0.245702 -0.0697735 0 -0.241341 -0.0834494 0 -0.233634 -0.0958796 0
-0.222587 -0.106441 0 -0.208303 -0.114538 0 -0.190996 -0.119603 0 -0.170989
-0.121134 0 -0.148855 -0.118803 0 -0.125383 -0.112499 0 -0.101624 -0.102506
0 -0.0787453 -0.0894792 0 -0.0579004 -0.0744223 0 -0.0400236 -0.0585335 0
-0.0256759 -0.0430083 0 -0.0149773 -0.0288602 0 -0.00765127 -0.0168265 0 -0.00315403
-0.00738441 0 -0.00081939 -0.000858155 0 4.60616e-05 0.00244903 0 7.61376e-05 0.00218366
0 -6.39403e-05 0.00830874 0 -0.000769952 0.0209805 0 -0.0020039 0.030466 0
-0.00364657 0.0374449 0 -0.00558033 0.0424961 0 -0.00772941 0.0460967 0 -0.0100409
0.0486281 0 -0.0124777 0.0503876 0 -0.0150158 0.0516007 0 -0.0176412 0.0524345
0 -0.0203479 0.053009 0 -0.0231357 0.0534075 0 -0.026009 0.0536854 0
-0.0289753 0.0538761 0 -0.0320451 0.0539975 0 -0.0352306 0.0540551 0 -0.0385461
0.0540453 0 -0.0420072 0.0539572 0 -0.0456308 0.0537739 0 -0.0494354 0.0534737
0 -0.053441 0.053031 0 -0.0576704 0.0524185 0 -0.0621508 0.0516111 0
-0.0669178 0.0505915 0 -0.0720217 0.0493601 0 -0.0775365 0.0479472 0 -0.0835723
0.0464244 0 -0.0902864 0.0449105 0 -0.097887 0.0435624 0 -0.106623 0.0425422
0 -0.116748 0.04196 0 -0.128465 0.0418031 0 -0.141852 0.0418764 0
-0.1568 0.0417833 0 -0.172988 0.0409672 0 -0.1899 0.0388072 0 -0.206895
0.0347396 0 -0.223298 0.0283599 0 -0.238475 0.0194948 0 -0.251899 0.00818119
0 -0.263177 -0.00531194 0 -0.271976 -0.0206084 0 -0.278067 -0.0372019 0
-0.281236 -0.0545767 0 -0.28127 -0.0721308 0 -0.277993 -0.0892057 0 -0.271235
-0.105109 0 -0.260873 -0.119128 0 -0.246899 -0.130581 0 -0.22947 -0.138823
0 -0.208662 -0.143148 0 -0.18489 -0.142991 0 -0.158757 -0.137915 0
-0.131327 -0.127981 0 -0.103923 -0.113704 0 -0.0780561 -0.0961645 0 -0.0551264
-0.0768477 0 -0.0361698 -0.0573986 0 -0.0216612 -0.0393234 0 -0.0114804 -0.0237695
0 -0.00505046 -0.0114634 0 -0.00155466 -0.00282159 0 -0.000114423 0.00183911 0
8.9312e-05 0.0022179 0 -6.18898e-05 0.00869588 0 -0.000753297 0.0219641 0 -0.0019668
0.0319026 0 -0.00358695 0.0392219 0 -0.00549886 0.0445276 0 -0.00762803 0.0483189
0 -0.00992215 0.0509959 0 -0.0123445 0.0528704 0 -0.0148714 0.0541797 0
-0.0174895 0.0551001 0 -0.0201932 0.0557585 0 -0.0229833 0.0562436 0 -0.0258654
0.0566146 0 -0.0288487 0.0569084 0 -0.0319454 0.0571453 0 -0.0351705 0.057333
0 -0.0385408 0.0574698 0 -0.0420757 0.0575466 0 -0.0457967 0.0575484 0
-0.0497275 0.0574554 0 -0.0538953 0.0572452 0 -0.0583321 0.0568953 0 -0.0630772
0.0563888 0 -0.0681834 0.0557227 0 -0.0737247 0.0549206 0 -0.0798079 0.0540475
0 -0.086586 0.0532216 0 -0.0942675 0.0526147 0 -0.103114 0.052429 0
-0.113415 0.0528415 0 -0.125435 0.0539216 0 -0.139339 0.0555421 0 -0.155105
0.0573241 0 -0.17248 0.0586481 0 -0.19097 0.0587459 0 -0.209909 0.0568485
0 -0.228552 0.0523384 0 -0.246196 0.0448559 0 -0.262252 0.0343318 0
-0.276292 0.0209434 0 -0.288033 0.00505977 0 -0.297316 -0.0128321 0 -0.304109
-0.0322116 0 -0.308252 -0.0526276 0 -0.309566 -0.0734766 0 -0.307886 -0.0940739
0 -0.302904 -0.113667 0 -0.294204 -0.131372 0 -0.281494 -0.146328 0
-0.265125 -0.158065 0 -0.244945 -0.165832 0 -0.221111 -0.168802 0 -0.193808
-0.166074 0 -0.16393 -0.157317 0 -0.132759 -0.142687 0 -0.102065 -0.123139
0 -0.073744 -0.100339 0 -0.0494651 -0.0764053 0 -0.0302977 -0.0534984 0
-0.0164932 -0.0334052 0 -0.0075551 -0.0172917 0 -0.00253257 -0.00577111 0 -0.000333502
0.000794537 0 0.0001025 0.00217239 0 -5.94675e-05 0.00907336 0 -0.000733217 0.0229276
0 -0.00192154 0.0333148 0 -0.00351336 0.0409738 0 -0.00539692 0.0465349 0
-0.00749914 0.050519 0 -0.00976831 0.0533439 0 -0.0121681 0.0553362 0 -0.0146749
0.056745 0 -0.0172756 0.0577556 0 -0.0199655 0.0585023 0 -0.022746 0.0590792
0 -0.0256237 0.0595502 0 -0.0286093 0.0599555 0 -0.031717 0.0603186 0
-0.0349637 0.0606497 0 -0.0383697 0.0609497 0 -0.0419576 0.061212 0 -0.0457535
0.0614246 0 -0.0497871 0.0615711 0 -0.0540929 0.0616342 0 -0.0587127 0.0615991
0 -0.0636996 0.0614613 0 -0.0691249 0.0612382 0 -0.0750884 0.0609847 0
-0.0817312 0.0608096 0 -0.0892485 0.0608862 0 -0.097895 0.0614413 0 -0.107972
0.0627122 0 -0.119784 0.0648631 0 -0.13357 0.0678751 0 -0.149407 0.0714492
0 -0.167136 0.0749699 0 -0.186326 0.0775681 0 -0.206312 0.0782755 0
-0.226298 0.0762236 0 -0.245484 0.0708135 0 -0.263184 0.0618016 0 -0.278898
0.0492881 0 -0.292318 0.0336336 0 -0.303296 0.0153491 0 -0.311781 -0.00501297
0 -0.317871 -0.0268956 0 -0.32172 -0.0497696 0 -0.323487 -0.0731092 0
-0.323219 -0.0964182 0 -0.320744 -0.11923 0 -0.315615 -0.140862 0 -0.307045
-0.160298 0 -0.293877 -0.176178 0 -0.275867 -0.187604 0 -0.253835 -0.194465
0 -0.227402 -0.195285 0 -0.197033 -0.189161 0 -0.163708 -0.175607 0
-0.129205 -0.155152 0 -0.0957981 -0.129379 0 -0.065847 -0.100765 0 -0.0412651
-0.0722204 0 -0.0229993 -0.0464575 0 -0.0108626 -0.0253877 0 -0.00385239 -0.0100144
0 -0.000641488 -0.000819619 0 0.00011844 0.00201913 0 -5.66832e-05 0.0094394 0
-0.000709771 0.0238673 0 -0.00186823 0.0346974 0 -0.00342588 0.0426942 0 -0.00527452
0.0485112 0 -0.00734257 0.0526894 0 -0.0095789 0.055664 0 -0.0119474 0.0577762
0 -0.0144245 0.0592867 0 -0.0169974 0.0603902 0 -0.0196617 0.0612283 0
-0.0224193 0.0619012 0 -0.0252777 0.0624773 0 -0.0282491 0.063001 0 -0.0313491
0.063499 0 -0.034597 0.0639849 0 -0.0380155 0.0644628 0 -0.0416312 0.0649294
0 -0.0454743 0.0653767 0 -0.0495802 0.0657934 0 -0.0539913 0.0661694 0
-0.0587594 0.0665008 0 -0.0639517 0.0668001 0 -0.0696584 0.0671112 0 -0.0760048
0.0675276 0 -0.0831641 0.0682097 0 -0.0913681 0.0693888 0 -0.100905 0.0713416
0 -0.112092 0.0743195 0 -0.125219 0.0784338 0 -0.140455 0.0835231 0
-0.157754 0.0890601 0 -0.176788 0.0941564 0 -0.196951 0.0976918 0 -0.217431
0.0985383 0 -0.237358 0.0957999 0 -0.255942 0.088978 0 -0.272591 0.078014
0 -0.286951 0.0632204 0 -0.298895 0.0451504 0 -0.308478 0.0244606 0
-0.315856 0.00179286 0 -0.321175 -0.0222795 0 -0.324742 -0.0469871 0 -0.326729
-0.0719492 0 -0.327084 -0.0968627 0 -0.325772 -0.121423 0 -0.322696 -0.145379
0 -0.317539 -0.168391 0 -0.309432 -0.189252 0 -0.297164 -0.2064 0
-0.279061 -0.217938 0 -0.255724 -0.223258 0 -0.227278 -0.221334 0 -0.194169
-0.210724 0 -0.157795 -0.191145 0 -0.120514 -0.163695 0 -0.0852248 -0.130876
0 -0.0548126 -0.096252 0 -0.0312995 -0.0637211 0 -0.0151896 -0.0363754 0
-0.00562195 -0.0159493 0 -0.00107889 -0.00319771 0 0.000127736 0.00170592 0 -5.35595e-05
0.00979228 0 -0.000683117 0.0247792 0 -0.00180718 0.0360452 0 -0.00332498 0.044377
0 -0.00513219 0.0504494 0 -0.0071588 0.0548224 0 -0.00935426 0.0579479 0
-0.0116825 0.0601811 0 -0.01412 0.0617945 0 -0.0166538 0.0629922 0 -0.0192797
0.0639236 0 -0.022 0.0646948 0 -0.024823 0.0653795 0 -0.0277617 0.0660262
0 -0.0308332 0.0666658 0 -0.0340587 0.0673154 0 -0.0374635 0.067983 0
-0.0410771 0.0686698 0 -0.044934 0.0693725 0 -0.0490752 0.070087 0 -0.0535501
0.0708122 0 -0.0584204 0.0715585 0 -0.0637665 0.0723599 0 -0.0696964 0.0732919
0 -0.0763576 0.0744924 0 -0.0839496 0.076177 0 -0.0927291 0.0786325 0
-0.102999 0.0821711 0 -0.115066 0.0870278 0 -0.12917 0.0932143 0 -0.145378
0.100374 0 -0.163499 0.107708 0 -0.183044 0.114045 0 -0.203258 0.118042
0 -0.223251 0.118481 0 -0.242155 0.114525 0 -0.259277 0.10586 0
-0.274184 0.0926699 0 -0.286711 0.0755089 0 -0.296912 0.0551214 0 -0.304995
0.0322951 0 -0.311243 0.0077616 0 -0.315949 -0.0178639 0 -0.319284 -0.0440954
0 -0.321442 -0.0706003 0 -0.322488 -0.0970756 0 -0.322405 -0.123236 0
-0.321013 -0.148779 0 -0.317981 -0.173298 0 -0.312757 -0.196637 0 -0.304803
-0.218139 0 -0.292821 -0.23603 0 -0.275188 -0.247574 0 -0.251036 -0.251148
0 -0.220836 -0.245491 0 -0.18523 -0.229092 0 -0.14623 -0.20209 0
-0.106877 -0.166487 0 -0.0708739 -0.126061 0 -0.0415916 -0.0859563 0 -0.0207392
-0.0509541 0 -0.00796859 -0.0240637 0 -0.00169065 -0.00660209 0 0.000129587 0.0011562
0 -5.01296e-05 0.0101304 0 -0.000653525 0.0256597 0 -0.00173899 0.0373529 0
-0.00321156 0.0460163 0 -0.00497107 0.0523429 0 -0.00694916 0.0569105 0 -0.00909573
0.060187 0 -0.0113747 0.0625413 0 -0.0137622 0.0642576 0 -0.0162453 0.0655494
0 -0.0188194 0.0665741 0 -0.0214872 0.0674442 0 -0.0242572 0.0682385 0
-0.0271432 0.0690106 0 -0.0301634 0.0697955 0 -0.0333405 0.0706146 0 -0.0367018
0.0714804 0 -0.0402795 0.0723991 0 -0.0441117 0.0733739 0 -0.0482441 0.0744086
0 -0.0527325 0.0755139 0 -0.0576473 0.0767169 0 -0.0630799 0.0780766 0
-0.0691527 0.0797044 0 -0.07603 0.0817853 0 -0.0839273 0.0845884 0 -0.0931108
0.0884474 0 -0.103876 0.0936878 0 -0.116492 0.100492 0 -0.131122 0.108728
0 -0.147718 0.117802 0 -0.165949 0.126627 0 -0.185193 0.133765 0
-0.204615 0.137711 0 -0.223314 0.137236 0 -0.2405 0.13165 0 -0.255621
0.120878 0 -0.268409 0.105373 0 -0.278845 0.0859147 0 -0.287095 0.0634047
0 -0.293433 0.0387158 0 -0.298183 0.0126083 0 -0.301607 -0.0143021 0
-0.304056 -0.0416112 0 -0.305735 -0.0689973 0 -0.306868 -0.0962937 0 -0.307556
-0.123396 0 -0.30777 -0.150232 0 -0.307263 -0.17664 0 -0.305522 -0.202211
0 -0.301721 -0.226253 0 -0.294692 -0.247617 0 -0.283135 -0.265358 0
-0.26545 -0.276057 0 -0.240502 -0.277043 0 -0.208453 -0.266236 0 -0.170511
-0.242393 0 -0.129314 -0.206426 0 -0.0888788 -0.161533 0 -0.0538498 -0.113713
0 -0.0276424 -0.0698231 0 -0.0110008 -0.0349069 0 -0.00251918 -0.0113351 0
0.000119939 0.000273407 0 -4.64407e-05 0.0104523 0 -0.00062139 0.0265053 0 -0.00166453
0.0386162 0 -0.00308701 0.0476063 0 -0.00479301 0.0541851 0 -0.00671584 0.0589463
0 -0.00880575 0.0623728 0 -0.0110264 0.0648471 0 -0.0133537 0.0666647 0
-0.015774 0.068049 0 -0.0182825 0.0691651 0 -0.0208818 0.0701323 0 -0.0235805
0.0710351 0 -0.0263926 0.071932 0 -0.029337 0.0728626 0 -0.0324375 0.0738533
0 -0.0357228 0.0749214 0 -0.0392271 0.0760791 0 -0.0429914 0.0773366 0
-0.0470649 0.0787074 0 -0.0515084 0.0802153 0 -0.0563986 0.0819066 0 -0.0618352
0.0838675 0 -0.0679496 0.0862465 0 -0.0749144 0.0892748 0 -0.0829489 0.0932694
0 -0.0923112 0.0985955 0 -0.103268 0.105566 0 -0.116031 0.114278 0
-0.130674 0.124417 0 -0.147038 0.135135 0 -0.164684 0.145064 0 -0.182911
0.152543 0 -0.200867 0.155973 0 -0.217711 0.154195 0 -0.232769 0.146715
0 -0.245635 0.133722 0 -0.256176 0.115921 0 -0.264478 0.0942836 0
-0.270772 0.0698382 0 -0.275371 0.0435228 0 -0.278618 0.0161184 0 -0.280828
-0.011771 0 -0.282303 -0.0397372 0 -0.283301 -0.0675116 0 -0.284084 -0.0949756
0 -0.284853 -0.122128 0 -0.285745 -0.149067 0 -0.286741 -0.175923 0
-0.287564 -0.20273 0 -0.287543 -0.2292 0 -0.28553 -0.254465 0 -0.279978
-0.276871 0 -0.269075 -0.294135 0 -0.251003 -0.302915 0 -0.224759 -0.29968
0 -0.190657 -0.281761 0 -0.150417 -0.248555 0 -0.107654 -0.201707 0
-0.0677091 -0.147098 0 -0.0359023 -0.0935648 0 -0.0147874 -0.0490434 0 -0.00360174
-0.0177517 0 9.75799e-05 -0.0010516 0 -4.25553e-05 0.0107568 0 -0.000587245 0.0273134
0 -0.001585 0.0398309 0 -0.00295325 0.0491421 0 -0.00460064 0.0559699 0
-0.00646204 0.0609225 0 -0.00848797 0.064497 0 -0.0106417 0.0670888 0 -0.0128985
0.0690048 0 -0.0152441 0.070478 0 -0.0176731 0.0716816 0 -0.0201875 0.0727419
0 -0.0227958 0.073749 0 -0.0255119 0.0747669 0 -0.0283549 0.0758402 0
-0.0313491 0.0770002 0 -0.0345238 0.0782698 0 -0.0379146 0.0796675 0 -0.0415639
0.0812116 0 -0.0455233 0.0829259 0 -0.0498565 0.0848485 0 -0.0546439 0.0870459
0 -0.0599887 0.0896319 0 -0.066025 0.0927912 0 -0.0729242 0.0967968 0
-0.0808956 0.102003 0 -0.090173 0.108788 0 -0.100977 0.117427 0 -0.113453
0.127904 0 -0.127586 0.139707 0 -0.143132 0.151732 0 -0.159587 0.162363
0 -0.176235 0.169772 0 -0.192269 0.172335 0 -0.206949 0.169011 0
-0.21974 0.15953 0 -0.230371 0.144335 0 -0.238822 0.124353 0 -0.245257
0.10072 0 -0.249959 0.0745616 0 -0.253261 0.0468596 0 -0.255488 0.0183935
0 -0.256913 -0.0102629 0 -0.257763 -0.038725 0 -0.258241 -0.0667491 0
-0.258572 -0.0942179 0 -0.259 -0.121142 0 -0.259786 -0.147677 0 -0.261142
-0.174111 0 -0.263108 -0.200782 0 -0.265372 -0.227889 0 -0.267099 -0.255194
0 -0.266813 -0.281639 0 -0.262447 -0.304919 0 -0.251676 -0.321557 0
-0.232565 -0.327102 0 -0.204446 -0.31733 0 -0.167898 -0.29009 0 -0.125523
-0.244704 0 -0.0823889 -0.185539 0 -0.0453404 -0.122485 0 -0.0193271 -0.0669678
0 -0.00496333 -0.0262438 0 6.19566e-05 -0.00294717 0 -3.85526e-05 0.0110429 0
-0.00055177 0.0280817 0 -0.00150195 0.0409939 0 -0.0028128 0.0506195 0 -0.0043974
0.0576921 0 -0.00619207 0.0628329 0 -0.00814741 0.066552 0 -0.0102262 0.0692573
0 -0.0124028 0.0712669 0 -0.014662 0.0728234 0 -0.0169975 0.0741084 0
-0.0194107 0.0752549 0 -0.0219094 0.0763594 0 -0.024507 0.0774911 0 -0.0272224
0.0786999 0 -0.0300795 0.0800223 0 -0.0331079 0.0814871 0 -0.036343 0.0831195
0 -0.0398279 0.084946 0 -0.0436145 0.0870013 0 -0.0477673 0.0893382 0
-0.0523666 0.0920428 0 -0.0575146 0.0952556 0 -0.0633405 0.0991934 0 -0.0700046
0.104163 0 -0.0776939 0.110542 0 -0.0866043 0.118706 0 -0.0969013 0.128872
0 -0.108661 0.140893 0 -0.121799 0.154063 0 -0.136022 0.167044 0
-0.150813 0.178018 0 -0.165495 0.185046 0 -0.179356 0.186533 0 -0.191789
0.181586 0 -0.202398 0.170158 0 -0.211035 0.152923 0 -0.217772 0.131003
0 -0.222833 0.105666 0 -0.226524 0.0781062 0 -0.229156 0.04931 0
-0.230986 0.0200144 0 -0.232186 -0.00926539 0 -0.232866 -0.038178 0 -0.233127
-0.0664761 0 -0.233117 -0.0939946 0 -0.233068 -0.120684 0 -0.233309 -0.146667
0 -0.234224 -0.172285 0 -0.236144 -0.198083 0 -0.239169 -0.224668 0
-0.242923 -0.252421 0 -0.246312 -0.281011 0 -0.247377 -0.308844 0 -0.243431
-0.332591 0 -0.23174 -0.347216 0 -0.210754 -0.346914 0 -0.17993 -0.328249
0 -0.140649 -0.287982 0 -0.0967204 -0.227663 0 -0.0555501 -0.156445 0
-0.0245553 -0.0890675 0 -0.00660431 -0.0371535 0 8.81652e-06 -0.00554654 0 -3.4525e-05
0.0113104 0 -0.000515793 0.028809 0 -0.00141729 0.042103 0 -0.0026688 0.0520353
0 -0.00418762 0.0593476 0 -0.00591135 0.064672 0 -0.00779048 0.0685308 0
-0.00978701 0.0713439 0 -0.0118743 0.0734404 0 -0.0140359 0.0750727 0 -0.0162646
0.0764304 0 -0.0185606 0.0776538 0 -0.0209307 0.0788455 0 -0.0233875 0.0800802
0 -0.025949 0.081413 0 -0.0286383 0.0828861 0 -0.0314841 0.0845339 0
-0.034521 0.0863885 0 -0.037791 0.0884846 0 -0.0413447 0.0908676 0 -0.0452446
0.0936044 0 -0.0495674 0.0967994 0 -0.054409 0.100616 0 -0.0598869 0.105297
0 -0.0661411 0.111174 0 -0.073326 0.118634 0 -0.0815908 0.128031 0
-0.0910429 0.139515 0 -0.101698 0.152809 0 -0.113428 0.167028 0 -0.125928
0.180642 0 -0.138719 0.191678 0 -0.151208 0.19814 0 -0.162814 0.198496
0 -0.173074 0.192011 0 -0.181729 0.178842 0 -0.188734 0.159866 0
-0.194226 0.136362 0 -0.198456 0.109699 0 -0.201713 0.0810956 0 -0.204245
0.0514978 0 -0.206205 0.0215619 0 -0.207644 -0.00827471 0 -0.208551 -0.0376927
0 -0.208918 -0.0664191 0 -0.208807 -0.0942035 0 -0.208397 -0.120876 0
-0.208017 -0.146438 0 -0.208136 -0.171169 0 -0.209288 -0.195682 0 -0.211929
-0.220877 0 -0.216179 -0.247708 0 -0.2215 -0.27669 0 -0.22637 -0.307182
0 -0.228129 -0.336593 0 -0.223381 -0.35981 0 -0.209726 -0.36934 0
-0.185621 -0.360892 0 -0.151521 -0.328898 0 -0.109346 -0.271419 0 -0.0658806
-0.19471 0 -0.0303169 -0.115483 0 -0.00851458 -0.050778 0 -6.71233e-05 -0.00897813
0 -3.05801e-05 0.0115589 0 -0.0004803 0.0294949 0 -0.00133331 0.0431573 0
-0.00252502 0.0533878 0 -0.00397658 0.0609333 0 -0.00562656 0.0664353 0 -0.00742509
0.0704274 0 -0.00933321 0.0733409 0 -0.011323 0.0755157 0 -0.0133768 0.0772139
0 -0.015486 0.0786332 0 -0.0176494 0.0799213 0 -0.0198726 0.0811867 0
-0.0221669 0.0825099 0 -0.0245489 0.0839513 0 -0.0270403 0.0855582 0 -0.0296681
0.087371 0 -0.032465 0.089428 0 -0.0354703 0.0917721 0 -0.0387318 0.0944584
0 -0.042307 0.0975663 0 -0.0462659 0.101216 0 -0.0506929 0.105588 0
-0.0556879 0.110946 0 -0.0613632 0.117631 0 -0.0678339 0.126031 0 -0.0751986
0.136467 0 -0.0835088 0.149015 0 -0.092733 0.163284 0 -0.102726 0.178243
0 -0.113214 0.192221 0 -0.123794 0.203137 0 -0.133986 0.208963 0
-0.143359 0.208283 0 -0.151604 0.200488 0 -0.158581 0.18591 0 -0.164321
0.165587 0 -0.168991 0.140921 0 -0.172829 0.113336 0 -0.176069 0.0840369
0 -0.178869 0.053892 0 -0.181272 0.0234576 0 -0.18322 -0.00690955 0
-0.184611 -0.0369144 0 -0.185352 -0.0662462 0 -0.185426 -0.0945536 0 -0.184945
-0.121519 0 -0.184185 -0.146975 0 -0.183607 -0.171048 0 -0.183825 -0.194284
0 -0.185517 -0.217701 0 -0.189214 -0.242662 0 -0.194967 -0.270475 0
-0.201917 -0.30163 0 -0.207879 -0.334767 0 -0.209165 -0.365605 0 -0.202493
-0.38425 0 -0.185164 -0.386782 0 -0.157342 -0.365312 0 -0.119059 -0.314488
0 -0.0755072 -0.235951 0 -0.0363538 -0.146024 0 -0.0106645 -0.0673118 0
-0.000174362 -0.013358 0 -2.68417e-05 0.0117893 0 -0.000446445 0.0301403 0 -0.00125271
0.0441574 0 -0.00238595 0.0546768 0 -0.00377055 0.062448 0 -0.00534564 0.0681201
0 -0.00706071 0.0722372 0 -0.00887562 0.0752417 0 -0.0107611 0.0774841 0
-0.0126979 0.0792359 0 -0.0146758 0.0807033 0 -0.0166924 0.0820409 0 -0.0187515
0.0833636 0 -0.0208628 0.0847573 0 -0.0230411 0.0862874 0 -0.025306 0.0880066
0 -0.0276821 0.0899603 0 -0.0301991 0.0921931 0 -0.0328928 0.0947548 0
-0.0358057 0.0977091 0 -0.0389884 0.101146 0 -0.0425009 0.105196 0 -0.0464125
0.110054 0 -0.0508005 0.115992 0 -0.055745 0.123354 0 -0.0613181 0.132514
0 -0.0675678 0.143756 0 -0.0744961 0.15709 0 -0.0820382 0.172032 0
-0.0900529 0.187446 0 -0.0983313 0.201576 0 -0.106594 0.212287 0 -0.114478
0.217536 0 -0.121662 0.216009 0 -0.128061 0.207241 0 -0.133601 0.191665
0 -0.138358 0.170441 0 -0.142495 0.145045 0 -0.146199 0.11692 0
-0.149622 0.0872217 0 -0.152825 0.0567314 0 -0.15576 0.0259068 0 -0.158293
-0.00496647 0 -0.160268 -0.0356108 0 -0.161548 -0.0656683 0 -0.162059 -0.0946905
0 -0.161848 -0.122215 0 -0.161115 -0.147895 0 -0.160248 -0.171662 0
-0.159831 -0.1939 0 -0.160609 -0.215578 0 -0.163358 -0.238259 0 -0.168603
-0.263835 0 -0.176184 -0.293859 0 -0.184714 -0.328418 0 -0.191039 -0.364728
0 -0.190031 -0.393417 0 -0.179722 -0.405375 0 -0.158183 -0.395851 0
-0.125105 -0.354784 0 -0.0835949 -0.278437 0 -0.0423132 -0.180118 0 -0.0129868
-0.0867758 0 -0.00032061 -0.0187978 0 -2.34509e-05 0.0120025 0 -0.000415565 0.0307477
0 -0.00117864 0.0451059 0 -0.00225681 0.0559041 0 -0.00357685 0.0638921 0
-0.00507789 0.0697253 0 -0.00670843 0.0739573 0 -0.00842695 0.0770413 0 -0.0102026
0.0793382 0 -0.0120146 0.081129 0 -0.013851 0.0826282 0 -0.0157077 0.0839975
0 -0.0175869 0.0853579 0 -0.0194964 0.0868006 0 -0.0214487 0.0883959 0
-0.0234608 0.090201 0 -0.0255544 0.0922664 0 -0.0277553 0.0946418 0 -0.0300943
0.0973829 0 -0.0326076 0.10056 0 -0.035337 0.10427 0 -0.0383299 0.108653
0 -0.0416378 0.113907 0 -0.0453126 0.120306 0 -0.0493999 0.128188 0
-0.0539286 0.137903 0 -0.0588988 0.149698 0 -0.0642707 0.163529 0 -0.0699588
0.178848 0 -0.0758403 0.194464 0 -0.0818034 0.208599 0 -0.087814 0.219175
0 -0.0931553 0.223796 0 -0.0983433 0.221805 0 -0.103003 0.21245 0
-0.107261 0.196321 0 -0.111191 0.174644 0 -0.114918 0.148922 0 -0.118557
0.120581 0 -0.122167 0.0907212 0 -0.125721 0.0600381 0 -0.12911 0.0289127
0 -0.132161 -0.00241663 0 -0.134703 -0.0336925 0 -0.136583 -0.0644999 0
-0.137704 -0.0943119 0 -0.138064 -0.122545 0 -0.137787 -0.14869 0 -0.137155
-0.172483 0 -0.136653 -0.1941 0 -0.13697 -0.214351 0 -0.138953 -0.234802
0 -0.143405 -0.25768 0 -0.150713 -0.285361 0 -0.160292 -0.319293 0
-0.169889 -0.358401 0 -0.174684 -0.397125 0 -0.170192 -0.417339 0 -0.154936
-0.419733 0 -0.127341 -0.390755 0 -0.0894997 -0.32037 0 -0.0477887 -0.216841
0 -0.0153815 -0.109026 0 -0.000501531 -0.0253644 0 -2.05674e-05 0.0122005 0
-0.000389197 0.0313209 0 -0.00111472 0.0460073 0 -0.00214363 0.0570739 0 -0.00340393
0.0652684 0 -0.00483404 0.0712517 0 -0.00638105 0.0755864 0 -0.00800184 0.078736
0 -0.00966388 0.081072 0 -0.0113447 0.0828848 0 -0.0130309 0.0843971 0
-0.0147165 0.0857776 0 -0.0164018 0.0871533 0 -0.0180925 0.0886203 0 -0.0197989
0.0902536 0 -0.021535 0.0921145 0 -0.0233188 0.0942575 0 -0.0251718 0.0967367
0 -0.0271189 0.0996122 0 -0.0291889 0.102959 0 -0.0314135 0.106878 0
-0.0338261 0.111512 0 -0.0364589 0.117059 0 -0.0393376 0.123785 0 -0.0424736
0.132012 0 -0.0458544 0.142065 0 -0.0494373 0.154154 0 -0.0531488 0.168196
0 -0.0568935 0.183616 0 -0.0605769 0.199221 0 -0.0642008 0.213301 0
-0.0678771 0.223724 0 -0.0706966 0.227752 0 -0.0739364 0.225744 0 -0.0769115
0.216209 0 -0.0799326 0.199971 0 -0.0830518 0.17826 0 -0.0863447 0.152568
0 -0.0898416 0.124282 0 -0.0935112 0.0944436 0 -0.0972552 0.063688 0
-0.100925 0.0323467 0 -0.104357 0.000635305 0 -0.107382 -0.0311799 0 -0.109849
-0.0626578 0 -0.111675 -0.0932093 0 -0.112827 -0.122159 0 -0.113361 -0.148872
0 -0.113459 -0.172914 0 -0.113472 -0.194252 0 -0.113962 -0.21348 0
-0.115713 -0.232026 0 -0.119622 -0.252226 0 -0.126419 -0.277006 0 -0.136157
-0.308957 0 -0.147551 -0.34876 0 -0.15712 -0.393154 0 -0.157241 -0.426028
0 -0.148879 -0.436618 0 -0.126291 -0.421382 0 -0.0929287 -0.360193 0
-0.0524031 -0.255056 0 -0.0177406 -0.133782 0 -0.000706747 -0.0330524 0 -1.83729e-05
0.012386 0 -0.000369107 0.0318659 0 -0.00106513 0.0468687 0 -0.00205337 0.0581926
0 -0.00326151 0.0665821 0 -0.00462636 0.0727025 0 -0.00609314 0.0771253 0
-0.00761689 0.0803244 0 -0.00916338 0.0826815 0 -0.0107086 0.0844966 0 -0.0122373
0.0860007 0 -0.0137422 0.0873694 0 -0.0152216 0.0887352 0 -0.0166792 0.0901993
0 -0.0181226 0.0918404 0 -0.0195628 0.0937235 0 -0.0210139 0.0959064 0
-0.0224925 0.0984462 0 -0.0240175 0.101406 0 -0.0256093 0.104863 0 -0.0272888
0.108919 0 -0.0290752 0.113714 0 -0.0309813 0.119442 0 -0.0330074 0.126353
0 -0.0351329 0.134748 0 -0.0373085 0.14492 0 -0.0394541 0.157048 0
-0.0414692 0.17103 0 -0.0432548 0.186297 0 -0.0447465 0.201702 0 -0.0460002
0.215618 0 -0.0471838 0.225784 0 -0.0478682 0.229644 0 -0.0489567 0.227806
0 -0.0502433 0.218511 0 -0.0519612 0.202584 0 -0.0541738 0.181223 0
-0.0568965 0.155872 0 -0.0600786 0.127868 0 -0.0636123 0.0982097 0 -0.0673462
0.0674938 0 -0.0711133 0.03604 0 -0.0747608 0.00406278 0 -0.0781501 -0.0281435
0 -0.0811677 -0.0601297 0 -0.0837379 -0.0912654 0 -0.085818 -0.120817 0
-0.0874176 -0.148062 0 -0.0886312 -0.172434 0 -0.0896809 -0.193722 0 -0.0909692
-0.212292 0 -0.093133 -0.229358 0 -0.0970229 -0.247179 0 -0.103518 -0.268967
0 -0.113112 -0.29817 0 -0.12529 -0.336964 0 -0.137724 -0.384133 0
-0.1439 -0.429018 0 -0.139315 -0.448949 0 -0.122979 -0.446041 0 -0.0940179
-0.396758 0 -0.0559126 -0.293612 0 -0.0199539 -0.160621 0 -0.00093085 -0.0418166
0 -1.70765e-05 0.0125629 0 -0.000357334 0.0323907 0 -0.00103467 0.0476998 0
-0.00199398 0.0592699 0 -0.00316066 0.0678413 0 -0.0044688 0.0740836 0 -0.00586116
0.0785772 0 -0.00729075 0.0818066 0 -0.00872164 0.0841641 0 -0.0101283 0.0859594
0 -0.0114944 0.0874315 0 -0.0128107 0.0887629 0 -0.0140743 0.0900917 0
-0.0152867 0.0915231 0 -0.0164531 0.0931395 0 -0.0175815 0.0950087 0 -0.0186818
0.0971909 0 -0.0197657 0.0997451 0 -0.0208457 0.102735 0 -0.0219339 0.106239
0 -0.0230407 0.110356 0 -0.0241711 0.115221 0 -0.0253198 0.121014 0
-0.026464 0.127969 0 -0.0275551 0.136357 0 -0.0285124 0.146439 0 -0.0292248
0.158368 0 -0.0295686 0.172036 0 -0.0294417 0.186909 0 -0.028803 0.201913
0 -0.0277178 0.215483 0 -0.0264104 0.225502 0 -0.0250534 0.229489 0
-0.0239871 0.22792 0 -0.0234794 0.219262 0 -0.0237484 0.204034 0 -0.0248705
0.183372 0 -0.0268109 0.158645 0 -0.0294524 0.131133 0 -0.0326316 0.101814
0 -0.0361569 0.0712604 0 -0.0398479 0.0398259 0 -0.0435736 0.00774709 0
-0.0472319 -0.024665 0 -0.0507467 -0.0569404 0 -0.0540643 -0.0884304 0 -0.0571453
-0.118373 0 -0.0599664 -0.146003 0 -0.0625567 -0.170653 0 -0.0650305 -0.191985
0 -0.0676309 -0.210166 0 -0.0708138 -0.226164 0 -0.07529 -0.242045 0
-0.0819412 -0.261083 0 -0.0915055 -0.287292 0 -0.103982 -0.324022 0 -0.117824
-0.371665 0 -0.128917 -0.425142 0 -0.128373 -0.458391 0 -0.118264 -0.464746
0 -0.093313 -0.429363 0 -0.0582611 -0.331507 0 -0.0219141 -0.189062 0
-0.00116498 -0.0515647 0 -1.69232e-05 0.0127358 0 -0.000356258 0.032906 0 -0.00102893
0.0485137 0 -0.00197467 0.0603187 0 -0.00311409 0.0690572 0 -0.00437718 0.0754035
0 -0.00570361 0.0799476 0 -0.00704417 0.0831852 0 -0.00836137 0.0855195 0
-0.00962851 0.0872699 0 -0.0108281 0.0886839 0 -0.0119499 0.0899504 0 -0.0129898
0.0912127 0 -0.0139476 0.0925801 0 -0.0148262 0.0941376 0 -0.0156305 0.0959552
0 -0.0163668 0.0980946 0 -0.0170418 0.100615 0 -0.0176619 0.103581 0
-0.0182313 0.107067 0 -0.0187503 0.111168 0 -0.0192109 0.11601 0 -0.0195921
0.121758 0 -0.0198513 0.128621 0 -0.0199168 0.136838 0 -0.019683 0.14664
0 -0.0190144 0.158155 0 -0.0177666 0.171282 0 -0.0158305 0.185539 0
-0.0131778 0.199945 0 -0.00989886 0.213028 0 -0.00625419 0.222869 0 -0.00270802
0.227294 0 0.00046533 0.226101 0 0.00289075 0.218292 0 0.00422905 0.204091
0 0.00442596 0.184453 0 0.00351843 0.160632 0 0.00167172 0.133841 0
-0.000936287 0.105023 0 -0.00407711 0.0748032 0 -0.00754368 0.0435584 0 -0.0112408
0.0115706 0 -0.0150955 -0.0208197 0 -0.0190638 -0.0531274 0 -0.0231177 -0.0846958
0 -0.0272353 -0.114756 0 -0.0313586 -0.142549 0 -0.0354712 -0.16732 0
-0.0396182 -0.188667 0 -0.043894 -0.206602 0 -0.0485708 -0.221862 0 -0.0541738
-0.236255 0 -0.0614793 -0.25296 0 -0.0713151 -0.276316 0 -0.084056 -0.310682
0 -0.0988607 -0.358155 0 -0.11284 -0.415608 0 -0.117606 -0.463102 0
-0.111595 -0.478579 0 -0.0913492 -0.457554 0 -0.0595457 -0.367921 0 -0.0235532
-0.218619 0 -0.00139642 -0.0621707 0 -1.82078e-05 0.0129111 0 -0.000368698 0.0334253
0 -0.00105445 0.049327 0 -0.00200611 0.0613558 0 -0.00313638 0.0702444 0
-0.00436948 0.0766738 0 -0.00564125 0.0812446 0 -0.00690017 0.0844647 0 -0.00810742
0.0867489 0 -0.00923551 0.0884267 0 -0.0102664 0.0897538 0 -0.0111894 0.0909258
0 -0.0119996 0.0920908 0 -0.0126955 0.0933614 0 -0.0132784 0.0948249 0
-0.0137504 0.0965526 0 -0.0141143 0.0986064 0 -0.0143724 0.101045 0 -0.0145253
0.103932 0 -0.0145702 0.107336 0 -0.0144983 0.111348 0 -0.0142908 0.116079
0 -0.0139133 0.121677 0 -0.0133079 0.128324 0 -0.012385 0.136226 0
-0.0110209 0.145582 0 -0.00906314 0.156498 0 -0.00634828 0.168881 0 -0.00275908
0.182319 0 0.00173452 0.195947 0 0.00702722 0.208434 0 0.0128177 0.218041
0 0.0185559 0.222876 0 0.0238412 0.222249 0 0.0282066 0.215515 0
0.0313849 0.202571 0 0.0331446 0.184236 0 0.0335332 0.161593 0 0.0327121
0.135761 0 0.030902 0.107659 0 0.0283393 0.0779762 0 0.0252104 0.047127
0 0.0216207 0.0154544 0 0.0176194 -0.0166622 0 0.0132296 -0.048726 0
0.0084595 -0.0800809 0 0.0032887 -0.109968 0 -0.00216796 -0.1376 0 -0.00785989
-0.162287 0 -0.0138135 -0.183538 0 -0.0199841 -0.201261 0 -0.0264755 -0.216006
0 -0.0336206 -0.229312 0 -0.0420293 -0.244138 0 -0.0524893 -0.264897 0
-0.065603 -0.296622 0 -0.081072 -0.342838 0 -0.0968183 -0.402497 0 -0.106679
-0.462718 0 -0.104059 -0.489496 0 -0.088654 -0.481177 0 -0.0601171 -0.402278
0 -0.024925 -0.248892 0 -0.00161881 -0.0735114 0 -2.12951e-05 0.0130965 0
-0.000398064 0.0339656 0 -0.00111906 0.0501608 0 -0.00210087 0.062402 0 -0.00324443
0.0714216 0 -0.00446622 0.0779093 0 -0.00569746 0.0824788 0 -0.00688427 0.0856517
0 -0.00798691 0.0878552 0 -0.00897779 0.0894294 0 -0.00983895 0.0906385 0
-0.0105599 0.0916846 0 -0.0111358 0.0927204 0 -0.0115649 0.093861 0 -0.0118469
0.0951951 0 -0.0119818 0.0967944 0 -0.0119693 0.0987208 0 -0.0118081 0.101031
0 -0.0114938 0.103785 0 -0.0110173 0.107048 0 -0.0103625 0.1109 0
-0.00950173 0.115441 0 -0.00839035 0.120796 0 -0.0069609 0.127122 0 -0.00510939
0.134583 0 -0.00270178 0.143355 0 0.000419266 0.153521 0 0.00443845 0.165003
0 0.00948936 0.177449 0 0.0155997 0.190124 0 0.0226643 0.201866 0
0.0303753 0.211141 0 0.0381664 0.21628 0 0.0455051 0.216357 0 0.0519247
0.210728 0 0.0570379 0.199251 0 0.0605668 0.182459 0 0.0624939 0.161255
0 0.06295 0.136651 0 0.062151 0.109548 0 0.0603261 0.080643 0
0.0576574 0.0504352 0 0.0542531 0.019335 0 0.0501464 -0.0122321 0 0.0453558
-0.0437608 0 0.0398797 -0.0745958 0 0.0337192 -0.104002 0 0.0269391 -0.131183
0 0.0196177 -0.155527 0 0.0118356 -0.176507 0 0.0036871 -0.193964 0
-0.00478328 -0.208305 0 -0.013728 -0.220846 0 -0.0235761 -0.234267 0 -0.0349933
-0.252906 0 -0.0486668 -0.282213 0 -0.0646446 -0.326819 0 -0.0814694 -0.387271
0 -0.0953191 -0.456401 0 -0.0966076 -0.496986 0 -0.0856815 -0.500352 0
-0.0602997 -0.434307 0 -0.0261501 -0.279631 0 -0.00182318 -0.085508 0 -2.6654e-05
0.0133016 0 -0.000448582 0.0345481 0 -0.00123226 0.0510409 0 -0.00227396 0.0634833
0 -0.00345809 0.0726113 0 -0.00469103 0.079128 0 -0.00589859 0.0836632 0
-0.00702467 0.0867544 0 -0.00802937 0.0888427 0 -0.00888579 0.0902791 0 -0.00957687
0.0913363 0 -0.0100932 0.0922232 0 -0.0104313 0.0930972 0 -0.0105902 0.0940746
0 -0.0105685 0.0952443 0 -0.0103643 0.0966782 0 -0.00997551 0.0984368 0
-0.00939744 0.100575 0 -0.00862184 0.103147 0 -0.00763485 0.106213 0 -0.00641441
0.109843 0 -0.00492634 0.114121 0 -0.00311809 0.119152 0 -0.000922749 0.125065
0 0.00177894 0.131997 0 0.00512862 0.14008 0 0.00927759 0.149383 0
0.0144163 0.159846 0 0.0206922 0.171166 0 0.0281527 0.182734 0 0.0367052
0.193574 0 0.0460579 0.202371 0 0.0556729 0.207659 0 0.0649543 0.208401
0 0.0733737 0.203926 0 0.0804662 0.193993 0 0.0858964 0.178912 0
0.0895526 0.159384 0 0.0914989 0.136288 0 0.0919086 0.110471 0 0.0909866
0.0826453 0 0.0889065 0.0533753 0 0.0857794 0.0231409 0 0.0816232 -0.0075761
0 0.0764726 -0.0382617 0 0.070333 -0.0682537 0 0.0632053 -0.0968532 0
0.0551495 -0.123336 0 0.0462689 -0.14707 0 0.0367022 -0.167574 0 0.0266119
-0.184664 0 0.016133 -0.198641 0 0.00527315 -0.210637 0 -0.00619446 -0.223045
0 -0.018789 -0.239997 0 -0.0331948 -0.267137 0 -0.0497325 -0.310033 0
-0.067563 -0.371012 0 -0.0838578 -0.445009 0 -0.0891859 -0.501875 0 -0.0827469
-0.515127 0 -0.0603738 -0.463839 0 -0.0273999 -0.310691 0 -0.00200239 -0.0981473
0 -3.49059e-05 0.0135386 0 -0.000525627 0.0351992 0 -0.00140586 0.0519993 0
-0.00254365 0.0646309 0 -0.00380098 0.0738408 0 -0.00507141 0.0803512 0 -0.0062746
0.0848129 0 -0.00735275 0.0877825 0 -0.00826694 0.0897164 0 -0.00899238 0.0909774
0 -0.00951393 0.0918471 0 -0.00982417 0.0925434 0 -0.00991958 0.0932232 0
-0.00980545 0.0940019 0 -0.00947864 0.094972 0 -0.00893589 0.0962047 0 -0.00817367
0.0977578 0 -0.00718533 0.0996827 0 -0.00595963 0.102029 0 -0.00447907 0.104849
0 -0.00271759 0.108201 0 -0.000638502 0.112157 0 0.00181666 0.1168 0
0.00472353 0.122232 0 0.00818976 0.128566 0 0.0123568 0.135889 0 0.0173846
0.144257 0 0.0234522 0.153616 0 0.0307125 0.163721 0 0.039236 0.174074
0 0.0489576 0.183873 0 0.0596228 0.192022 0 0.0707485 0.197261 0
0.0817313 0.19854 0 0.0919873 0.195147 0 0.100991 0.18675 0 0.108339
0.173466 0 0.113819 0.155798 0 0.117399 0.134465 0 0.119179 0.110239
0 0.119315 0.0838224 0 0.117956 0.0558231 0 0.115217 0.0267752 0
0.111099 -0.00280801 0 0.105662 -0.0322973 0 0.098935 -0.0611303 0 0.090914
-0.0886294 0 0.0816788 -0.114115 0 0.0713584 -0.136992 0 0.0601327 -0.156817
0 0.0482191 -0.173414 0 0.0358302 -0.18703 0 0.0230973 -0.198628 0
0.00996571 -0.21035 0 -0.00390736 -0.226064 0 -0.0191404 -0.251393 0 -0.0362354
-0.292501 0 -0.054853 -0.353165 0 -0.0728902 -0.43061 0 -0.0828363 -0.501864
0 -0.0792156 -0.527263 0 -0.0606572 -0.490736 0 -0.0289261 -0.342005 0
-0.0021767 -0.111511 0 -4.69068e-05 0.0138229 0 -0.000636233 0.0359515 0 -0.00165489
0.053075 0 -0.00293261 0.0658826 0 -0.00430167 0.0751418 0 -0.00563973 0.0816032
0 -0.00685981 0.0859448 0 -0.00790336 0.0887463 0 -0.0087342 0.090482 0
-0.00933152 0.0915278 0 -0.00968438 0.0921718 0 -0.00981081 0.0926218 0 -0.00964281
0.093069 0 -0.00925114 0.0936319 0 -0.00861441 0.0943755 0 -0.00773277 0.0953757
0 -0.00660159 0.0966899 0 -0.00521229 0.0983655 0 -0.00355138 0.100447 0
-0.00159907 0.102978 0 0.000673031 0.106008 0 0.00330559 0.109594 0 0.00635584
0.113803 0 0.00989994 0.118706 0 0.0140408 0.124388 0 0.0189109 0.130913
0 0.0246656 0.138312 0 0.0314736 0.146534 0 0.0394859 0.155381 0
0.0487888 0.164454 0 0.0593495 0.173108 0 0.0709646 0.180448 0 0.0832221
0.185419 0 0.0955554 0.187037 0 0.107361 0.184571 0 0.11807 0.177612
0 0.127214 0.166122 0 0.134482 0.150416 0 0.139736 0.131054 0
0.142977 0.108699 0 0.144287 0.0840228 0 0.14377 0.0576459 0 0.141507
0.0301437 0 0.137591 0.00206878 0 0.132031 -0.0259403 0 0.124807 -0.0533268
0 0.116021 -0.0794456 0 0.105765 -0.103671 0 0.0941894 -0.125459 0
0.0815093 -0.144417 0 0.067985 -0.16039 0 0.0538902 -0.173599 0 0.0394513
-0.184887 0 0.0247504 -0.196171 0 0.00961336 -0.211031 0 -0.00647614 -0.234957
0 -0.0241149 -0.274435 0 -0.0432815 -0.33435 0 -0.0624224 -0.413746 0
-0.0764551 -0.49764 0 -0.0763513 -0.536149 0 -0.0613064 -0.514834 0 -0.0310109
-0.373607 0 -0.00240848 -0.125825 0 -6.38787e-05 0.014174 0 -0.000789878 0.0368462
0 -0.00199896 0.054316 0 -0.00346959 0.0672832 0 -0.00499534 0.0765511 0
-0.00643468 0.0829109 0 -0.00769396 0.0870763 0 -0.00871537 0.0896551 0 -0.00946644
0.0911432 0 -0.00992884 0.0919282 0 -0.0101001 0.0923056 0 -0.00999259 0.0925005
0 -0.00961214 0.092683 0 -0.00894455 0.0929723 0 -0.00800094 0.093456 0
-0.00678439 0.0941951 0 -0.00529143 0.0952411 0 -0.003513 0.0966369 0 -0.00143462
0.0984206 0 0.000965082 0.100629 0 0.00371567 0.103302 0 0.00685811 0.106483
0 0.0104476 0.110219 0 0.0145571 0.114564 0 0.0192827 0.119571 0
0.024745 0.125283 0 0.0310864 0.131712 0 0.0384612 0.138805 0 0.0470125
0.1464 0 0.0568334 0.154179 0 0.0679195 0.161628 0 0.0801205 0.168037
0 0.0931021 0.17254 0 0.106365 0.174269 0 0.119326 0.172516 0
0.131403 0.166821 0 0.142078 0.157032 0 0.150955 0.143303 0 0.157791
0.126035 0 0.16248 0.105776 0 0.165017 0.0831305 0 0.165444 0.0587072
0 0.163818 0.0330983 0 0.160204 0.00689467 0 0.154629 -0.019353 0
0.147123 -0.045014 0 0.137785 -0.0694901 0 0.12674 -0.0922161 0 0.114168
-0.112708 0 0.100314 -0.130626 0 0.0854747 -0.145849 0 0.0699689 -0.15859
0 0.0540951 -0.169612 0 0.0380447 -0.180643 0 0.0217768 -0.194966 0
0.00491403 -0.217833 0 -0.0131684 -0.255848 0 -0.032742 -0.31476 0 -0.0528331
-0.39549 0 -0.0702809 -0.488517 0 -0.0736524 -0.542317 0 -0.0623913 -0.536009
0 -0.0338339 -0.405591 0 -0.00278309 -0.141482 0 -8.7631e-05 0.0146174 0
-0.000999702 0.0379349 0 -0.0024643 0.0557811 0 -0.00419185 0.0688861 0 -0.00592627
0.0781108 0 -0.00750375 0.0843033 0 -0.00882533 0.0882249 0 -0.0098365 0.0905184
0 -0.0105057 0.0916957 0 -0.0108233 0.0921606 0 -0.0108163 0.0922374 0
-0.0104721 0.0921473 0 -0.0098492 0.0920296 0 -0.00890583 0.0920239 0 -0.00765981
0.0922186 0 -0.00611494 0.0926697 0 -0.00426955 0.0934221 0 -0.00211578 0.0945126
0 0.000360847 0.0959727 0 0.0031819 0.0978328 0 0.00637658 0.100122 0
0.00998439 0.102871 0 0.0140576 0.106113 0 0.0186638 0.109883 0 0.0238895
0.114212 0 0.0298416 0.119122 0 0.0366452 0.124607 0 0.0444364 0.130613
0 0.0533436 0.137002 0 0.0634586 0.143519 0 0.0747962 0.149762 0
0.0872519 0.15517 0 0.100566 0.159054 0 0.114319 0.16068 0 0.127985
0.159403 0 0.140998 0.154752 0 0.152818 0.146497 0 0.162991 0.134669
0 0.171184 0.119527 0 0.17719 0.101497 0 0.180909 0.0811011 0
0.182314 0.0589019 0 0.181416 0.0354743 0 0.178253 0.0113981 0 0.172857
-0.0127642 0 0.165289 -0.0364231 0 0.155658 -0.0590168 0 0.144116 -0.0800333
0 0.130871 -0.0990471 0 0.116192 -0.115772 0 0.100401 -0.130126 0
0.0838515 -0.14233 0 0.0668928 -0.153097 0 0.0497996 -0.164001 0 0.0326479
-0.178047 0 0.0151802 -0.200162 0 -0.00318919 -0.236893 0 -0.0229852 -0.294575
0 -0.0439219 -0.375932 0 -0.0638615 -0.474592 0 -0.0713957 -0.545601 0
-0.0640034 -0.553831 0 -0.0375759 -0.437913 0 -0.00343312 -0.159022 0 -0.000120933
0.0151868 0 -0.00128444 0.039284 0 -0.00308676 0.0575427 0 -0.00514849 0.0707543
0 -0.00715084 0.0798675 0 -0.00890526 0.085811 0 -0.0103109 0.0894082 0
-0.0113139 0.0913342 0 -0.0118894 0.0921268 0 -0.0120671 0.0922355 0 -0.011872
0.0919625 0 -0.0113067 0.0915331 0 -0.010405 0.0911018 0 -0.00917248 0.0907827
0 -0.00761911 0.090666 0 -0.00574809 0.0908069 0 -0.00355822 0.0912446 0
-0.00104296 0.0920096 0 0.00181225 0.0931267 0 0.00502825 0.0946188 0 0.00863234
0.096506 0 0.0126622 0.0988087 0 0.0171661 0.101547 0 0.0222047 0.10474
0 0.027854 0.108402 0 0.0342055 0.112536 0 0.0413657 0.117124 0
0.0494491 0.122108 0 0.0585656 0.127369 0 0.0687975 0.132701 0 0.0801682
0.137786 0 0.0926071 0.142188 0 0.105917 0.145366 0 0.119761 0.146726
0 0.133684 0.145706 0 0.147167 0.141865 0 0.159681 0.134934 0
0.170744 0.124858 0 0.17996 0.111781 0 0.187041 0.0960154 0 0.1918
0.0779894 0 0.194136 0.0581992 0 0.194007 0.037176 0 0.191418 0.0154707
0 0.186393 -0.00638015 0 0.179003 -0.0278146 0 0.169371 -0.0483243 0
0.157665 -0.0674546 0 0.144113 -0.0848362 0 0.129003 -0.100236 0 0.112672
-0.113614 0 0.0954976 -0.125209 0 0.0778633 -0.135706 0 0.0601032 -0.146557
0 0.0423843 -0.16051 0 0.0245528 -0.182135 0 0.00607264 -0.217751 0
-0.0137865 -0.274024 0 -0.0352476 -0.355017 0 -0.056805 -0.457248 0 -0.0690303
-0.546006 0 -0.0652646 -0.568761 0 -0.0422475 -0.470411 0 -0.00452491 -0.179143
0 -0.00016817 0.0159283 0 -0.00167156 0.0409799 0 -0.00391638 0.059691 0
-0.0064053 0.0729616 0 -0.0087413 0.0818719 0 -0.0107111 0.0874624 0 -0.0122142
0.0906338 0 -0.0131944 0.0920911 0 -0.0136659 0.0924433 0 -0.0136957 0.0921396
0 -0.0132878 0.0914735 0 -0.0124773 0.0906735 0 -0.0112958 0.0898934 0
-0.00976493 0.0892406 0 -0.00789836 0.0887961 0 -0.00570135 0.0886109 0 -0.0031737
0.088719 0 -0.000309612 0.0891444 0 0.00290488 0.0899058 0 0.0064895 0.0910177
0 0.0104699 0.0924928 0 0.014881 0.0943426 0 0.0197664 0.0965765 0
0.0251794 0.0992011 0 0.0311849 0.102217 0 0.0378593 0.105616 0 0.0452897
0.109367 0 0.0535687 0.113411 0 0.0627847 0.117644 0 0.073005 0.121894
0 0.0842524 0.125911 0 0.0964769 0.129357 0 0.109529 0.131813 0
0.123141 0.132807 0 0.136936 0.131879 0 0.150459 0.128635 0 0.163218
0.122807 0 0.174734 0.11429 0 0.184584 0.103144 0 0.192424 0.089585
0 0.198 0.0739475 0 0.201144 0.0566498 0 0.201761 0.0381613 0
0.199813 0.0189863 0 0.195318 -0.000382421 0 0.188344 -0.0194366 0 0.178999
-0.037721 0 0.167467 -0.0548343 0 0.15399 -0.0704644 0 0.138862 -0.0844321
0 0.122429 -0.0967423 0 0.105078 -0.107661 0 0.0872137 -0.117857 0
0.0692082 -0.128688 0 0.0512923 -0.142667 0 0.0333929 -0.16399 0 0.0150032
-0.198627 0 -0.00474665 -0.253346 0 -0.0264271 -0.333166 0 -0.0490079 -0.436854
0 -0.0661737 -0.540945 0 -0.0667942 -0.58059 0 -0.0476383 -0.502613 0
-0.00627097 -0.202604 0 -0.000236559 0.0169063 0 -0.00220249 0.0431364 0 -0.0050247
0.0623383 0 -0.00805216 0.0755931 0 -0.0107925 0.0841768 0 -0.0130111 0.0892832
0 -0.0145998 0.0918853 0 -0.0155289 0.0927782 0 -0.0159033 0.0926298 0
-0.0157395 0.0918478 0 -0.0150918 0.0907444 0 -0.0140104 0.0895424 0 -0.0125342
0.0883906 0 -0.0106934 0.0873881 0 -0.00850685 0.0866049 0 -0.00598304 0.0860846
0 -0.00312315 0.0858548 0 7.81315e-05 0.0859332 0 0.00363365 0.0863318 0
0.00756205 0.0870582 0 0.0118877 0.0881185 0 0.0166424 0.0895163 0 0.0218649
0.0912528 0 0.0276012 0.0933256 0 0.0339056 0.0957257 0 0.04084 0.0984341
0 0.0484732 0.101416 0 0.0568763 0.10461 0 0.0661159 0.107923 0
0.0762416 0.111213 0 0.0872685 0.11428 0 0.0991558 0.116861 0 0.111786
0.118633 0 0.124946 0.119233 0 0.138329 0.118291 0 0.151549 0.11548
0 0.164168 0.110556 0 0.175739 0.103394 0 0.185839 0.0940013 0
0.194099 0.0825183 0 0.200225 0.0691974 0 0.204002 0.0543746 0 0.205279
0.0384521 0 0.203995 0.0218716 0 0.200135 0.00506603 0 0.193754 -0.0115305
0 0.18496 -0.0275094 0 0.17393 -0.0425247 0 0.160901 -0.0563244 0
0.146166 -0.0687851 0 0.130072 -0.079958 0 0.113006 -0.0901393 0 0.095378
-0.099996 0 0.0775757 -0.110807 0 0.0598659 -0.124874 0 0.0422292 -0.14601
0 0.0241814 -0.179748 0 0.00477462 -0.232716 0 -0.016845 -0.310648 0
-0.0401409 -0.414441 0 -0.0619023 -0.530679 0 -0.0673257 -0.587824 0 -0.0530144
-0.533796 0 -0.00868528 -0.230173 0 -0.00033836 0.0182144 0 -0.00294151 0.0459073
0 -0.00651582 0.065625 0 -0.010213 0.0787453 0 -0.0134291 0.086831 0
-0.0159071 0.0912675 0 -0.0175495 0.0931407 0 -0.0184092 0.09339 0 -0.0186326
0.0926434 0 -0.0182313 0.0913242 0 -0.0173056 0.0897441 0 -0.01592 0.0881156
0 -0.0141249 0.0865766 0 -0.0119576 0.085215 0 -0.00944141 0.0840878 0
-0.00658782 0.0832297 0 -0.00339923 0.0826602 0 0.000129259 0.0823903 0 0.00400971
0.0824254 0 0.0082599 0.0827673 0 0.0129029 0.0834159 0 0.0179676 0.0843688
0 0.0234883 0.0856209 0 0.0295042 0.0871634 0 0.0360599 0.088981 0
0.0432043 0.0910493 0 0.0509893 0.0933297 0 0.0594668 0.0957645 0 0.0686829
0.0982689 0 0.0786688 0.100724 0 0.0894279 0.10297 0 0.100921 0.1048
0 0.113048 0.105969 0 0.125638 0.106198 0 0.138439 0.105201 0
0.151128 0.102715 0 0.163331 0.0985358 0 0.174644 0.0925403 0 0.184671
0.0847091 0 0.19305 0.0751289 0 0.199462 0.0639837 0 0.20369 0.0515513
0 0.205444 0.0380841 0 0.204828 0.0240715 0 0.201677 0.00981639 0
0.196047 -0.00431076 0 0.188032 -0.0179632 0 0.177795 -0.0308549 0 0.165563
-0.042794 0 0.151619 -0.0537125 0 0.136301 -0.0637083 0 0.119984 -0.0731097
0 0.103067 -0.0825857 0 0.0859281 -0.0933507 0 0.06884 -0.107511 0
0.0518091 -0.128507 0 0.0343787 -0.161377 0 0.0155781 -0.212413 0 -0.00569335
-0.287792 0 -0.0297311 -0.390722 0 -0.0554469 -0.51407 0 -0.0668498 -0.590853
0 -0.0577854 -0.562611 0 -0.0117866 -0.26238 0 -0.000495104 0.0199926 0
-0.00399104 0.049503 0 -0.00854424 0.0697257 0 -0.0130612 0.0825216 0 -0.0168128
0.0898704 0 -0.0195135 0.0933828 0 -0.0211464 0.0943808 0 -0.0219245 0.0938628
0 -0.0218968 0.0924293 0 -0.021196 0.090518 0 -0.0199363 0.0884302 0
-0.0182013 0.08636 0 -0.016053 0.0844277 0 -0.0135345 0.0827057 0 -0.0106728
0.0812369 0 -0.00748084 0.0800447 0 -0.00396187 0.0791401 0 -0.000111019 0.0785269
0 0.00408353 0.0782041 0 0.00863898 0.0781681 0 0.0135772 0.0784137 0
0.0189249 0.0789337 0 0.0247122 0.0797188 0 0.0309727 0.0807561 0 0.0377421
0.0820271 0 0.0450583 0.083505 0 0.0529587 0.0851513 0 0.0614787 0.0869119
0 0.0706463 0.0887124 0 0.0804755 0.0904533 0 0.0909573 0.0920058 0
0.102049 0.0932097 0 0.11366 0.0938758 0 0.125646 0.0937935 0 0.137798
0.0927459 0 0.149848 0.0905304 0 0.161477 0.0869827 0 0.172337 0.0819976
0 0.182072 0.0755447 0 0.190342 0.0676769 0 0.196848 0.0585262 0
0.201331 0.0483008 0 0.203682 0.0372838 0 0.203593 0.0256549 0 0.201169
0.0138245 0 0.196392 0.00208165 0 0.18934 -0.00930567 0 0.180158 -0.0201201
0 0.169051 -0.0302299 0 0.156287 -0.0396222 0 0.142181 -0.0484399 0
0.127081 -0.0570408 0 0.111352 -0.0660951 0 0.0953398 -0.0767579 0 0.0792863
-0.0909578 0 0.0631929 -0.11178 0 0.0466243 -0.143754 0 0.0286254 -0.192703
0 0.00793502 -0.264861 0 -0.0164481 -0.365028 0 -0.0450584 -0.491865 0
-0.0630419 -0.590739 0 -0.0612819 -0.587566 0 -0.0155987 -0.299501 0 -0.000745973
0.0224596 0 -0.00551904 0.0542171 0 -0.0113436 0.0748558 0 -0.0168421 0.0870241
0 -0.0211298 0.0932657 0 -0.023966 0.0955789 0 -0.0255597 0.0955483 0
-0.0260946 0.0941111 0 -0.0257193 0.0919056 0 -0.0246248 0.0893595 0 -0.0229516
0.0867459 0 -0.0208022 0.0842306 0 -0.0182486 0.0819096 0 -0.0153382 0.0798356
0 -0.0120993 0.0780356 0 -0.00854542 0.0765205 0 -0.00467959 0.0752922 0
-0.000496522 0.0743469 0 0.00401575 0.0736777 0 0.00887421 0.0732761 0 0.0140999
0.0731324 0 0.0197175 0.0732362 0 0.0257541 0.0735754 0 0.0322381 0.0741352
0 0.0391984 0.0748964 0 0.0466629 0.0758326 0 0.0546577 0.0769075 0
0.0632044 0.0780727 0 0.0723162 0.0792643 0 0.0819932 0.0804005 0 0.0922152
0.0813782 0 0.102934 0.0820732 0 0.114064 0.0823412 0 0.125478 0.0820241
0 0.136999 0.0809597 0 0.148401 0.078996 0 0.159418 0.0760074 0
0.169751 0.0719113 0 0.179093 0.0666758 0 0.187142 0.0603316 0 0.193626
0.0529734 0 0.198292 0.0447563 0 0.200999 0.0358771 0 0.201597 0.0265387
0 0.200025 0.0169927 0 0.196267 0.00748793 0 0.190398 -0.00176334 0
0.182553 -0.0106162 0 0.172919 -0.018992 0 0.161736 -0.0269283 0 0.149287
-0.0346066 0 0.135878 -0.0424075 0 0.121818 -0.0509952 0 0.107386 -0.0614653
0 0.0927631 -0.0755807 0 0.0779095 -0.0960983 0 0.062383 -0.127049 0
0.0452383 -0.173746 0 0.0250782 -0.242239 0 0.000484823 -0.338047 0 -0.0297816
-0.462472 0 -0.0559274 -0.583089 0 -0.062083 -0.606812 0 -0.0198356 -0.340975
0 -0.00116454 0.0259693 0 -0.00780764 0.0604628 0 -0.0152739 0.0812649 0
-0.0218884 0.0923125 0 -0.0266107 0.0969479 0 -0.0294639 0.0977911 0 -0.0308408
0.0964826 0 -0.0309343 0.0939928 0 -0.0300504 0.0909435 0 -0.0284154 0.0877373
0 -0.0262027 0.0845984 0 -0.0235309 0.0816511 0 -0.0204778 0.0789601 0
-0.0170926 0.0765549 0 -0.0134032 0.0744442 0 -0.00942293 0.0726259 0 -0.00515378
0.0710922 0 -0.000589371 0.0698323 0 0.00428304 0.0688344 0 0.00948032 0.0680853
0 0.0150226 0.0675719 0 0.020933 0.0672811 0 0.0272357 0.0671997 0
0.0339551 0.0673131 0 0.0411138 0.067603 0 0.0487321 0.0680455 0 0.0568268
0.0686084 0 0.0654092 0.0692498 0 0.074482 0.069917 0 0.0840349 0.0705441
0 0.0940392 0.0710507 0 0.104443 0.0713414 0 0.115165 0.0713075 0
0.126089 0.0708313 0 0.137063 0.0697933 0 0.147898 0.0680815 0 0.15837
0.0656031 0 0.168227 0.0622989 0 0.177213 0.0581429 0 0.185075 0.0531471
0 0.191583 0.0473737 0 0.196521 0.0409123 0 0.19981 0.0338618 0
0.201198 0.0265764 0 0.200589 0.0191687 0 0.197986 0.0117308 0 0.193515
0.00442155 0 0.187302 -0.00264383 0 0.179508 -0.00944964 0 0.170328 -0.0160568
0 0.159992 -0.0226708 0 0.148742 -0.0296854 0 0.136809 -0.0377479 0
0.124382 -0.047889 0 0.111544 -0.0617153 0 0.098185 -0.0816837 0 0.0838224
-0.111354 0 0.0675136 -0.155503 0 0.0477498 -0.219836 0 0.0228681 -0.31031
0 -0.00876454 -0.430238 0 -0.0422276 -0.565155 0 -0.0590211 -0.619034 0
-0.0235595 -0.385143 0 -0.00189283 0.0311148 0 -0.0113468 0.068832 0 -0.0208926
0.08925 0 -0.0285725 0.0982991 0 -0.0335013 0.100781 0 -0.0361808 0.0997643
0 -0.0369318 0.0969528 0 -0.0362761 0.0933325 0 -0.0345794 0.0894477 0
-0.0321255 0.0855954 0 -0.0291319 0.0819424 0 -0.0257226 0.0785759 0 -0.0219733
0.0755298 0 -0.0179298 0.0728093 0 -0.013618 0.0704055 0 -0.00905094 0.0683048
0 -0.00422909 0.0664895 0 0.000858505 0.0649384 0 0.00622584 0.0636339 0
0.0118881 0.0625602 0 0.0178633 0.0617014 0 0.0241724 0.0610428 0 0.0308373
0.0605711 0 0.0378782 0.0602733 0 0.0453128 0.0601337 0 0.053155 0.0601323
0 0.0614148 0.0602413 0 0.0700967 0.0604258 0 0.0791973 0.0606438 0
0.0887006 0.0608449 0 0.0985741 0.0609682 0 0.108766 0.0609423 0 0.119199
0.0606869 0 0.129772 0.0601158 0 0.140353 0.0591415 0 0.150784 0.0576822
0 0.160883 0.0556689 0 0.170445 0.0530543 0 0.179304 0.04978 0
0.187223 0.0458835 0 0.193979 0.0414326 0 0.19938 0.0365219 0 0.203184
0.0313188 0 0.205364 0.0258068 0 0.205919 0.0201556 0 0.20486 0.0145053
0 0.20218 0.00890522 0 0.19798 0.00339904 0 0.192435 -0.00201991 0
0.185699 -0.00745295 0 0.177916 -0.0130907 0 0.169248 -0.0193251 0 0.159829
-0.0267705 0 0.149742 -0.036385 0 0.138946 -0.0496226 0 0.127229 -0.0686688
0 0.114023 -0.0966489 0 0.0983806 -0.137819 0 0.0787043 -0.197399 0
0.0532769 -0.281394 0 0.0194561 -0.395149 0 -0.0201709 -0.53502 0 -0.0500091
-0.622848 0 -0.0258677 -0.429178 0 -0.003199 0.0389356 0 -0.0169835 0.0802002
0 -0.0289 0.0988785 0 -0.0373464 0.104787 0 -0.0420591 0.104528 0
-0.0437389 0.101289 0 -0.0431132 0.0967129 0 -0.0410075 0.0916864 0 -0.0378273
0.0866331 0 -0.0339962 0.0821004 0 -0.0297407 0.0780257 0 -0.0251608 0.0743529
0 -0.0203152 0.0710534 0 -0.015238 0.0681062 0 -0.00994826 0.0654878 0
-0.00445125 0.0631691 0 0.00126069 0.0611211 0 0.00719791 0.0593228 0 0.0133711
0.0577574 0 0.0197921 0.0564068 0 0.0264759 0.0552513 0 0.0334415 0.0542743
0 0.0407081 0.0534637 0 0.0482927 0.0528093 0 0.0562086 0.0522992 0
0.0644649 0.0519179 0 0.0730678 0.0516413 0 0.0820189 0.0514401 0 0.0913131
0.0512824 0 0.100934 0.0511316 0 0.11085 0.0509434 0 0.121014 0.050666
0 0.131362 0.0502413 0 0.141805 0.0496077 0 0.152235 0.048703 0
0.16252 0.047469 0 0.172509 0.0458567 0 0.182042 0.043824 0 0.190907
0.0413868 0 0.198938 0.0385418 0 0.205974 0.0353102 0 0.211893 0.0317323
0 0.216562 0.027896 0 0.21994 0.0238546 0 0.222003 0.0196907 0
0.222759 0.0154822 0 0.222223 0.0112732 0 0.220462 0.00706712 0 0.217532
0.00283791 0 0.213556 -0.00152673 0 0.20862 -0.00624944 0 0.202783 -0.0116717
0 0.19608 -0.0183517 0 0.188476 -0.0271628 0 0.179782 -0.0393975 0
0.169663 -0.0569864 0 0.157389 -0.0826468 0 0.141988 -0.120151 0 0.121662
-0.174192 0 0.0947948 -0.250594 0 0.0580065 -0.355996 0 0.0127254 -0.493928
0 -0.0337043 -0.612757 0 -0.0253943 -0.469385 0 -0.00560194 0.0514593 0
-0.0259796 0.095515 0 -0.0401158 0.11004 0 -0.0480331 0.111372 0 -0.0508174
0.107003 0 -0.0493522 0.100216 0 -0.0457609 0.0936678 0 -0.0412257 0.0877428
0 -0.0359943 0.0824105 0 -0.0302875 0.077498 0 -0.024176 0.0730671 0
-0.0177538 0.0690943 0 -0.0110918 0.0655416 0 -0.00423971 0.0623748 0 0.00277229
0.059554 0 0.00993537 0.0570338 0 0.0172543 0.0547786 0 0.0247347 0.0527658
0 0.0323792 0.0509797 0 0.0401933 0.0493997 0 0.0481875 0.0479994 0
0.0563773 0.0467595 0 0.0647779 0.0456702 0 0.0734009 0.0447244 0 0.082255
0.0439139 0 0.0913448 0.0432274 0 0.100679 0.0426445 0 0.110256 0.0421404
0 0.120069 0.0416926 0 0.130101 0.0412761 0 0.140327 0.0408605 0
0.150706 0.0404098 0 0.161186 0.0398838 0 0.171698 0.0392397 0 0.182159
0.0384343 0 0.192467 0.0374267 0 0.202505 0.0361818 0 0.212155 0.0346718
0 0.221271 0.0328888 0 0.229727 0.0308332 0 0.237405 0.028521 0
0.244211 0.0259805 0 0.250067 0.0232574 0 0.254915 0.0203793 0 0.258747
0.0173868 0 0.261536 0.0143316 0 0.263284 0.0112436 0 0.264001 0.00811482
0 0.263713 0.00490003 0 0.262459 0.00150461 0 0.260257 -0.00229465 0
0.257136 -0.00680492 0 0.252991 -0.0125031 0 0.247679 -0.0201529 0 0.240823
-0.030853 0 0.23197 -0.0462668 0 0.220105 -0.0686909 0 0.20422 -0.101432
0 0.182079 -0.148651 0 0.152372 -0.215891 0 0.11057 -0.310131 0
0.0586073 -0.441901 0 -0.00642977 -0.585269 0 -0.0198597 -0.500261 0 -0.0101816
0.0727243 0 -0.0399408 0.114923 0 -0.0529907 0.120689 0 -0.0556278 0.113986
0 -0.0518418 0.104747 0 -0.0462793 0.0963999 0 -0.0390165 0.0886547 0
-0.0305436 0.0816892 0 -0.0214077 0.0755815 0 -0.0118543 0.0701873 0 -0.00203754
0.0654274 0 0.0079366 0.0612218 0 0.0180016 0.0574996 0 0.028104 0.054208
0 0.0382144 0.051284 0 0.0483239 0.0486611 0 0.0584368 0.046298 0
0.0685579 0.0441729 0 0.0786838 0.0422731 0 0.0888251 0.0405762 0 0.0989942
0.0390485 0 0.109199 0.0376684 0 0.119449 0.0364287 0 0.12975 0.0353237
0 0.14011 0.0343458 0 0.150534 0.0334802 0 0.161064 0.0327078 0
0.171685 0.0320198 0 0.18238 0.0314038 0 0.193137 0.0308407 0 0.203941
0.0303073 0 0.214768 0.0297772 0 0.225586 0.0292223 0 0.236352 0.0286129
0 0.24701 0.0279192 0 0.257495 0.0271135 0 0.267729 0.0261715 0
0.277628 0.0250754 0 0.287104 0.0238169 0 0.296069 0.0223925 0 0.304435
0.0208077 0 0.312125 0.0190748 0 0.319067 0.017218 0 0.325216 0.0152529
0 0.330496 0.0132059 0 0.334891 0.0111032 0 0.338398 0.0089624 0
0.341028 0.00676627 0 0.342782 0.00446799 0 0.343643 0.00197512 0 0.343556
-0.000874555 0 0.342499 -0.00434623 0 0.34024 -0.00881567 0 0.336572 -0.014912
0 0.330878 -0.0234884 0 0.322639 -0.0358924 0 0.310369 -0.0539255 0
0.29308 -0.0803657 0 0.267633 -0.118759 0 0.233153 -0.174466 0 0.183485
-0.254484 0 0.12166 -0.374484 0 0.0349167 -0.53332 0 -0.00593895 -0.513248
0 -0.0197115 0.109717 0 -0.0537912 0.136452 0 -0.0533606 0.123246 0
-0.0451274 0.109386 0 -0.0322102 0.0970748 0 -0.0171168 0.0863953 0 -0.000957547
0.0772972 0 0.0157663 0.0696321 0 0.0325472 0.0631781 0 0.0491849 0.057648
0 0.0655421 0.0528627 0 0.0815468 0.0486986 0 0.0971721 0.0450607 0
0.112381 0.041888 0 0.127201 0.0391005 0 0.141644 0.036611 0 0.155732
0.034374 0 0.169483 0.0323656 0 0.182906 0.0305627 0 0.196085 0.028933
0 0.209048 0.0274601 0 0.221754 0.0261398 0 0.234208 0.0249626 0
0.246423 0.0239163 0 0.258415 0.0229887 0 0.270213 0.0221619 0 0.281809
0.0214242 0 0.293227 0.0207684 0 0.304497 0.0201837 0 0.315633 0.0196549
0 0.326646 0.0191649 0 0.337534 0.0186954 0 0.348288 0.0182275 0
0.358891 0.017742 0 0.369312 0.0172198 0 0.379514 0.016643 0 0.389448
0.0159964 0 0.399058 0.0152678 0 0.408284 0.0144512 0 0.417063 0.0135432
0 0.425331 0.0125455 0 0.433029 0.0114633 0 0.440099 0.0103089 0
0.446501 0.00909326 0 0.45219 0.0078333 0 0.457144 0.00653591 0 0.461333
0.00521392 0 0.464746 0.00384673 0 0.467371 0.00240508 0 0.469132 0.000786284
0 0.469953 -0.00108239 0 0.469793 -0.0034086 0 0.468261 -0.00644666 0
0.465189 -0.0106638 0 0.45964 -0.0166226 0 0.451214 -0.0252893 0 0.437717
-0.0378626 0 0.418435 -0.0564099 0 0.388644 -0.0835642 0 0.348182 -0.124228
0 0.287522 -0.185284 0 0.212176 -0.284585 0 0.0985751 -0.445135 0
0.0277904 -0.489451 0 -0.01324 0.157325 0 -0.0371519 0.143786 0 -0.00213133
0.111367 0 0.0364728 0.0925865 0 0.0719578 0.0782237 0 0.105605 0.0663329
0 0.137408 0.0567574 0 0.167272 0.0491545 0 0.195132 0.0430617 0
0.221131 0.0380571 0 0.24542 0.0338719 0 0.268142 0.0303317 0 0.28945
0.0273165 0 0.30941 0.0247263 0 0.328373 0.0224664 0 0.346292 0.0205007
0 0.363226 0.0187923 0 0.379239 0.0173052 0 0.394417 0.0160018 0
0.408795 0.0148506 0 0.422417 0.0138363 0 0.435383 0.012948 0 0.447767
0.012172 0 0.459636 0.0114944 0 0.471045 0.0109021 0 0.482049 0.0103831
0 0.492688 0.00992848 0 0.503004 0.00952833 0 0.51303 0.00917287 0
0.522794 0.00885288 0 0.532318 0.00855893 0 0.541615 0.00828112 0 0.550693
0.00800938 0 0.559549 0.00773358 0 0.568171 0.00744383 0 0.576539 0.00713088
0 0.584626 0.006787 0 0.592395 0.00640605 0 0.599808 0.00598476 0
0.60682 0.00552163 0 0.613388 0.00501811 0 0.61947 0.0044769 0 0.625024
0.00390463 0 0.630019 0.00330584 0 0.634427 0.00268874 0 0.638229 0.00204996
0 0.641406 0.00139725 0 0.643929 0.000716417 0 0.645732 5.86402e-05 0
0.646809 -0.000690839 0 0.647043 -0.00160225 0 0.646356 -0.00279321 0 0.644293
-0.00434901 0 0.640765 -0.00659424 0 0.634509 -0.00978747 0 0.625526 -0.0144771
0 0.610809 -0.0212493 0 0.590497 -0.0312616 0 0.557744 -0.0459186 0
0.51383 -0.0684301 0 0.443244 -0.104608 0 0.356197 -0.16964 0 0.209898
-0.300714 0 0.103879 -0.382549 0 0.177171 0.109601 0 0.216491 0.0900271
0 0.315426 0.0609456 0 0.400299 0.0433455 0 0.461029 0.0329159 0
0.508604 0.0254336 0 0.547941 0.0198179 0 0.581093 0.0156235 0 0.609296
0.012488 0 0.633555 0.0101072 0 0.654639 0.00826917 0 0.673153 0.00682961
0 0.6895 0.00569364 0 0.704097 0.00477837 0 0.717086 0.00403146 0
0.728759 0.00342317 0 0.739325 0.00293144 0 0.748947 0.00253401 0 0.757762
0.0022108 0 0.765883 0.00194737 0 0.773402 0.00173199 0 0.7804 0.00155478
0 0.786944 0.00140838 0 0.793095 0.0012871 0 0.798904 0.00118631 0
0.804416 0.00110215 0 0.80967 0.001032 0 0.814699 0.000973086 0 0.81953
0.000922648 0 0.824183 0.000878356 0 0.828675 0.000838031 0 0.833015 0.000799462
0 0.837208 0.000760542 0 0.841252 0.000719224 0 0.845139 0.000673708 0
0.848857 0.000622216 0 0.852388 0.000563783 0 0.855711 0.000497144 0 0.858804
0.000423 0 0.861642 0.000340181 0 0.864204 0.000252234 0 0.866463 0.000155787
0 0.868413 6.06383e-05 0 0.87002 -4.58654e-05 0 0.87131 -0.000138801 0
0.872213 -0.000262072 0 0.872847 -0.000345767 0 0.873028 -0.000515893 0 0.872865
-0.000576653 0 0.872349 -0.000653086 0 0.871243 -0.000787976 0 0.869559 -0.000984604
0 0.866833 -0.0013021 0 0.86318 -0.00172765 0 0.857344 -0.00242524 0
0.849683 -0.00335649 0 0.83728 -0.00487069 0 0.821263 -0.0068353 0 0.794619
-0.0100402 0 0.760599 -0.0143618 0 0.700332 -0.0223684 0 0.623425 -0.0367167
0 0.465299 -0.0678202 0 0.3209 -0.123762 0 
POINT_DATA  8450
FIELD attributes 2
p 1 8450 float
-0.00175035 -0.00175468 -0.001765 -0.0017765 -0.00178587 -0.00179121 -0.00179157 -0.00178662 -0.00177634 -0.00176089 -0.00174046
-0.00171526 -0.00168548 -0.00165124 -0.00161263 -0.00156974 -0.00152258 -0.00147119 -0.00141559 -0.00135579 -0.00129183
-0.00122376 -0.00115168 -0.00107569 -0.000995949 -0.000912689 -0.000826181 -0.000736761 -0.000644835 -0.000550891 -0.000455487
-0.000359236 -0.000262833 -0.000167055 -7.27111e-05 1.93523e-05 0.00010826 0.000193132 0.000273109 0.000347374 0.000415175
0.000475854 0.000528863 0.000573788 0.000610361 0.000638472 0.000658171 0.000669674 0.000673353 0.000669725 0.000659443
0.000643278 0.000622098 0.000596853 0.000568557 0.000538283 0.000507141 0.000476287 0.000446925 0.000420309 0.0003977
0.000380411 0.000369686 0.000365847 0.00036559 -0.00174603 -0.00175038 -0.00176025 -0.00177066 -0.00177877 -0.00178299
-0.00178247 -0.00177687 -0.00176617 -0.00175045 -0.0017299 -0.00170467 -0.00167493 -0.00164079 -0.00160234 -0.00155963
-0.00151269 -0.00146157 -0.00140626 -0.00134681 -0.00128324 -0.00121561 -0.00114401 -0.00106857 -0.000989442 -0.000906857
-0.000821085 -0.000732465 -0.000641402 -0.00054838 -0.000453953 -0.000358727 -0.000263386 -0.000168696 -7.54595e-05 1.54906e-05
0.000103294 0.000187086 0.000266023 0.000339302 0.000406189 0.000466038 0.000518315 0.000562618 0.000598688 0.000626423
0.000645881 0.00065728 0.000660995 0.000657546 0.000647587 0.000631886 0.000611312 0.000586813 0.000559399 0.000530134
0.000500117 0.000470483 0.000442382 0.000417007 0.000395555 0.000379213 0.000369108 0.000365513 0.00036528 -0.00173563
-0.00174056 -0.00175057 -0.00175957 -0.00176566 -0.00176791 -0.00176576 -0.00175892 -0.00174734 -0.00173107 -0.00171023
-0.00168491 -0.00165523 -0.00162127 -0.0015831 -0.00154076 -0.00149428 -0.00144367 -0.00138897 -0.0013302 -0.00126741
-0.00120064 -0.00113001 -0.00105563 -0.000977677 -0.000896372 -0.000811987 -0.000724861 -0.000635394 -0.000544065 -0.000451412
-0.000358035 -0.000264606 -0.000171868 -8.06044e-05 8.36882e-06 9.42129e-05 0.000176088 0.000253173 0.000324689 0.000389925
0.000448257 0.000499172 0.000542287 0.000577359 0.000604301 0.000623183 0.000634234 0.000637839 0.000634525 0.000624953
0.000609899 0.000590234 0.000566907 0.000540928 0.000513348 0.000485243 0.000457704 0.000431799 0.000408595 0.00038913
0.000374364 0.000365206 0.00036182 0.000361501 -0.00172395 -0.00173019 -0.00174196 -0.00175105 -0.00175618 -0.00175716
-0.00175378 -0.00174589 -0.00173351 -0.00171667 -0.00169547 -0.00167 -0.00164031 -0.00160648 -0.00156855 -0.00152655
-0.00148048 -0.00143038 -0.00137625 -0.00131812 -0.00125603 -0.00119004 -0.00112025 -0.00104679 -0.000969808 -0.000889539
-0.00080625 -0.000720271 -0.000632 -0.000541902 -0.00045051 -0.000358416 -0.000266291 -0.000174861 -8.48998e-05 2.78165e-06
8.73502e-05 0.000167972 0.000243834 0.000314162 0.00037825 0.000435481 0.00048535 0.000527477 0.000561633 0.00058774
0.00060588 0.000616298 0.000619396 0.00061572 0.00060595 0.000590882 0.000571403 0.000548478 0.000523125 0.000496394
0.000469346 0.000443033 0.000418468 0.000396612 0.000378339 0.000364434 0.000355603 0.000351905 0.000351268 -0.00171474
-0.00172255 -0.00173678 -0.00174693 -0.00175197 -0.00175235 -0.00174819 -0.00173954 -0.00172649 -0.00170914 -0.00168759
-0.00166192 -0.00163219 -0.00159844 -0.00156069 -0.00151896 -0.00147326 -0.00142358 -0.00136994 -0.00131235 -0.00125085
-0.0011855 -0.00111637 -0.00104359 -0.000967311 -0.000887751 -0.000805173 -0.000719898 -0.000632316 -0.000542885 -0.000452131
-0.000360647 -0.000269098 -0.000178212 -8.87662e-05 -1.58038e-06 8.25036e-05 0.000162641 0.000238004 0.000307806 0.00037133
0.000427947 0.000477143 0.000518537 0.000551898 0.000577157 0.000594409 0.00060392 0.000606115 0.000601571 0.000591001
0.000575232 0.000555184 0.000531851 0.00050627 0.000479503 0.000452607 0.000426609 0.000402479 0.000381099 0.000363233
0.000349524 0.000340494 0.000336111 0.000335017 -0.00171066 -0.00171999 -0.00173678 -0.00174831 -0.00175369 -0.00175386
-0.00174922 -0.00174002 -0.00172645 -0.00170867 -0.0016868 -0.00166094 -0.00163115 -0.00159744 -0.00155984 -0.00151834
-0.00147294 -0.00142362 -0.00137039 -0.00131325 -0.00125221 -0.00118733 -0.00111868 -0.00104637 -0.00097053 -0.000891377
-0.000809154 -0.000724178 -0.000636828 -0.000547556 -0.000456885 -0.00036541 -0.0002738 -0.000182793 -9.31809e-05 -5.8031e-06
7.84745e-05 0.00015878 0.000234257 0.00030409 0.000367532 0.000423931 0.000472752 0.000513602 0.000546247 0.000570622
0.000586838 0.000595186 0.000596125 0.000590272 0.000578386 0.000561339 0.000540099 0.000515697 0.000489205 0.000461706
0.000434265 0.000407897 0.00038354 0.000362021 0.000344024 0.000330081 0.000320556 0.00031536 0.000313787 -0.00171366
-0.00172437 -0.00174352 -0.00175646 -0.00176235 -0.00176252 -0.00175762 -0.00174804 -0.00173407 -0.00171594 -0.00169382
-0.00166779 -0.00163793 -0.00160425 -0.00156676 -0.00152544 -0.00148027 -0.00143124 -0.00137832 -0.0013215 -0.00126079
-0.00119622 -0.00112784 -0.00105575 -0.00098008 -0.000901012 -0.000818782 -0.000733694 -0.000646119 -0.000556504 -0.000465372
-0.000373323 -0.00028104 -0.000189277 -9.88525e-05 -1.06367e-05 7.44675e-05 0.000155546 0.000231699 0.000302066 0.000365859
0.000422388 0.000471089 0.000511548 0.000543524 0.000566957 0.000581977 0.000588907 0.000588249 0.000580673 0.000566993
0.000548147 0.000525158 0.000499112 0.000471125 0.000442313 0.000413756 0.000386473 0.000361382 0.000339272 0.000320777
0.000306346 0.000296231 0.000290301 0.000288333 -0.00172521 -0.00173711 -0.00175835 -0.00177259 -0.00177904 -0.00177933
-0.00177431 -0.00176447 -0.00175022 -0.00173182 -0.00170948 -0.00168332 -0.00165339 -0.00161972 -0.0015823 -0.00154111
-0.0014961 -0.00144726 -0.00139453 -0.0013379 -0.00127734 -0.00121288 -0.00114456 -0.00107243 -0.000996621 -0.000917293
-0.000834669 -0.000749038 -0.000660766 -0.000570292 -0.000478143 -0.000384933 -0.000291362 -0.000198211 -0.000106334 -1.66449e-05
6.99035e-05 0.000152341 0.00022971 0.00030109 0.000365638 0.000422617 0.000471421 0.000511614 0.000542942 0.00056535
0.000578995 0.000584237 0.000581632 0.000571918 0.000555981 0.000534833 0.000509573 0.000481353 0.000451345 0.000420708
0.000390551 0.000361902 0.000335675 0.00031264 0.000293398 0.000278357 0.000267695 0.000261252 0.000259039 -0.00174643
-0.00175935 -0.00178237 -0.00179777 -0.00180477 -0.00180523 -0.00180015 -0.00179016 -0.0017757 -0.00175711 -0.00173461
-0.00170833 -0.00167834 -0.00164465 -0.00160726 -0.00156613 -0.0015212 -0.00147243 -0.00141977 -0.00136316 -0.00130259
-0.00123802 -0.00116949 -0.00109704 -0.00102077 -0.000940822 -0.000857398 -0.000770777 -0.000681315 -0.000589453 -0.000495724
-0.000400756 -0.000305275 -0.000210101 -0.000116132 -2.43376e-05 6.4266e-05 0.000148639 0.000227748 0.000300604 0.000366293
0.000424017 0.000473127 0.00051315 0.000543822 0.000565097 0.00057716 0.00058042 0.000575502 0.000563222 0.000544557
0.000520612 0.000492573 0.000461677 0.000429163 0.000396245 0.000364068 0.000333679 0.000306001 0.000281798 0.000261657
0.000245969 0.000234891 0.000228234 0.000225961 -0.00177822 -0.001792 -0.00181653 -0.00183293 -0.00184041 -0.00184105
-0.00183598 -0.00182589 -0.0018113 -0.00179256 -0.00176993 -0.00174355 -0.00171349 -0.00167977 -0.00164237 -0.00160122
-0.00155628 -0.00150748 -0.00145474 -0.00139799 -0.00133719 -0.0012723 -0.0012033 -0.00113023 -0.00105316 -0.000972209
-0.000887566 -0.000799495 -0.000708344 -0.000614554 -0.000518669 -0.000421339 -0.000323324 -0.000225486 -0.000128781 -3.42467e-05
5.70232e-05 0.000143904 0.000225276 0.000300061 0.000367265 0.000426019 0.000475615 0.000515545 0.000545532 0.000565539
0.000575787 0.000576746 0.000569122 0.000553831 0.000531956 0.000504712 0.000473395 0.000439338 0.000403863 0.000368248
0.000333682 0.000301244 0.000271868 0.000246325 0.000225203 0.000208895 0.000197581 0.000191034 0.000188888 -0.00182132
-0.00183582 -0.00186162 -0.00187886 -0.00188678 -0.0018876 -0.00188255 -0.0018724 -0.00185771 -0.00183887 -0.00181614
-0.00178967 -0.00175954 -0.00172576 -0.00168829 -0.00164708 -0.00160203 -0.00155308 -0.00150012 -0.00144306 -0.00138184
-0.00131638 -0.00124666 -0.00117267 -0.00109446 -0.00101213 -0.000925844 -0.00083586 -0.000742517 -0.000646258 -0.00054764
-0.000447341 -0.00034616 -0.000245011 -0.000144921 -4.70061e-05 4.75474e-05 0.000137516 0.000221676 0.000298848 0.000367941
0.000428003 0.000478261 0.000518167 0.000547422 0.000566008 0.000574187 0.000572505 0.000561762 0.000542992 0.000517409
0.000486358 0.000451264 0.000413572 0.000374703 0.000336008 0.000298731 0.000263982 0.000232716 0.000205716 0.000183577
0.000166711 0.000155362 0.000149244 0.0001474 -0.00187635 -0.00189145 -0.00191832 -0.00193628 -0.00194457 -0.00194554
-0.00194054 -0.00193036 -0.0019156 -0.00189668 -0.00187389 -0.00184735 -0.00181715 -0.00178328 -0.00174571 -0.00170436
-0.00165913 -0.00160992 -0.00155661 -0.00149909 -0.00143725 -0.00137101 -0.00130031 -0.00122511 -0.00114544 -0.00106136
-0.000973033 -0.000880687 -0.00078466 -0.000685397 -0.000583476 -0.000479603 -0.000374623 -0.000269515 -0.000165384 -6.34399e-05
3.50256e-05 0.000128673 0.00021616 0.000296189 0.000367559 0.00042922 0.000480324 0.000520272 0.000548752 0.000565758
0.000571608 0.000566929 0.00055264 0.000529912 0.00050011 0.000464737 0.000425366 0.000383576 0.000340901 0.000298775
0.000258501 0.000221225 0.000187922 0.000159389 0.000136235 0.000118898 0.000107697 0.000102289 0.000100914 -0.00194382
-0.00195943 -0.00198721 -0.00200577 -0.00201438 -0.0020155 -0.00201054 -0.00200036 -0.00198558 -0.00196662 -0.00194377
-0.00191719 -0.00188692 -0.00185296 -0.00181527 -0.00177374 -0.00172826 -0.00167871 -0.00162495 -0.00156683 -0.00150423
-0.00143702 -0.00136512 -0.00128845 -0.00120702 -0.00112087 -0.00103012 -0.00093499 -0.000835813 -0.00073304 -0.000627263
-0.000519226 -0.000409827 -0.000300116 -0.000191288 -8.46579e-05 1.83598e-05 0.000116295 0.000207669 0.000291048 0.000365105
0.000428681 0.00048084 0.000520926 0.000548604 0.000563889 0.000567155 0.000559132 0.000540871 0.000513703 0.000479171
0.000438962 0.000394822 0.000348487 0.000301617 0.000255742 0.000212225 0.000172247 0.000136801 0.000106693 8.25426e-05
6.48307e-05 5.39419e-05 4.94914e-05 4.87376e-05 -0.0020242 -0.00204025 -0.00206879 -0.00208787 -0.00209675 -0.00209802
-0.00209313 -0.00208297 -0.00206819 -0.00204924 -0.00202638 -0.00199977 -0.00196947 -0.00193543 -0.00189762 -0.00185591
-0.00181016 -0.00176023 -0.00170594 -0.00164714 -0.00158366 -0.00151535 -0.00144207 -0.00136374 -0.00128031 -0.00119181
-0.00109831 -0.00100004 -0.000897302 -0.000790555 -0.000680413 -0.000567658 -0.000453244 -0.000338305 -0.000224132 -0.000112163
-3.9459e-06 9.88999e-05 0.000194742 0.000281996 0.000359192 0.000425043 0.000478514 0.000518883 0.000545786 0.000559256
0.000559731 0.000548051 0.000525419 0.000493351 0.000453597 0.000408054 0.000358672 0.000307367 0.000255946 0.00020604
0.000159078 0.000116267 7.86114e-05 4.69092e-05 2.17934e-05 3.79223e-06 -6.61637e-06 -9.89265e-06 -9.92105e-06 -0.00211788
-0.00213429 -0.00216348 -0.00218301 -0.00219215 -0.00219357 -0.00218877 -0.00217868 -0.00216396 -0.00214506 -0.00212226
-0.00209569 -0.0020654 -0.00203134 -0.00199345 -0.00195158 -0.00190558 -0.00185528 -0.00180047 -0.00174096 -0.00167656
-0.00160707 -0.00153234 -0.00145223 -0.00136665 -0.0012756 -0.00117913 -0.00107743 -0.000970795 -0.000859688 -0.00074474
-0.000626774 -0.000506806 -0.000386056 -0.000265925 -0.000147983 -3.39302e-05 7.44533e-05 0.000175365 0.000267054 0.00034789
0.000416447 0.000471572 0.000512463 0.00053872 0.000550384 0.000547958 0.000532396 0.000505072 0.000467708 0.000422288
0.000370953 0.000315891 0.000259228 0.000202935 0.000148761 9.81957e-05 5.24662e-05 1.25634e-05 -2.07253e-05 -4.6765e-05
-6.49933e-05 -7.48134e-05 -7.67571e-05 -7.59735e-05 -0.00222518 -0.00224191 -0.00227167 -0.0022916 -0.00230098 -0.00230256
-0.0022979 -0.00228794 -0.00227335 -0.00225459 -0.00223193 -0.00220549 -0.0021753 -0.00214132 -0.00210344 -0.00206151
-0.00201535 -0.00196475 -0.00190949 -0.00184935 -0.00178408 -0.00171346 -0.00163729 -0.00155538 -0.00146762 -0.00137395
-0.0012744 -0.0011691 -0.00105837 -0.000942632 -0.000822553 -0.00069899 -0.000573025 -0.000445966 -0.000319338 -0.000194854
-7.43726e-05 4.01491e-05 0.000146731 0.000243443 0.000328487 0.000400279 0.000457538 0.000499359 0.000525286 0.000535353
0.000530111 0.000510629 0.000478451 0.000435525 0.000384099 0.000326596 0.000265476 0.00020311 0.000141664 8.30226e-05
2.87363e-05 -1.99679e-05 -6.21284e-05 -9.69833e-05 -0.000123921 -0.000142355 -0.00015155 -0.000152082 -0.00015043 -0.00234639
-0.0023634 -0.00239366 -0.00241395 -0.00242358 -0.00242536 -0.0024209 -0.00241115 -0.0023968 -0.00237828 -0.00235588
-0.00232971 -0.00229978 -0.00226603 -0.00222833 -0.0021865 -0.00214035 -0.00208964 -0.0020341 -0.00197349 -0.00190753
-0.00183594 -0.00175848 -0.00167493 -0.0015851 -0.00148891 -0.00138632 -0.00127746 -0.00116258 -0.00104212 -0.000916761
-0.000787391 -0.00065515 -0.000521442 -0.000387929 -0.000256469 -0.00012909 -7.92027e-06 0.000104882 0.000207213 0.000297102
0.000372806 0.000432894 0.000476337 0.000502588 0.000511632 0.000504036 0.000480948 0.000444069 0.000395576 0.000338003
0.000274092 0.000206626 0.000138268 7.1424e-05 8.129e-06 -4.99973e-05 -0.000101733 -0.000146169 -0.000182597 -0.000210452
-0.000229127 -0.000237742 -0.000236893 -0.000234383 -0.00248177 -0.00249901 -0.0025297 -0.00255034 -0.00256025 -0.00256229
-0.00255811 -0.00254868 -0.00253469 -0.00251658 -0.00249462 -0.0024689 -0.00243944 -0.00240613 -0.00236885 -0.00232738
-0.0022815 -0.00223096 -0.00217545 -0.00211469 -0.00204835 -0.00197613 -0.00189772 -0.00181285 -0.00172128 -0.00162286
-0.00151753 -0.00140535 -0.00128654 -0.00116154 -0.001031 -0.000895882 -0.000757364 -0.000616954 -0.000476458 -0.000337877
-0.000203393 -7.52903e-05 4.41244e-05 0.000152602 0.000248028 0.000328505 0.000392445 0.000438663 0.000466463 0.000475711
0.000466902 0.000441188 0.000400364 0.000346802 0.000283323 0.000213025 0.000139072 6.44947e-05 -8.00372e-06 -7.61856e-05
-0.000138337 -0.000193239 -0.000240047 -0.000278149 -0.000307051 -0.000326129 -0.000334352 -0.000332312 -0.000329036 -0.00263152
-0.00264895 -0.00268003 -0.002701 -0.00271121 -0.00271359 -0.00270981 -0.00270084 -0.00268738 -0.00266988 -0.00264857
-0.00262357 -0.00259484 -0.00256229 -0.00252575 -0.00248501 -0.0024398 -0.00238984 -0.00233481 -0.00227437 -0.00220816
-0.00213583 -0.00205702 -0.0019714 -0.00187868 -0.00177863 -0.00167114 -0.00155621 -0.00143403 -0.00130501 -0.00116981
-0.00102939 -0.000885063 -0.000738426 -0.000591383 -0.000446077 -0.00030482 -0.000169994 -4.39792e-05 7.09145e-05 0.000172501
0.000258777 0.00032801 0.00037883 0.000410313 0.000422081 0.000414399 0.000388254 0.000345384 0.00028824 0.000219873
0.000143742 6.34641e-05 -1.74632e-05 -9.59225e-05 -0.00016937 -0.000235927 -0.00029434 -0.000343833 -0.000383929 -0.000414231
-0.000434094 -0.000442336 -0.000439521 -0.000435678 -0.00279577 -0.00281338 -0.00284478 -0.00286608 -0.00287666 -0.00287947
-0.00287622 -0.00286789 -0.00285518 -0.00283852 -0.00281817 -0.00279419 -0.00276656 -0.00273516 -0.00269981 -0.00266026
-0.00261625 -0.00256744 -0.00251351 -0.00245405 -0.00238869 -0.00231702 -0.00223862 -0.00215312 -0.00206015 -0.00195943
-0.00185076 -0.0017341 -0.00160958 -0.0014776 -0.00133883 -0.00119429 -0.00104539 -0.000893831 -0.000741597 -0.000590975
-0.000444332 -0.000304032 -0.000172374 -5.15519e-05 5.63454e-05 0.00014934 0.00022564 0.000283695 0.000322275 0.000340573
0.000338365 0.000316151 0.000275285 0.000218012 0.00014741 6.72149e-05 -1.84714e-05 -0.000105542 -0.000190265 -0.000269588
-0.000341298 -0.000403998 -0.000456937 -0.000499759 -0.000532183 -0.000553572 -0.000562597 -0.000559737 -0.000555673 -0.00297462
-0.00299236 -0.00302405 -0.0030457 -0.0030567 -0.00306007 -0.00305752 -0.00305004 -0.00303833 -0.00302283 -0.00300377
-0.00298122 -0.00295513 -0.00292538 -0.00289175 -0.00285402 -0.00281186 -0.00276495 -0.00271291 -0.00265533 -0.00259178
-0.00252182 -0.00244498 -0.00236081 -0.00226891 -0.00216891 -0.00206056 -0.00194375 -0.00181861 -0.00168551 -0.00154518
-0.00139875 -0.00124777 -0.00109401 -0.000939565 -0.000786865 -0.000638238 -0.000495832 -0.000361601 -0.000237252 -0.000124431
-2.47916e-05 6.00674e-05 0.000128568 0.000179159 0.000210404 0.000221185 0.000210972 0.000180102 0.000129992 6.32295e-05
-1.65083e-05 -0.000104735 -0.000196605 -0.000287473 -0.0003734 -0.000451485 -0.000519914 -0.000577789 -0.000624778 -0.000660687
-0.000684912 -0.00069598 -0.000694217 -0.000690456 -0.00316811 -0.00318595 -0.00321789 -0.00323989 -0.0032514 -0.00325547
-0.0032538 -0.00324743 -0.00323703 -0.00322305 -0.00320569 -0.00318503 -0.00316102 -0.00313351 -0.00310229 -0.00306711
-0.00302765 -0.00298355 -0.00293443 -0.00287985 -0.00281936 -0.00275248 -0.0026787 -0.00259752 -0.00250848 -0.00241118
-0.00230529 -0.00219071 -0.00206754 -0.00193626 -0.00179772 -0.00165321 -0.00150449 -0.00135371 -0.00120306 -0.00105483
-0.000911311 -0.000774306 -0.000644956 -0.000523737 -0.0004112 -0.000308049 -0.000215055 -0.00013334 -6.45604e-05 -1.0931e-05
2.50085e-05 4.08336e-05 3.47722e-05 6.21253e-06 -4.3887e-05 -0.000112785 -0.000196102 -0.000288294 -0.000383435 -0.000476105
-0.000562034 -0.000638393 -0.000703684 -0.000757326 -0.000799071 -0.000828277 -0.000843317 -0.000844303 -0.000841585 -0.00337621
-0.00339411 -0.00342624 -0.00344863 -0.00346074 -0.00346566 -0.00346511 -0.00346013 -0.00345139 -0.00343932 -0.00342416
-0.00340594 -0.00338463 -0.00336006 -0.00333205 -0.00330031 -0.00326454 -0.00322438 -0.00317943 -0.00312926 -0.00307339
-0.00301132 -0.00294253 -0.00286649 -0.00278272 -0.00269076 -0.00259033 -0.00248133 -0.00236401 -0.00223903 -0.00210755
-0.00197129 -0.00183236 -0.00169346 -0.00155737 -0.00142612 -0.00130157 -0.00118513 -0.00107627 -0.000973082 -0.000873837
-0.000777064 -0.000681369 -0.000586315 -0.000492999 -0.000404353 -0.000324932 -0.000260252 -0.000215895 -0.000196555 -0.000205051
-0.000241481 -0.000302935 -0.000383747 -0.000476494 -0.000573463 -0.000667881 -0.00075474 -0.000830972 -0.000895057 -0.000946273
-0.000983724 -0.00100554 -0.00101155 -0.00101085 -0.00359882 -0.00361673 -0.00364901 -0.0036718 -0.00368462 -0.00369057
-0.00369139 -0.00368811 -0.00368142 -0.00367174 -0.00365929 -0.00364415 -0.00362624 -0.00360544 -0.00358154 -0.00355429
-0.00352338 -0.00348848 -0.0034492 -0.00340512 -0.00335576 -0.00330065 -0.00323928 -0.00317111 -0.00309568 -0.00301259
-0.00292164 -0.00282291 -0.00271695 -0.00260488 -0.00248855 -0.00237051 -0.00225389 -0.00214207 -0.00203844 -0.00194582
-0.00186593 -0.00179813 -0.00173941 -0.00168332 -0.00162349 -0.00155487 -0.00147138 -0.00136896 -0.00124678 -0.00110801
-0.00095975 -0.000812078 -0.000676682 -0.000565338 -0.000488107 -0.000451422 -0.000456831 -0.000500366 -0.000573548 -0.00066563
-0.000765699 -0.000864585 -0.00095578 -0.00103536 -0.00110117 -0.0011515 -0.00118397 -0.00119797 -0.00120056 -0.00383572
-0.00385361 -0.00388599 -0.00390921 -0.00392286 -0.00393002 -0.00393248 -0.00393126 -0.00392704 -0.00392026 -0.00391113
-0.00389974 -0.00388603 -0.00386989 -0.00385115 -0.00382956 -0.00380487 -0.00377675 -0.00374488 -0.00370887 -0.00366829
-0.00362272 -0.00357169 -0.00351477 -0.00345158 -0.00338188 -0.00330572 -0.0032236 -0.0031367 -0.00304707 -0.00295783
-0.00287316 -0.00279809 -0.00273781 -0.00269687 -0.00267882 -0.00268444 -0.00271129 -0.00275537 -0.0027969 -0.0028206
-0.00281945 -0.00277752 -0.00268383 -0.00253342 -0.00232876 -0.00207988 -0.00180313 -0.00151892 -0.00124948 -0.00101663
-0.000838564 -0.000726722 -0.000682968 -0.000699942 -0.000763991 -0.000858256 -0.000966481 -0.00107552 -0.00117629 -0.0012632
-0.00133253 -0.00138073 -0.00140647 -0.00141388 -0.00408666 -0.00410448 -0.0041369 -0.00416057 -0.00417515 -0.00418375
-0.00418813 -0.00418933 -0.00418804 -0.0041847 -0.00417954 -0.00417265 -0.00416401 -0.00415352 -0.00414107 -0.00412646
-0.00410948 -0.00408988 -0.00406739 -0.00404173 -0.00401255 -0.00397955 -0.00394238 -0.0039008 -0.00385463 -0.00380401
-0.00374949 -0.00369235 -0.00363496 -0.00358107 -0.00353606 -0.00350696 -0.00350202 -0.00352984 -0.00359781 -0.00371001
-0.00386502 -0.00405576 -0.00426862 -0.00448193 -0.00466765 -0.0047966 -0.00484326 -0.00478741 -0.00461742 -0.00433367
-0.00394962 -0.00348962 -0.00298478 -0.0024702 -0.00198393 -0.00156282 -0.00123643 -0.00102001 -0.000912895 -0.000901174
-0.000961172 -0.00106608 -0.00119135 -0.00131797 -0.00143323 -0.00152902 -0.00159929 -0.00164144 -0.00165555 -0.00435126
-0.00436895 -0.00440135 -0.0044255 -0.00444114 -0.00445138 -0.00445798 -0.00446198 -0.00446409 -0.00446476 -0.00446423
-0.00446263 -0.00445997 -0.00445622 -0.00445129 -0.00444507 -0.00443744 -0.00442826 -0.00441736 -0.0044046 -0.0043898
-0.00437284 -0.00435362 -0.0043322 -0.00430884 -0.00428427 -0.00425997 -0.0042386 -0.00422453 -0.00422435 -0.00424722
-0.00430483 -0.00441073 -0.00457869 -0.00482013 -0.00514048 -0.0055356 -0.0059892 -0.00647139 -0.00695337 -0.00739086
-0.00772795 -0.00792481 -0.00794957 -0.00778136 -0.00741648 -0.00687101 -0.00617693 -0.005375 -0.00451366 -0.00365217
-0.00285406 -0.00217642 -0.00165838 -0.0013163 -0.00114356 -0.00111207 -0.00118203 -0.00131153 -0.0014645 -0.00161468
-0.00174515 -0.00184502 -0.00190948 -0.00193275 -0.00462902 -0.00464655 -0.00467885 -0.00470351 -0.00472033 -0.00473241
-0.00474152 -0.00474871 -0.0047547 -0.00475995 -0.00476475 -0.00476925 -0.00477352 -0.0047776 -0.00478148 -0.00478517
-0.00478864 -0.00479191 -0.00479499 -0.00479793 -0.00480081 -0.00480379 -0.00480716 -0.00481146 -0.00481767 -0.00482751
-0.00484393 -0.00487179 -0.00491864 -0.00499552 -0.00511743 -0.00530322 -0.00557423 -0.00595144 -0.00645094 -0.00707836
-0.00782377 -0.00865865 -0.00953663 -0.0103994 -0.0111786 -0.0118032 -0.0122164 -0.0123762 -0.0122517 -0.0118317
-0.0111283 -0.0101728 -0.00900776 -0.00769275 -0.00632036 -0.00499214 -0.00379674 -0.00280711 -0.00207107 -0.00160352
-0.00138127 -0.00135347 -0.00145593 -0.00162622 -0.00181462 -0.00198786 -0.00212626 -0.00221991 -0.00225483 -0.00491937
-0.00493668 -0.00496882 -0.004994 -0.00501211 -0.00502623 -0.00503814 -0.00504889 -0.00505923 -0.00506963 -0.00508044
-0.00509185 -0.005104 -0.00511704 -0.00513105 -0.00514618 -0.00516257 -0.00518043 -0.00520001 -0.00522163 -0.00524573
-0.0052729 -0.00530398 -0.00534026 -0.00538374 -0.00543767 -0.00550721 -0.0056005 -0.00572981 -0.00591268 -0.00617252
-0.00653818 -0.00704134 -0.00771153 -0.00856866 -0.00961494 -0.0108285 -0.0121612 -0.0135425 -0.0148861 -0.016097
-0.0170825 -0.0177725 -0.0181169 -0.0180768 -0.017634 -0.0167913 -0.0155728 -0.0140203 -0.012204 -0.0102363
-0.00824631 -0.00636537 -0.00471515 -0.00338957 -0.00244446 -0.00188096 -0.00164848 -0.00166147 -0.00182245 -0.00204485
-0.00226677 -0.00245154 -0.00258243 -0.00263338 -0.00522161 -0.00523864 -0.00527055 -0.00529626 -0.00531576 -0.0053321
-0.00534707 -0.00536174 -0.00537685 -0.00539296 -0.00541042 -0.00542952 -0.00545049 -0.00547357 -0.00549902 -0.00552713
-0.00555827 -0.00559289 -0.00563154 -0.00567493 -0.00572396 -0.0057798 -0.00584407 -0.0059191 -0.00600835 -0.00611719
-0.00625394 -0.00643132 -0.00666814 -0.0069908 -0.00743395 -0.00803909 -0.00884993 -0.00990405 -0.0112217 -0.0127948
-0.014581 -0.016504 -0.0184618 -0.0203393 -0.0220214 -0.0234011 -0.0243914 -0.0249332 -0.0249909 -0.0245453
-0.0235926 -0.0221472 -0.0202493 -0.0179779 -0.0154335 -0.0127455 -0.0100787 -0.00761025 -0.00550117 -0.00386831
-0.00276656 -0.0021709 -0.00198843 -0.00208515 -0.00232344 -0.00259566 -0.00283591 -0.00301367 -0.00308492 -0.00553495
-0.00555164 -0.00558324 -0.00560949 -0.00563046 -0.00564918 -0.00566744 -0.00568631 -0.00570661 -0.00572889 -0.0057536
-0.00578111 -0.00581176 -0.00584593 -0.00588404 -0.00592662 -0.00597426 -0.00602775 -0.00608803 -0.00615627 -0.00623396
-0.00632305 -0.00642616 -0.00654698 -0.00669097 -0.00686631 -0.0070855 -0.00736731 -0.00773904 -0.00823837 -0.00891363
-0.0098208 -0.0110155 -0.0125401 -0.0144084 -0.0165932 -0.019022 -0.0215831 -0.0241401 -0.0265507 -0.0286842
-0.0304301 -0.0316956 -0.0324177 -0.0325644 -0.0321201 -0.0310838 -0.0294707 -0.0273236 -0.0247096 -0.0216928
-0.0183827 -0.0149519 -0.0116121 -0.0085879 -0.00607722 -0.00422134 -0.00305994 -0.00252568 -0.00246318 -0.00267647
-0.00299202 -0.00329688 -0.00353246 -0.00362802 -0.00585847 -0.00587478 -0.005906 -0.00593277 -0.00595527 -0.00597649
-0.00599821 -0.00602154 -0.00604733 -0.0060762 -0.00610867 -0.00614521 -0.0061863 -0.00623247 -0.00628437 -0.00634275
-0.00640853 -0.00648287 -0.00656718 -0.00666319 -0.00677314 -0.00689993 -0.00704743 -0.00722109 -0.00742881 -0.00768239
-0.00799953 -0.00840651 -0.00894096 -0.00965385 -0.0106088 -0.0118765 -0.013522 -0.0155866 -0.0180691 -0.0209137
-0.0240107 -0.0272099 -0.0303431 -0.0332467 -0.0357801 -0.0378334 -0.039323 -0.0401919 -0.0404118 -0.0399742
-0.0388851 -0.0371652 -0.0348535 -0.0319927 -0.0286314 -0.024856 -0.0208025 -0.0166673 -0.0127104 -0.00921231
-0.0064178 -0.00447445 -0.00338979 -0.00302624 -0.00314064 -0.00347698 -0.00384969 -0.00415468 -0.00428105 -0.00619119
-0.00620707 -0.00623783 -0.0062651 -0.00628916 -0.00631294 -0.00633824 -0.00636621 -0.00639771 -0.00643347 -0.00647408
-0.00652013 -0.00657227 -0.0066312 -0.00669782 -0.00677316 -0.0068585 -0.00695543 -0.00706589 -0.00719232 -0.0073378
-0.00750636 -0.0077034 -0.00793645 -0.00821638 -0.00855927 -0.008989 -0.00954058 -0.0102634 -0.0112229 -0.0124986
-0.0141738 -0.0163187 -0.0189662 -0.0220916 -0.025603 -0.0293496 -0.0331446 -0.0367929 -0.0401171 -0.0429741
-0.0452598 -0.0469033 -0.0478631 -0.0481254 -0.0476938 -0.0465827 -0.0448139 -0.0424143 -0.0394109 -0.0358452
-0.0317766 -0.0272909 -0.0225393 -0.0177651 -0.0132903 -0.00946136 -0.00655754 -0.00471173 -0.00386462 -0.00376618
-0.00407795 -0.00451368 -0.00489885 -0.00506338 -0.00653203 -0.00654744 -0.00657768 -0.0066054 -0.00663101 -0.00665738
-0.0066863 -0.00671896 -0.00675629 -0.00679909 -0.00684807 -0.00690396 -0.00696755 -0.0070398 -0.00712183 -0.007215
-0.00732101 -0.00744192 -0.00758027 -0.00773929 -0.00792303 -0.00813682 -0.00838779 -0.00868585 -0.00904526 -0.00948692
-0.0100416 -0.010754 -0.0116858 -0.0129174 -0.0145426 -0.0166546 -0.0193228 -0.0225646 -0.0263247 -0.0304711
-0.0348122 -0.0391281 -0.0432037 -0.0468551 -0.0499431 -0.0523751 -0.0540968 -0.0550849 -0.0553416 -0.0548853
-0.0537433 -0.0519461 -0.0495216 -0.0464913 -0.0428726 -0.0386872 -0.0339808 -0.0288498 -0.0234761 -0.0181677
-0.0133386 -0.0093901 -0.00660874 -0.00507992 -0.00461679 -0.00482875 -0.00530969 -0.00578361 -0.00599428 -0.00687985
-0.00689476 -0.00692442 -0.00695255 -0.00697965 -0.00700854 -0.00704102 -0.00707832 -0.00712145 -0.0071713 -0.00722869
-0.00729452 -0.00736975 -0.00745559 -0.00755342 -0.00766497 -0.00779236 -0.00793818 -0.00810565 -0.0082988 -0.0085228
-0.00878437 -0.00909252 -0.0094598 -0.00990409 -0.0104515 -0.01114 -0.0120241 -0.013178 -0.0146958 -0.0166836
-0.0192401 -0.0224281 -0.0262441 -0.0305983 -0.0353183 -0.0401752 -0.0449219 -0.0493311 -0.0532189 -0.0564562
-0.0589648 -0.0607075 -0.0616774 -0.0618899 -0.0613761 -0.0601763 -0.0583341 -0.0558888 -0.0528684 -0.0492845
-0.0451341 -0.0404146 -0.0351524 -0.0294511 -0.0235572 -0.0178971 -0.0129518 -0.0091478 -0.00676442 -0.00576364
-0.00576894 -0.00625994 -0.00682672 -0.00709097 -0.00723347 -0.00724785 -0.00727688 -0.00730535 -0.00733384 -0.00736513
-0.007401 -0.00744276 -0.00749149 -0.00754819 -0.00761382 -0.00768943 -0.00777622 -0.00787559 -0.00798927 -0.00811934
-0.00826835 -0.00843948 -0.00863662 -0.00886471 -0.00913003 -0.00944076 -0.00980792 -0.0102467 -0.0107788 -0.0114355
-0.012262 -0.013322 -0.0147015 -0.0165064 -0.018852 -0.0218381 -0.0255164 -0.0298593 -0.0347432 -0.0399584
-0.0452443 -0.0503348 -0.0549968 -0.0590527 -0.062386 -0.0649332 -0.0666704 -0.0676014 -0.0677501 -0.067156
-0.0658706 -0.063952 -0.0614569 -0.0584298 -0.0548926 -0.0508382 -0.0462351 -0.0410486 -0.0352882 -0.0290972
-0.0228656 -0.0171018 -0.0123139 -0.0089745 -0.00727282 -0.00694101 -0.00738653 -0.00804246 -0.00836585 -0.00759167
-0.00760553 -0.00763389 -0.00766261 -0.00769234 -0.00772579 -0.00776477 -0.00781064 -0.00786458 -0.00792772 -0.00800117
-0.00808615 -0.00818407 -0.0082966 -0.00842576 -0.00857402 -0.00874438 -0.00894058 -0.00916724 -0.00943017 -0.00973678
-0.0100967 -0.010523 -0.0110335 -0.0116533 -0.0124189 -0.0133819 -0.0146146 -0.0162124 -0.0182911 -0.0209721
-0.0243523 -0.0284692 -0.0332716 -0.0386065 -0.0442327 -0.0498654 -0.0552265 -0.0600831 -0.0642668 -0.0676734
-0.0702507 -0.0719821 -0.0728758 -0.0729581 -0.0722725 -0.0708787 -0.0688494 -0.0662615 -0.0631834 -0.0596595
-0.0556963 -0.0512566 -0.046269 -0.0406629 -0.034452 -0.0279123 -0.0215797 -0.015992 -0.0117078 -0.00918814
-0.00838311 -0.00870816 -0.00943852 -0.00982307 -0.00795327 -0.00796661 -0.00799428 -0.00802315 -0.00805391 -0.0080892
-0.00813085 -0.00818031 -0.00823887 -0.0083078 -0.00838837 -0.008482 -0.0085903 -0.00871521 -0.00885906 -0.00902468
-0.00921554 -0.00943592 -0.00969114 -0.00998785 -0.0103345 -0.0107423 -0.011226 -0.0118058 -0.0125103 -0.01338
-0.0144724 -0.0158664 -0.0176651 -0.0199909 -0.0229689 -0.0266919 -0.0311776 -0.0363574 -0.0420589 -0.0480143
-0.0539221 -0.0594981 -0.0645131 -0.0688075 -0.0722867 -0.0749047 -0.0766463 -0.077518 -0.077544 -0.076767
-0.0752523 -0.0730857 -0.0703646 -0.0671845 -0.0636195 -0.0597029 -0.0554121 -0.0506667 -0.0453481 -0.039353
-0.0327468 -0.0260822 -0.0199636 -0.0148854 -0.0115131 -0.0101176 -0.0102343 -0.0110118 -0.011455 -0.0083171
-0.00832994 -0.00835694 -0.00838584 -0.00841736 -0.00845405 -0.00849778 -0.00855012 -0.00861248 -0.00868628 -0.00877299
-0.0088742 -0.00899177 -0.00912788 -0.00928516 -0.00946681 -0.00967672 -0.00991969 -0.0102017 -0.0105301 -0.0109145
-0.0113672 -0.0119046 -0.0125491 -0.0133319 -0.014297 -0.0155061 -0.017043 -0.0190153 -0.0215495 -0.0247731
-0.0287755 -0.0335506 -0.0390167 -0.0449978 -0.0512062 -0.0573276 -0.0630767 -0.0682285 -0.0726302 -0.076192
-0.0788686 -0.0806409 -0.081511 -0.0814971 -0.0806373 -0.0790006 -0.0766835 -0.0738029 -0.070481 -0.0668237
-0.0628978 -0.0587087 -0.0541889 -0.0492028 -0.0435731 -0.037171 -0.0303853 -0.0239475 -0.0183362 -0.014194
-0.0121385 -0.011958 -0.0127443 -0.013241 -0.00868205 -0.00869446 -0.00872083 -0.00874962 -0.00878155 -0.00881908
-0.00886416 -0.00891844 -0.00898353 -0.00906103 -0.00915257 -0.00925997 -0.00938531 -0.00953102 -0.00970003 -0.00989585
-0.0101228 -0.010386 -0.0106922 -0.0110494 -0.011468 -0.0119612 -0.012547 -0.0132493 -0.0141013 -0.0151493
-0.0164577 -0.0181128 -0.0202243 -0.0229187 -0.0263246 -0.0305308 -0.0355151 -0.041179 -0.0473501 -0.0537372
-0.0600163 -0.0659034 -0.0711764 -0.075685 -0.0793394 -0.0820905 -0.0839133 -0.0847998 -0.08476 -0.0838302
-0.0820801 -0.0796146 -0.0765672 -0.0730839 -0.0693016 -0.0653212 -0.0611823 -0.0568434 -0.0521753 -0.0469754
-0.0410236 -0.034334 -0.027703 -0.0218146 -0.0171082 -0.0144023 -0.0138526 -0.0146021 -0.0151447 -0.00904715
-0.00905921 -0.00908503 -0.00911357 -0.00914549 -0.00918317 -0.00922864 -0.00928373 -0.00935022 -0.0094299 -0.00952465
-0.0096365 -0.00976775 -0.00992109 -0.0100997 -0.0103073 -0.0105486 -0.0108293 -0.0111564 -0.0115385 -0.0119866
-0.0125149 -0.0131422 -0.0138935 -0.0148032 -0.0159187 -0.0173053 -0.01905 -0.0212613 -0.0240631 -0.027581
-0.0319044 -0.0370143 -0.0427949 -0.0490691 -0.0555582 -0.0619391 -0.0679285 -0.0733043 -0.0779148 -0.0816645
-0.0844967 -0.0863793 -0.0872929 -0.0872402 -0.0862554 -0.0844084 -0.0818102 -0.0786074 -0.0749664 -0.0710504
-0.0669925 -0.0628667 -0.0586635 -0.0542771 -0.0495123 -0.0441081 -0.0377868 -0.0311326 -0.0250884 -0.0200716
-0.0168255 -0.0158703 -0.0165355 -0.0171132 -0.00941157 -0.0094234 -0.00944879 -0.00947692 -0.00950831 -0.00954531
-0.00959005 -0.00964454 -0.0097108 -0.00979087 -0.00988689 -0.0100011 -0.010136 -0.0102946 -0.0104802 -0.0106968
-0.0109495 -0.0112442 -0.0115882 -0.0119906 -0.0124628 -0.0130198 -0.0136805 -0.0144706 -0.0154248 -0.0165906
-0.0180325 -0.0198355 -0.0221054 -0.0249615 -0.0285218 -0.0328766 -0.0380209 -0.0438317 -0.0501244 -0.056639
-0.0630626 -0.0691124 -0.0745638 -0.0792618 -0.0830995 -0.0860073 -0.0879461 -0.0888899 -0.0888349 -0.0878107
-0.0858883 -0.0831837 -0.0798531 -0.0760783 -0.0720443 -0.0679108 -0.0637828 -0.0596838 -0.0555381 -0.0511675
-0.0462959 -0.040578 -0.0341413 -0.0280261 -0.0229074 -0.0192912 -0.0179399 -0.0184806 -0.0190798 -0.00977467
-0.00978644 -0.00981159 -0.0098391 -0.00986935 -0.00990466 -0.00994732 -0.00999955 -0.0100637 -0.010142 -0.010237
-0.0103512 -0.0104872 -0.0106482 -0.0108379 -0.0110604 -0.011321 -0.0116257 -0.0119822 -0.0123998 -0.0128903
-0.0134685 -0.0141538 -0.0149718 -0.0159566 -0.0171546 -0.018628 -0.0204583 -0.0227463 -0.0256048 -0.0291446
-0.0334532 -0.0385383 -0.0442842 -0.05051 -0.0569731 -0.0633739 -0.069433 -0.0749189 -0.0796809 -0.0835899
-0.0865546 -0.0885395 -0.0895097 -0.0894568 -0.0884078 -0.0864348 -0.0836562 -0.0802359 -0.0763679 -0.0722514
-0.0680668 -0.0639442 -0.0599366 -0.0559982 -0.0519737 -0.0476024 -0.0425503 -0.036573 -0.0305749 -0.0254661
-0.0216478 -0.0199667 -0.0203635 -0.0209702 -0.0101361 -0.010148 -0.0101731 -0.0101998 -0.0102282 -0.0102607
-0.0102996 -0.0103476 -0.0104074 -0.0104816 -0.0105729 -0.0106842 -0.0108184 -0.0109789 -0.0111694 -0.0113944
-0.011659 -0.0119696 -0.0123339 -0.0127613 -0.0132635 -0.0138556 -0.0145564 -0.015391 -0.0163924 -0.0176048
-0.0190869 -0.0209151 -0.0231834 -0.0259963 -0.0294588 -0.0336527 -0.0385921 -0.0441807 -0.050252 -0.0565818
-0.0628882 -0.0688965 -0.0743712 -0.0791507 -0.083093 -0.0860947 -0.0881105 -0.0890998 -0.0890512 -0.0879918
-0.0859967 -0.083178 -0.0797107 -0.0758025 -0.0716537 -0.0674589 -0.0633676 -0.0594569 -0.0557084 -0.0519959
-0.0480853 -0.0436505 -0.0383148 -0.0326409 -0.0276146 -0.0237572 -0.0218492 -0.0221069 -0.022709 -0.0104958
-0.0105081 -0.0105335 -0.0105591 -0.0105848 -0.010613 -0.0106463 -0.0106877 -0.0107406 -0.0108078 -0.0108926
-0.010998 -0.0111272 -0.0112839 -0.0114718 -0.0116954 -0.0119601 -0.0122722 -0.0126394 -0.013071 -0.0135788
-0.014177 -0.0148844 -0.0157248 -0.0167293 -0.0179396 -0.0194095 -0.021209 -0.0234243 -0.0261507 -0.0294855
-0.0335038 -0.0382242 -0.0435742 -0.049407 -0.0555198 -0.0616534 -0.0675408 -0.072947 -0.0776867 -0.0816152
-0.084627 -0.0866539 -0.0876527 -0.0876097 -0.086553 -0.08456 -0.0817442 -0.0782835 -0.074389 -0.0702642
-0.0661078 -0.0620841 -0.0582896 -0.0547266 -0.0512981 -0.047798 -0.0439177 -0.0393034 -0.0340885 -0.029246
-0.0255092 -0.0234874 -0.0236308 -0.0242215 -0.010854 -0.010867 -0.0108931 -0.0109174 -0.0109394 -0.0109616
-0.010987 -0.0110193 -0.0110622 -0.0111193 -0.0111942 -0.0112903 -0.0114113 -0.0115606 -0.0117423 -0.0119608
-0.0122215 -0.0125307 -0.012896 -0.0133265 -0.0138335 -0.0144308 -0.0151362 -0.0159723 -0.016968 -0.0181612
-0.0196011 -0.0213502 -0.0234853 -0.0260924 -0.0292582 -0.0330511 -0.0374946 -0.0425383 -0.0480592 -0.0538759
-0.0597547 -0.0654426 -0.0707066 -0.0753509 -0.0792214 -0.082203 -0.084217 -0.0852159 -0.0851802 -0.0841385
-0.0821726 -0.0794044 -0.0760048 -0.0721771 -0.068132 -0.0640679 -0.0601545 -0.0565 -0.0531246 -0.0499563
-0.0468185 -0.0434422 -0.03952 -0.0348362 -0.030294 -0.0267891 -0.0247738 -0.0248506 -0.0254321 -0.0112116
-0.0112258 -0.011253 -0.0112756 -0.0112926 -0.0113067 -0.0113216 -0.0113416 -0.0113713 -0.0114148 -0.0114761
-0.0115593 -0.0116684 -0.011807 -0.0119787 -0.0121883 -0.012441 -0.0127431 -0.0131018 -0.0135261 -0.0140265
-0.0146165 -0.0153124 -0.0161353 -0.0171119 -0.018276 -0.0196717 -0.0213538 -0.023389 -0.0258523 -0.0288201
-0.0323541 -0.0364808 -0.0411672 -0.0463147 -0.0517661 -0.0573134 -0.0627239 -0.0677712 -0.0722563 -0.0760163
-0.078927 -0.0809025 -0.0818978 -0.0818724 -0.0808548 -0.0789464 -0.0762631 -0.0729695 -0.0692626 -0.06535
-0.0614292 -0.057667 -0.0541755 -0.0509914 -0.0480642 -0.0452483 -0.0423146 -0.0389734 -0.0348762 -0.0307514
-0.0275117 -0.0256034 -0.025679 -0.0262628 -0.0115701 -0.0115858 -0.0116147 -0.0116352 -0.0116456 -0.0116491
-0.0116503 -0.0116545 -0.0116671 -0.0116931 -0.011737 -0.0118038 -0.0118978 -0.0120217 -0.0121794 -0.0123762
-0.0126172 -0.0129081 -0.0132561 -0.0136694 -0.0141583 -0.0147351 -0.0154152 -0.0162177 -0.0171668 -0.0182927
-0.0196334 -0.0212367 -0.0231595 -0.0254656 -0.0282203 -0.031478 -0.0352659 -0.0395637 -0.0442948 -0.0493269
-0.0544796 -0.0595433 -0.0643045 -0.0685665 -0.0721621 -0.0749594 -0.0768638 -0.0778192 -0.077808 -0.0768559
-0.0750379 -0.0724755 -0.0693296 -0.0657893 -0.0620544 -0.0583158 -0.0547354 -0.0514257 -0.0484326 -0.0457255
-0.0431861 -0.0406131 -0.0377328 -0.034235 -0.0305837 -0.0276136 -0.025888 -0.0260233 -0.0266233 -0.0119315
-0.0119496 -0.0119807 -0.0119984 -0.0120002 -0.01199 -0.0119737 -0.011958 -0.0119492 -0.0119534 -0.0119763
-0.0120231 -0.0120975 -0.0122025 -0.0123428 -0.0125234 -0.0127491 -0.0130253 -0.0133588 -0.0137573 -0.0142302
-0.0147892 -0.0154484 -0.0162249 -0.0171403 -0.0182211 -0.0195003 -0.0210184 -0.022823 -0.0249675 -0.0275062
-0.0304854 -0.0339302 -0.0378291 -0.0421234 -0.0467046 -0.0514198 -0.0560843 -0.0605024 -0.0644858 -0.0678684
-0.0705145 -0.0723228 -0.0732265 -0.0732309 -0.072358 -0.0706533 -0.0682408 -0.0652751 -0.0619351 -0.0584098
-0.0548799 -0.0514999 -0.0483797 -0.0455703 -0.043055 -0.0407386 -0.0384419 -0.0359243 -0.0329675 -0.0297274
-0.0270023 -0.0255268 -0.0257699 -0.0263935 -0.0122994 -0.0123203 -0.0123546 -0.0123684 -0.0123588 -0.0123311
-0.0122928 -0.012252 -0.0122169 -0.0121948 -0.0121923 -0.0122142 -0.0122642 -0.0123472 -0.0124676 -0.0126292
-0.0128366 -0.0130951 -0.0134108 -0.0137911 -0.0142448 -0.0147824 -0.0154167 -0.0161632 -0.0170408 -0.0180728
-0.0192873 -0.0207183 -0.0224051 -0.0243913 -0.0267208 -0.0294317 -0.0325453 -0.0360549 -0.0399154 -0.0440395
-0.0482991 -0.0525354 -0.0565733 -0.0602382 -0.0633705 -0.0658363 -0.0675341 -0.0684003 -0.068419 -0.067609
-0.0660276 -0.0637831 -0.061018 -0.057898 -0.0545987 -0.0512886 -0.0481126 -0.0451762 -0.0425325 -0.0401729
-0.0380206 -0.0359209 -0.0336746 -0.0311208 -0.0281344 -0.0255884 -0.0243927 -0.0247658 -0.025406 -0.0126782
-0.012703 -0.012741 -0.0127496 -0.012725 -0.0126747 -0.0126085 -0.0125369 -0.0124698 -0.012416 -0.0123829
-0.0123754 -0.0123983 -0.0124566 -0.012554 -0.0126937 -0.0128802 -0.0131183 -0.0134139 -0.0137735 -0.0142053
-0.0147189 -0.0153258 -0.0160399 -0.0168778 -0.0178596 -0.0190093 -0.020355 -0.0219288 -0.0237658 -0.0259006
-0.028363 -0.03117 -0.0343165 -0.0377672 -0.0414515 -0.0452634 -0.0490682 -0.0527128 -0.0560397 -0.0589004
-0.0611665 -0.0627386 -0.0635523 -0.0635837 -0.062847 -0.0613964 -0.0593283 -0.0567713 -0.0538765 -0.0508041
-0.0477091 -0.0447254 -0.0419525 -0.0394434 -0.0371949 -0.0351419 -0.0331558 -0.0310683 -0.0287133 -0.0258361
-0.0233768 -0.0223543 -0.0228016 -0.0234252 -0.0130748 -0.0131044 -0.0131469 -0.0131478 -0.0131031 -0.0130236
-0.0129225 -0.012813 -0.0127076 -0.0126165 -0.0125479 -0.0125076 -0.0125005 -0.012531 -0.0126023 -0.0127176
-0.012881 -0.0130969 -0.0133704 -0.0137076 -0.0141159 -0.014604 -0.0151823 -0.015863 -0.0166609 -0.0175932
-0.0186802 -0.0199453 -0.0214144 -0.0231152 -0.0250745 -0.0273148 -0.0298482 -0.0326695 -0.0357497 -0.0390307
-0.0424253 -0.0458197 -0.0490822 -0.0520736 -0.0546593 -0.0567195 -0.0581592 -0.0589141 -0.0589562 -0.0582943
-0.0569748 -0.0550811 -0.0527278 -0.0500499 -0.0471916 -0.0442928 -0.041476 -0.0388335 -0.0364157 -0.0342222
-0.0321954 -0.0302228 -0.0281448 -0.0257737 -0.0228929 -0.0203813 -0.019282 -0.0196158 -0.0201348 -0.0134987
-0.0135343 -0.0135816 -0.0135711 -0.0134992 -0.0133818 -0.0132367 -0.0130812 -0.0129302 -0.0127957 -0.012687
-0.0126103 -0.0125699 -0.0125697 -0.0126128 -0.012702 -0.0128408 -0.0130331 -0.0132834 -0.0135973 -0.0139813
-0.0144433 -0.0149926 -0.0156403 -0.0163992 -0.0172844 -0.0183128 -0.019504 -0.0208788 -0.0224588 -0.0242645
-0.0263122 -0.0286092 -0.0311495 -0.0339076 -0.0368349 -0.0398584 -0.0428824 -0.0457943 -0.0484727 -0.0507975
-0.0526598 -0.0539704 -0.0546672 -0.0547188 -0.0541285 -0.052934 -0.0512055 -0.0490424 -0.0465631 -0.043895
-0.0411629 -0.038477 -0.0359209 -0.0335407 -0.0313356 -0.0292502 -0.0271726 -0.0249321 -0.0223249 -0.0192601
-0.0164409 -0.0149243 -0.0148558 -0.0151286 -0.0139641 -0.0140067 -0.0140583 -0.0140302 -0.0139208 -0.0137535
-0.0135533 -0.013342 -0.0131368 -0.0129525 -0.0127992 -0.0126822 -0.0126058 -0.0125729 -0.0125864 -0.0126485
-0.0127619 -0.0129299 -0.0131566 -0.0134469 -0.0138066 -0.0142428 -0.0147638 -0.0153798 -0.0161019 -0.0169433
-0.0179186 -0.0190438 -0.0203358 -0.0218117 -0.0234865 -0.0253714 -0.0274702 -0.0297751 -0.032263 -0.0348918
-0.0375995 -0.0403048 -0.0429112 -0.0453136 -0.0474061 -0.0490899 -0.0502848 -0.050931 -0.0509931 -0.0504693
-0.04939 -0.0478125 -0.0458204 -0.0435149 -0.0410067 -0.0384048 -0.0358063 -0.0332847 -0.0308796 -0.0285858
-0.0263435 -0.0240288 -0.0214488 -0.0183847 -0.0148333 -0.0112342 -0.00885313 -0.00806999 -0.00794072 -0.0144919
-0.0145423 -0.0145957 -0.0145398 -0.0143775 -0.0141442 -0.0138744 -0.0135948 -0.0133266 -0.0130863 -0.0128835
-0.012723 -0.0126083 -0.0125416 -0.0125247 -0.0125592 -0.0126471 -0.012791 -0.0129943 -0.0132613 -0.0135972
-0.0140085 -0.0145028 -0.015089 -0.0157774 -0.0165794 -0.0175075 -0.0185754 -0.0197967 -0.0211848 -0.0227508
-0.0245019 -0.0264389 -0.0285524 -0.0308207 -0.0332064 -0.0356556 -0.0380982 -0.040451 -0.0426227 -0.0445201
-0.0460554 -0.047154 -0.0477576 -0.0478322 -0.0473729 -0.0463993 -0.044957 -0.043114 -0.0409549 -0.038573
-0.0360614 -0.0335026 -0.0309581 -0.0284575 -0.025986 -0.0234711 -0.0207689 -0.0176593 -0.0139061 -0.0094874
-0.00455981 -0.000737235 0.00122619 0.00194054 -0.015115 -0.0151725 -0.0152207 -0.0151198 -0.0148816 -0.0145601
-0.0142014 -0.013839 -0.0134984 -0.0131958 -0.0129391 -0.0127325 -0.0125782 -0.0124772 -0.01243 -0.0124371
-0.0125 -0.0126203 -0.0128009 -0.0130456 -0.013359 -0.013747 -0.0142165 -0.0147756 -0.0154337 -0.016201
-0.0170885 -0.0181079 -0.0192704 -0.0205864 -0.0220644 -0.0237084 -0.0255167 -0.0274791 -0.0295744 -0.0317686
-0.0340139 -0.0362488 -0.0384003 -0.0403884 -0.0421308 -0.0435493 -0.0445727 -0.0451458 -0.045239 -0.0448423
-0.043965 -0.0426415 -0.0409254 -0.0388845 -0.0365947 -0.0341323 -0.0315636 -0.0289347 -0.0262597 -0.0235067
-0.0205807 -0.0173061 -0.0134262 -0.00866933 -0.00293229 0.00378995 0.00969082 0.0135486 0.0151197 -0.0158866
-0.0159466 -0.015973 -0.0157967 -0.0154477 -0.0150067 -0.0145346 -0.0140738 -0.0136507 -0.0132788 -0.0129647
-0.0127105 -0.0125163 -0.0123813 -0.0123046 -0.0122855 -0.0123244 -0.0124224 -0.0125817 -0.0128055 -0.013098
-0.0134646 -0.0139116 -0.0144466 -0.0150783 -0.0158159 -0.0166695 -0.017649 -0.0187639 -0.0200228 -0.0214316
-0.0229924 -0.0247016 -0.0265482 -0.0285116 -0.0305601 -0.0326503 -0.0347274 -0.0367263 -0.038575 -0.0402004
-0.0415328 -0.0425063 -0.0430661 -0.0431805 -0.0428393 -0.0420473 -0.0408253 -0.0392128 -0.0372624 -0.0350311
-0.0325768 -0.029947 -0.0271677 -0.0242302 -0.0210743 -0.0175685 -0.0134892 -0.00852286 -0.00232791 0.00530023
0.0143482 0.023062 0.0296361 0.0323621 -0.0168971 -0.0169454 -0.0169112 -0.0166063 -0.0160925 -0.0154878
-0.0148726 -0.0142959 -0.013779 -0.0133313 -0.0129573 -0.0126554 -0.0124222 -0.0122548 -0.0121503 -0.0121068
-0.0121237 -0.0122012 -0.0123411 -0.0125461 -0.0128199 -0.0131675 -0.0135949 -0.0141091 -0.0147185 -0.0154316
-0.0162577 -0.0172057 -0.0182838 -0.0194988 -0.0208553 -0.0223538 -0.0239895 -0.0257505 -0.0276166 -0.029558
-0.0315345 -0.0334967 -0.035386 -0.0371363 -0.0386791 -0.0399499 -0.0408903 -0.0414481 -0.0415889 -0.0412992
-0.0405789 -0.039439 -0.0379041 -0.0360125 -0.0338054 -0.0313179 -0.0285738 -0.0255721 -0.0222711 -0.0185675
-0.0142741 -0.00909717 -0.00264142 0.00552626 0.0156935 0.0278272 0.040322 0.0504792 0.0546734 -0.0183086
-0.0183064 -0.0181248 -0.0175954 -0.0168316 -0.0160026 -0.0152093 -0.0145005 -0.0138877 -0.0133678 -0.0129346
-0.0125839 -0.0123113 -0.0121115 -0.01198 -0.0119133 -0.0119095 -0.0119681 -0.0120902 -0.0122783 -0.0125357
-0.0128669 -0.0132774 -0.0137743 -0.0143654 -0.0150591 -0.0158641 -0.0167882 -0.0178389 -0.019022 -0.0203408
-0.0217949 -0.0233782 -0.0250787 -0.0268762 -0.0287418 -0.0306374 -0.0325166 -0.0343259 -0.036005 -0.0374897
-0.0387176 -0.0396351 -0.0401985 -0.0403719 -0.040131 -0.0394673 -0.0383869 -0.0369032 -0.0350364 -0.0328145
-0.0302505 -0.0273346 -0.0240301 -0.0202474 -0.01582 -0.0104794 -0.00383089 0.00463177 0.0154498 0.0289732
0.0451429 0.0624748 0.0772671 0.0834382 -0.0204197 -0.0202771 -0.0197595 -0.0188225 -0.0176799 -0.0165722
-0.0155782 -0.0147114 -0.0139835 -0.0133836 -0.0128901 -0.0124923 -0.0121819 -0.0119516 -0.0117949 -0.011707
-0.0116845 -0.0117263 -0.0118331 -0.012007 -0.012251 -0.0125689 -0.012966 -0.0134493 -0.0140266 -0.0147061
-0.0154961 -0.0164036 -0.0174351 -0.0185958 -0.0198884 -0.0213114 -0.0228583 -0.0245164 -0.0262655 -0.0280774
-0.0299152 -0.0317339 -0.0334824 -0.0351059 -0.0365468 -0.0377468 -0.0386537 -0.0392251 -0.0394239 -0.0392191
-0.0385951 -0.0375505 -0.0360917 -0.0342238 -0.0319492 -0.029257 -0.0261058 -0.022408 -0.0180072 -0.0126475
-0.0059442 0.0026413 0.0137722 0.0281351 0.0461451 0.0676364 0.090952 0.111801 0.12089 -0.0238537
-0.0233527 -0.0220595 -0.0203719 -0.0186638 -0.0171691 -0.0159182 -0.0148744 -0.0140133 -0.0133178 -0.0127617
-0.012322 -0.0119812 -0.0117276 -0.0115528 -0.0114503 -0.0114153 -0.011446 -0.0115432 -0.0117091 -0.0119458
-0.012256 -0.0126451 -0.0131204 -0.0136897 -0.0143616 -0.0151437 -0.0160423 -0.0170627 -0.0182097 -0.0194852
-0.0208873 -0.0224088 -0.0240365 -0.0257502 -0.027522 -0.0293165 -0.0310905 -0.0327948 -0.0343774 -0.0357847
-0.0369624 -0.0378595 -0.0384309 -0.038638 -0.0384495 -0.0378452 -0.0368156 -0.0353565 -0.0334598 -0.0310999
-0.0282342 -0.0247846 -0.0206011 -0.0154415 -0.00893163 -0.000529271 0.0105085 0.0250794 0.044106 0.0681312
0.0968889 0.12816 0.157561 0.171163 -0.0303553 -0.0286337 -0.0252219 -0.0220991 -0.0195622 -0.0175848
-0.0160291 -0.0148046 -0.0138295 -0.0130566 -0.0124523 -0.0119834 -0.0116251 -0.011362 -0.0111835 -0.0110793
-0.0110427 -0.0110724 -0.0111703 -0.011339 -0.0115789 -0.0118912 -0.0122815 -0.0127579 -0.0133284 -0.0140009
-0.0147825 -0.0156795 -0.0166973 -0.0178399 -0.0191083 -0.0204994 -0.0220054 -0.0236126 -0.0253006 -0.0270422
-0.0288028 -0.0305408 -0.0322095 -0.0337586 -0.035136 -0.0362897 -0.0371695 -0.0377301 -0.0379326 -0.037746
-0.0371469 -0.0361164 -0.0346371 -0.0326853 -0.0302126 -0.0271426 -0.0233495 -0.0186132 -0.0125946 -0.00478124
0.00556202 0.0194478 0.0381226 0.0629383 0.0948438 0.133794 0.177372 0.221085 0.24238 -0.0457411
-0.0390017 -0.0287663 -0.0231979 -0.0197128 -0.0172621 -0.0154534 -0.0141056 -0.0130865 -0.0123062 -0.0117099
-0.0112577 -0.0109218 -0.0106861 -0.0105382 -0.0104623 -0.0104495 -0.0105004 -0.0106178 -0.0108035 -0.0110589
-0.0113875 -0.0117952 -0.0122891 -0.0128765 -0.0135641 -0.0143587 -0.0152666 -0.0162938 -0.0174434 -0.0187151
-0.0201051 -0.0216051 -0.023201 -0.0248724 -0.0265922 -0.0283267 -0.030036 -0.0316746 -0.0331942 -0.034544
-0.0356737 -0.0365347 -0.0370827 -0.037279 -0.0370917 -0.036494 -0.0354592 -0.0339539 -0.0319351 -0.0293419
-0.0260688 -0.0219363 -0.016657 -0.00980151 -0.000725102 0.0114995 0.0281784 0.0510059 0.0820536 0.123321
0.176194 0.239764 0.310753 0.347643 -0.0820047 -0.0603963 -0.0317932 -0.0224424 -0.0185172 -0.0157844
-0.0138228 -0.0124837 -0.011555 -0.0108818 -0.0103858 -0.0100257 -0.00977442 -0.00961351 -0.00952974 -0.00951318
-0.00955903 -0.00966617 -0.00983458 -0.0100651 -0.0103613 -0.0107294 -0.0111754 -0.0117053 -0.0123254 -0.0130428
-0.0138642 -0.0147959 -0.0158431 -0.0170086 -0.0182918 -0.0196886 -0.0211906 -0.0227835 -0.024447 -0.0261545
-0.027873 -0.0295635 -0.0311823 -0.0326819 -0.0340135 -0.0351278 -0.0359776 -0.0365188 -0.036712 -0.0365234
-0.0359236 -0.0348911 -0.0333899 -0.0313397 -0.0286582 -0.025228 -0.0208359 -0.0151485 -0.00767114 0.00233745
0.0159361 0.0346534 0.0605735 0.0966268 0.146594 0.215487 0.307734 0.424884 0.489715 -0.107229
-0.0748061 -0.0330833 -0.0214469 -0.0175389 -0.0147526 -0.0127412 -0.0114419 -0.0105971 -0.0100095 -0.0095887
-0.00929447 -0.00910114 -0.00898767 -0.00894029 -0.00895806 -0.00904141 -0.00918605 -0.00938952 -0.00965257 -0.00997888
-0.0103742 -0.0108448 -0.0113964 -0.0120359 -0.0127705 -0.0136073 -0.0145526 -0.0156112 -0.0167858 -0.0180761
-0.019478 -0.0209827 -0.0225761 -0.0242379 -0.0259419 -0.0276552 -0.0293394 -0.0309514 -0.0324444 -0.0337698
-0.0348796 -0.0357262 -0.0362662 -0.0364586 -0.0362689 -0.0356658 -0.0346361 -0.0331508 -0.0311045 -0.0283928
-0.0248991 -0.0204073 -0.0145673 -0.00685942 0.00349372 0.0175937 0.0370483 0.0640909 0.102069 0.155804
0.232772 0.341365 0.486599 0.568721 -0.00175035 -0.00175468 -0.001765 -0.0017765 -0.00178587 -0.00179121
-0.00179157 -0.00178662 -0.00177634 -0.00176089 -0.00174046 -0.00171526 -0.00168548 -0.00165124 -0.00161263 -0.00156974
-0.00152258 -0.00147119 -0.00141559 -0.00135579 -0.00129183 -0.00122376 -0.00115168 -0.00107569 -0.000995949 -0.000912689
-0.000826181 -0.000736761 -0.000644835 -0.000550891 -0.000455487 -0.000359236 -0.000262833 -0.000167055 -7.27111e-05 1.93523e-05
0.00010826 0.000193132 0.000273109 0.000347374 0.000415175 0.000475854 0.000528863 0.000573788 0.000610361 0.000638472
0.000658171 0.000669674 0.000673353 0.000669725 0.000659443 0.000643278 0.000622098 0.000596853 0.000568557 0.000538283
0.000507141 0.000476287 0.000446925 0.000420309 0.0003977 0.000380411 0.000369686 0.000365847 0.00036559 -0.00174603
-0.00175038 -0.00176025 -0.00177066 -0.00177877 -0.00178299 -0.00178247 -0.00177687 -0.00176617 -0.00175045 -0.0017299
-0.00170467 -0.00167493 -0.00164079 -0.00160234 -0.00155963 -0.00151269 -0.00146157 -0.00140626 -0.00134681 -0.00128324
-0.00121561 -0.00114401 -0.00106857 -0.000989442 -0.000906857 -0.000821085 -0.000732465 -0.000641402 -0.00054838 -0.000453953
-0.000358727 -0.000263386 -0.000168696 -7.54595e-05 1.54906e-05 0.000103294 0.000187086 0.000266023 0.000339302 0.000406189
0.000466038 0.000518315 0.000562618 0.000598688 0.000626423 0.000645881 0.00065728 0.000660995 0.000657546 0.000647587
0.000631886 0.000611312 0.000586813 0.000559399 0.000530134 0.000500117 0.000470483 0.000442382 0.000417007 0.000395555
0.000379213 0.000369108 0.000365513 0.00036528 -0.00173563 -0.00174056 -0.00175057 -0.00175957 -0.00176566 -0.00176791
-0.00176576 -0.00175892 -0.00174734 -0.00173107 -0.00171023 -0.00168491 -0.00165523 -0.00162127 -0.0015831 -0.00154076
-0.00149428 -0.00144367 -0.00138897 -0.0013302 -0.00126741 -0.00120064 -0.00113001 -0.00105563 -0.000977677 -0.000896372
-0.000811987 -0.000724861 -0.000635394 -0.000544065 -0.000451412 -0.000358035 -0.000264606 -0.000171868 -8.06044e-05 8.36882e-06
9.42129e-05 0.000176088 0.000253173 0.000324689 0.000389925 0.000448257 0.000499172 0.000542287 0.000577359 0.000604301
0.000623183 0.000634234 0.000637839 0.000634525 0.000624953 0.000609899 0.000590234 0.000566907 0.000540928 0.000513348
0.000485243 0.000457704 0.000431799 0.000408595 0.00038913 0.000374364 0.000365206 0.00036182 0.000361501 -0.00172395
-0.00173019 -0.00174196 -0.00175105 -0.00175618 -0.00175716 -0.00175378 -0.00174589 -0.00173351 -0.00171667 -0.00169547
-0.00167 -0.00164031 -0.00160648 -0.00156855 -0.00152655 -0.00148048 -0.00143038 -0.00137625 -0.00131812 -0.00125603
-0.00119004 -0.00112025 -0.00104679 -0.000969808 -0.000889539 -0.00080625 -0.000720271 -0.000632 -0.000541902 -0.00045051
-0.000358416 -0.000266291 -0.000174861 -8.48998e-05 2.78165e-06 8.73502e-05 0.000167972 0.000243834 0.000314162 0.00037825
0.000435481 0.00048535 0.000527477 0.000561633 0.00058774 0.00060588 0.000616298 0.000619396 0.00061572 0.00060595
0.000590882 0.000571403 0.000548478 0.000523125 0.000496394 0.000469346 0.000443033 0.000418468 0.000396612 0.000378339
0.000364434 0.000355603 0.000351905 0.000351268 -0.00171474 -0.00172255 -0.00173678 -0.00174693 -0.00175197 -0.00175235
-0.00174819 -0.00173954 -0.00172649 -0.00170914 -0.00168759 -0.00166192 -0.00163219 -0.00159844 -0.00156069 -0.00151896
-0.00147326 -0.00142358 -0.00136994 -0.00131235 -0.00125085 -0.0011855 -0.00111637 -0.00104359 -0.000967311 -0.000887751
-0.000805173 -0.000719898 -0.000632316 -0.000542885 -0.000452131 -0.000360647 -0.000269098 -0.000178212 -8.87662e-05 -1.58038e-06
8.25036e-05 0.000162641 0.000238004 0.000307806 0.00037133 0.000427947 0.000477143 0.000518537 0.000551898 0.000577157
0.000594409 0.00060392 0.000606115 0.000601571 0.000591001 0.000575232 0.000555184 0.000531851 0.00050627 0.000479503
0.000452607 0.000426609 0.000402479 0.000381099 0.000363233 0.000349524 0.000340494 0.000336111 0.000335017 -0.00171066
-0.00171999 -0.00173678 -0.00174831 -0.00175369 -0.00175386 -0.00174922 -0.00174002 -0.00172645 -0.00170867 -0.0016868
-0.00166094 -0.00163115 -0.00159744 -0.00155984 -0.00151834 -0.00147294 -0.00142362 -0.00137039 -0.00131325 -0.00125221
-0.00118733 -0.00111868 -0.00104637 -0.00097053 -0.000891377 -0.000809154 -0.000724178 -0.000636828 -0.000547556 -0.000456885
-0.00036541 -0.0002738 -0.000182793 -9.31809e-05 -5.8031e-06 7.84745e-05 0.00015878 0.000234257 0.00030409 0.000367532
0.000423931 0.000472752 0.000513602 0.000546247 0.000570622 0.000586838 0.000595186 0.000596125 0.000590272 0.000578386
0.000561339 0.000540099 0.000515697 0.000489205 0.000461706 0.000434265 0.000407897 0.00038354 0.000362021 0.000344024
0.000330081 0.000320556 0.00031536 0.000313787 -0.00171366 -0.00172437 -0.00174352 -0.00175646 -0.00176235 -0.00176252
-0.00175762 -0.00174804 -0.00173407 -0.00171594 -0.00169382 -0.00166779 -0.00163793 -0.00160425 -0.00156676 -0.00152544
-0.00148027 -0.00143124 -0.00137832 -0.0013215 -0.00126079 -0.00119622 -0.00112784 -0.00105575 -0.00098008 -0.000901012
-0.000818782 -0.000733694 -0.000646119 -0.000556504 -0.000465372 -0.000373323 -0.00028104 -0.000189277 -9.88525e-05 -1.06367e-05
7.44675e-05 0.000155546 0.000231699 0.000302066 0.000365859 0.000422388 0.000471089 0.000511548 0.000543524 0.000566957
0.000581977 0.000588907 0.000588249 0.000580673 0.000566993 0.000548147 0.000525158 0.000499112 0.000471125 0.000442313
0.000413756 0.000386473 0.000361382 0.000339272 0.000320777 0.000306346 0.000296231 0.000290301 0.000288333 -0.00172521
-0.00173711 -0.00175835 -0.00177259 -0.00177904 -0.00177933 -0.00177431 -0.00176447 -0.00175022 -0.00173182 -0.00170948
-0.00168332 -0.00165339 -0.00161972 -0.0015823 -0.00154111 -0.0014961 -0.00144726 -0.00139453 -0.0013379 -0.00127734
-0.00121288 -0.00114456 -0.00107243 -0.000996621 -0.000917293 -0.000834669 -0.000749038 -0.000660766 -0.000570292 -0.000478143
-0.000384933 -0.000291362 -0.000198211 -0.000106334 -1.66449e-05 6.99035e-05 0.000152341 0.00022971 0.00030109 0.000365638
0.000422617 0.000471421 0.000511614 0.000542942 0.00056535 0.000578995 0.000584237 0.000581632 0.000571918 0.000555981
0.000534833 0.000509573 0.000481353 0.000451345 0.000420708 0.000390551 0.000361902 0.000335675 0.00031264 0.000293398
0.000278357 0.000267695 0.000261252 0.000259039 -0.00174643 -0.00175935 -0.00178237 -0.00179777 -0.00180477 -0.00180523
-0.00180015 -0.00179016 -0.0017757 -0.00175711 -0.00173461 -0.00170833 -0.00167834 -0.00164465 -0.00160726 -0.00156613
-0.0015212 -0.00147243 -0.00141977 -0.00136316 -0.00130259 -0.00123802 -0.00116949 -0.00109704 -0.00102077 -0.000940822
-0.000857398 -0.000770777 -0.000681315 -0.000589453 -0.000495724 -0.000400756 -0.000305275 -0.000210101 -0.000116132 -2.43376e-05
6.4266e-05 0.000148639 0.000227748 0.000300604 0.000366293 0.000424017 0.000473127 0.00051315 0.000543822 0.000565097
0.00057716 0.00058042 0.000575502 0.000563222 0.000544557 0.000520612 0.000492573 0.000461677 0.000429163 0.000396245
0.000364068 0.000333679 0.000306001 0.000281798 0.000261657 0.000245969 0.000234891 0.000228234 0.000225961 -0.00177822
-0.001792 -0.00181653 -0.00183293 -0.00184041 -0.00184105 -0.00183598 -0.00182589 -0.0018113 -0.00179256 -0.00176993
-0.00174355 -0.00171349 -0.00167977 -0.00164237 -0.00160122 -0.00155628 -0.00150748 -0.00145474 -0.00139799 -0.00133719
-0.0012723 -0.0012033 -0.00113023 -0.00105316 -0.000972209 -0.000887566 -0.000799495 -0.000708344 -0.000614554 -0.000518669
-0.000421339 -0.000323324 -0.000225486 -0.000128781 -3.42467e-05 5.70232e-05 0.000143904 0.000225276 0.000300061 0.000367265
0.000426019 0.000475615 0.000515545 0.000545532 0.000565539 0.000575787 0.000576746 0.000569122 0.000553831 0.000531956
0.000504712 0.000473395 0.000439338 0.000403863 0.000368248 0.000333682 0.000301244 0.000271868 0.000246325 0.000225203
0.000208895 0.000197581 0.000191034 0.000188888 -0.00182132 -0.00183582 -0.00186162 -0.00187886 -0.00188678 -0.0018876
-0.00188255 -0.0018724 -0.00185771 -0.00183887 -0.00181614 -0.00178967 -0.00175954 -0.00172576 -0.00168829 -0.00164708
-0.00160203 -0.00155308 -0.00150012 -0.00144306 -0.00138184 -0.00131638 -0.00124666 -0.00117267 -0.00109446 -0.00101213
-0.000925844 -0.00083586 -0.000742517 -0.000646258 -0.00054764 -0.000447341 -0.00034616 -0.000245011 -0.000144921 -4.70061e-05
4.75474e-05 0.000137516 0.000221676 0.000298848 0.000367941 0.000428003 0.000478261 0.000518167 0.000547422 0.000566008
0.000574187 0.000572505 0.000561762 0.000542992 0.000517409 0.000486358 0.000451264 0.000413572 0.000374703 0.000336008
0.000298731 0.000263982 0.000232716 0.000205716 0.000183577 0.000166711 0.000155362 0.000149244 0.0001474 -0.00187635
-0.00189145 -0.00191832 -0.00193628 -0.00194457 -0.00194554 -0.00194054 -0.00193036 -0.0019156 -0.00189668 -0.00187389
-0.00184735 -0.00181715 -0.00178328 -0.00174571 -0.00170436 -0.00165913 -0.00160992 -0.00155661 -0.00149909 -0.00143725
-0.00137101 -0.00130031 -0.00122511 -0.00114544 -0.00106136 -0.000973033 -0.000880687 -0.00078466 -0.000685397 -0.000583476
-0.000479603 -0.000374623 -0.000269515 -0.000165384 -6.34399e-05 3.50256e-05 0.000128673 0.00021616 0.000296189 0.000367559
0.00042922 0.000480324 0.000520272 0.000548752 0.000565758 0.000571608 0.000566929 0.00055264 0.000529912 0.00050011
0.000464737 0.000425366 0.000383576 0.000340901 0.000298775 0.000258501 0.000221225 0.000187922 0.000159389 0.000136235
0.000118898 0.000107697 0.000102289 0.000100914 -0.00194382 -0.00195943 -0.00198721 -0.00200577 -0.00201438 -0.0020155
-0.00201054 -0.00200036 -0.00198558 -0.00196662 -0.00194377 -0.00191719 -0.00188692 -0.00185296 -0.00181527 -0.00177374
-0.00172826 -0.00167871 -0.00162495 -0.00156683 -0.00150423 -0.00143702 -0.00136512 -0.00128845 -0.00120702 -0.00112087
-0.00103012 -0.00093499 -0.000835813 -0.00073304 -0.000627263 -0.000519226 -0.000409827 -0.000300116 -0.000191288 -8.46579e-05
1.83598e-05 0.000116295 0.000207669 0.000291048 0.000365105 0.000428681 0.00048084 0.000520926 0.000548604 0.000563889
0.000567155 0.000559132 0.000540871 0.000513703 0.000479171 0.000438962 0.000394822 0.000348487 0.000301617 0.000255742
0.000212225 0.000172247 0.000136801 0.000106693 8.25426e-05 6.48307e-05 5.39419e-05 4.94914e-05 4.87376e-05 -0.0020242
-0.00204025 -0.00206879 -0.00208787 -0.00209675 -0.00209802 -0.00209313 -0.00208297 -0.00206819 -0.00204924 -0.00202638
-0.00199977 -0.00196947 -0.00193543 -0.00189762 -0.00185591 -0.00181016 -0.00176023 -0.00170594 -0.00164714 -0.00158366
-0.00151535 -0.00144207 -0.00136374 -0.00128031 -0.00119181 -0.00109831 -0.00100004 -0.000897302 -0.000790555 -0.000680413
-0.000567658 -0.000453244 -0.000338305 -0.000224132 -0.000112163 -3.9459e-06 9.88999e-05 0.000194742 0.000281996 0.000359192
0.000425043 0.000478514 0.000518883 0.000545786 0.000559256 0.000559731 0.000548051 0.000525419 0.000493351 0.000453597
0.000408054 0.000358672 0.000307367 0.000255946 0.00020604 0.000159078 0.000116267 7.86114e-05 4.69092e-05 2.17934e-05
3.79223e-06 -6.61637e-06 -9.89265e-06 -9.92105e-06 -0.00211788 -0.00213429 -0.00216348 -0.00218301 -0.00219215 -0.00219357
-0.00218877 -0.00217868 -0.00216396 -0.00214506 -0.00212226 -0.00209569 -0.0020654 -0.00203134 -0.00199345 -0.00195158
-0.00190558 -0.00185528 -0.00180047 -0.00174096 -0.00167656 -0.00160707 -0.00153234 -0.00145223 -0.00136665 -0.0012756
-0.00117913 -0.00107743 -0.000970795 -0.000859688 -0.00074474 -0.000626774 -0.000506806 -0.000386056 -0.000265925 -0.000147983
-3.39302e-05 7.44533e-05 0.000175365 0.000267054 0.00034789 0.000416447 0.000471572 0.000512463 0.00053872 0.000550384
0.000547958 0.000532396 0.000505072 0.000467708 0.000422288 0.000370953 0.000315891 0.000259228 0.000202935 0.000148761
9.81957e-05 5.24662e-05 1.25634e-05 -2.07253e-05 -4.6765e-05 -6.49933e-05 -7.48134e-05 -7.67571e-05 -7.59735e-05 -0.00222518
-0.00224191 -0.00227167 -0.0022916 -0.00230098 -0.00230256 -0.0022979 -0.00228794 -0.00227335 -0.00225459 -0.00223193
-0.00220549 -0.0021753 -0.00214132 -0.00210344 -0.00206151 -0.00201535 -0.00196475 -0.00190949 -0.00184935 -0.00178408
-0.00171346 -0.00163729 -0.00155538 -0.00146762 -0.00137395 -0.0012744 -0.0011691 -0.00105837 -0.000942632 -0.000822553
-0.00069899 -0.000573025 -0.000445966 -0.000319338 -0.000194854 -7.43726e-05 4.01491e-05 0.000146731 0.000243443 0.000328487
0.000400279 0.000457538 0.000499359 0.000525286 0.000535353 0.000530111 0.000510629 0.000478451 0.000435525 0.000384099
0.000326596 0.000265476 0.00020311 0.000141664 8.30226e-05 2.87363e-05 -1.99679e-05 -6.21284e-05 -9.69833e-05 -0.000123921
-0.000142355 -0.00015155 -0.000152082 -0.00015043 -0.00234639 -0.0023634 -0.00239366 -0.00241395 -0.00242358 -0.00242536
-0.0024209 -0.00241115 -0.0023968 -0.00237828 -0.00235588 -0.00232971 -0.00229978 -0.00226603 -0.00222833 -0.0021865
-0.00214035 -0.00208964 -0.0020341 -0.00197349 -0.00190753 -0.00183594 -0.00175848 -0.00167493 -0.0015851 -0.00148891
-0.00138632 -0.00127746 -0.00116258 -0.00104212 -0.000916761 -0.000787391 -0.00065515 -0.000521442 -0.000387929 -0.000256469
-0.00012909 -7.92027e-06 0.000104882 0.000207213 0.000297102 0.000372806 0.000432894 0.000476337 0.000502588 0.000511632
0.000504036 0.000480948 0.000444069 0.000395576 0.000338003 0.000274092 0.000206626 0.000138268 7.1424e-05 8.129e-06
-4.99973e-05 -0.000101733 -0.000146169 -0.000182597 -0.000210452 -0.000229127 -0.000237742 -0.000236893 -0.000234383 -0.00248177
-0.00249901 -0.0025297 -0.00255034 -0.00256025 -0.00256229 -0.00255811 -0.00254868 -0.00253469 -0.00251658 -0.00249462
-0.0024689 -0.00243944 -0.00240613 -0.00236885 -0.00232738 -0.0022815 -0.00223096 -0.00217545 -0.00211469 -0.00204835
-0.00197613 -0.00189772 -0.00181285 -0.00172128 -0.00162286 -0.00151753 -0.00140535 -0.00128654 -0.00116154 -0.001031
-0.000895882 -0.000757364 -0.000616954 -0.000476458 -0.000337877 -0.000203393 -7.52903e-05 4.41244e-05 0.000152602 0.000248028
0.000328505 0.000392445 0.000438663 0.000466463 0.000475711 0.000466902 0.000441188 0.000400364 0.000346802 0.000283323
0.000213025 0.000139072 6.44947e-05 -8.00372e-06 -7.61856e-05 -0.000138337 -0.000193239 -0.000240047 -0.000278149 -0.000307051
-0.000326129 -0.000334352 -0.000332312 -0.000329036 -0.00263152 -0.00264895 -0.00268003 -0.002701 -0.00271121 -0.00271359
-0.00270981 -0.00270084 -0.00268738 -0.00266988 -0.00264857 -0.00262357 -0.00259484 -0.00256229 -0.00252575 -0.00248501
-0.0024398 -0.00238984 -0.00233481 -0.00227437 -0.00220816 -0.00213583 -0.00205702 -0.0019714 -0.00187868 -0.00177863
-0.00167114 -0.00155621 -0.00143403 -0.00130501 -0.00116981 -0.00102939 -0.000885063 -0.000738426 -0.000591383 -0.000446077
-0.00030482 -0.000169994 -4.39792e-05 7.09145e-05 0.000172501 0.000258777 0.00032801 0.00037883 0.000410313 0.000422081
0.000414399 0.000388254 0.000345384 0.00028824 0.000219873 0.000143742 6.34641e-05 -1.74632e-05 -9.59225e-05 -0.00016937
-0.000235927 -0.00029434 -0.000343833 -0.000383929 -0.000414231 -0.000434094 -0.000442336 -0.000439521 -0.000435678 -0.00279577
-0.00281338 -0.00284478 -0.00286608 -0.00287666 -0.00287947 -0.00287622 -0.00286789 -0.00285518 -0.00283852 -0.00281817
-0.00279419 -0.00276656 -0.00273516 -0.00269981 -0.00266026 -0.00261625 -0.00256744 -0.00251351 -0.00245405 -0.00238869
-0.00231702 -0.00223862 -0.00215312 -0.00206015 -0.00195943 -0.00185076 -0.0017341 -0.00160958 -0.0014776 -0.00133883
-0.00119429 -0.00104539 -0.000893831 -0.000741597 -0.000590975 -0.000444332 -0.000304032 -0.000172374 -5.15519e-05 5.63454e-05
0.00014934 0.00022564 0.000283695 0.000322275 0.000340573 0.000338365 0.000316151 0.000275285 0.000218012 0.00014741
6.72149e-05 -1.84714e-05 -0.000105542 -0.000190265 -0.000269588 -0.000341298 -0.000403998 -0.000456937 -0.000499759 -0.000532183
-0.000553572 -0.000562597 -0.000559737 -0.000555673 -0.00297462 -0.00299236 -0.00302405 -0.0030457 -0.0030567 -0.00306007
-0.00305752 -0.00305004 -0.00303833 -0.00302283 -0.00300377 -0.00298122 -0.00295513 -0.00292538 -0.00289175 -0.00285402
-0.00281186 -0.00276495 -0.00271291 -0.00265533 -0.00259178 -0.00252182 -0.00244498 -0.00236081 -0.00226891 -0.00216891
-0.00206056 -0.00194375 -0.00181861 -0.00168551 -0.00154518 -0.00139875 -0.00124777 -0.00109401 -0.000939565 -0.000786865
-0.000638238 -0.000495832 -0.000361601 -0.000237252 -0.000124431 -2.47916e-05 6.00674e-05 0.000128568 0.000179159 0.000210404
0.000221185 0.000210972 0.000180102 0.000129992 6.32295e-05 -1.65083e-05 -0.000104735 -0.000196605 -0.000287473 -0.0003734
-0.000451485 -0.000519914 -0.000577789 -0.000624778 -0.000660687 -0.000684912 -0.00069598 -0.000694217 -0.000690456 -0.00316811
-0.00318595 -0.00321789 -0.00323989 -0.0032514 -0.00325547 -0.0032538 -0.00324743 -0.00323703 -0.00322305 -0.00320569
-0.00318503 -0.00316102 -0.00313351 -0.00310229 -0.00306711 -0.00302765 -0.00298355 -0.00293443 -0.00287985 -0.00281936
-0.00275248 -0.0026787 -0.00259752 -0.00250848 -0.00241118 -0.00230529 -0.00219071 -0.00206754 -0.00193626 -0.00179772
-0.00165321 -0.00150449 -0.00135371 -0.00120306 -0.00105483 -0.000911311 -0.000774306 -0.000644956 -0.000523737 -0.0004112
-0.000308049 -0.000215055 -0.00013334 -6.45604e-05 -1.0931e-05 2.50085e-05 4.08336e-05 3.47722e-05 6.21253e-06 -4.3887e-05
-0.000112785 -0.000196102 -0.000288294 -0.000383435 -0.000476105 -0.000562034 -0.000638393 -0.000703684 -0.000757326 -0.000799071
-0.000828277 -0.000843317 -0.000844303 -0.000841585 -0.00337621 -0.00339411 -0.00342624 -0.00344863 -0.00346074 -0.00346566
-0.00346511 -0.00346013 -0.00345139 -0.00343932 -0.00342416 -0.00340594 -0.00338463 -0.00336006 -0.00333205 -0.00330031
-0.00326454 -0.00322438 -0.00317943 -0.00312926 -0.00307339 -0.00301132 -0.00294253 -0.00286649 -0.00278272 -0.00269076
-0.00259033 -0.00248133 -0.00236401 -0.00223903 -0.00210755 -0.00197129 -0.00183236 -0.00169346 -0.00155737 -0.00142612
-0.00130157 -0.00118513 -0.00107627 -0.000973082 -0.000873837 -0.000777064 -0.000681369 -0.000586315 -0.000492999 -0.000404353
-0.000324932 -0.000260252 -0.000215895 -0.000196555 -0.000205051 -0.000241481 -0.000302935 -0.000383747 -0.000476494 -0.000573463
-0.000667881 -0.00075474 -0.000830972 -0.000895057 -0.000946273 -0.000983724 -0.00100554 -0.00101155 -0.00101085 -0.00359882
-0.00361673 -0.00364901 -0.0036718 -0.00368462 -0.00369057 -0.00369139 -0.00368811 -0.00368142 -0.00367174 -0.00365929
-0.00364415 -0.00362624 -0.00360544 -0.00358154 -0.00355429 -0.00352338 -0.00348848 -0.0034492 -0.00340512 -0.00335576
-0.00330065 -0.00323928 -0.00317111 -0.00309568 -0.00301259 -0.00292164 -0.00282291 -0.00271695 -0.00260488 -0.00248855
-0.00237051 -0.00225389 -0.00214207 -0.00203844 -0.00194582 -0.00186593 -0.00179813 -0.00173941 -0.00168332 -0.00162349
-0.00155487 -0.00147138 -0.00136896 -0.00124678 -0.00110801 -0.00095975 -0.000812078 -0.000676682 -0.000565338 -0.000488107
-0.000451422 -0.000456831 -0.000500366 -0.000573548 -0.00066563 -0.000765699 -0.000864585 -0.00095578 -0.00103536 -0.00110117
-0.0011515 -0.00118397 -0.00119797 -0.00120056 -0.00383572 -0.00385361 -0.00388599 -0.00390921 -0.00392286 -0.00393002
-0.00393248 -0.00393126 -0.00392704 -0.00392026 -0.00391113 -0.00389974 -0.00388603 -0.00386989 -0.00385115 -0.00382956
-0.00380487 -0.00377675 -0.00374488 -0.00370887 -0.00366829 -0.00362272 -0.00357169 -0.00351477 -0.00345158 -0.00338188
-0.00330572 -0.0032236 -0.0031367 -0.00304707 -0.00295783 -0.00287316 -0.00279809 -0.00273781 -0.00269687 -0.00267882
-0.00268444 -0.00271129 -0.00275537 -0.0027969 -0.0028206 -0.00281945 -0.00277752 -0.00268383 -0.00253342 -0.00232876
-0.00207988 -0.00180313 -0.00151892 -0.00124948 -0.00101663 -0.000838564 -0.000726722 -0.000682968 -0.000699942 -0.000763991
-0.000858256 -0.000966481 -0.00107552 -0.00117629 -0.0012632 -0.00133253 -0.00138073 -0.00140647 -0.00141388 -0.00408666
-0.00410448 -0.0041369 -0.00416057 -0.00417515 -0.00418375 -0.00418813 -0.00418933 -0.00418804 -0.0041847 -0.00417954
-0.00417265 -0.00416401 -0.00415352 -0.00414107 -0.00412646 -0.00410948 -0.00408988 -0.00406739 -0.00404173 -0.00401255
-0.00397955 -0.00394238 -0.0039008 -0.00385463 -0.00380401 -0.00374949 -0.00369235 -0.00363496 -0.00358107 -0.00353606
-0.00350696 -0.00350202 -0.00352984 -0.00359781 -0.00371001 -0.00386502 -0.00405576 -0.00426862 -0.00448193 -0.00466765
-0.0047966 -0.00484326 -0.00478741 -0.00461742 -0.00433367 -0.00394962 -0.00348962 -0.00298478 -0.0024702 -0.00198393
-0.00156282 -0.00123643 -0.00102001 -0.000912895 -0.000901174 -0.000961172 -0.00106608 -0.00119135 -0.00131797 -0.00143323
-0.00152902 -0.00159929 -0.00164144 -0.00165555 -0.00435126 -0.00436895 -0.00440135 -0.0044255 -0.00444114 -0.00445138
-0.00445798 -0.00446198 -0.00446409 -0.00446476 -0.00446423 -0.00446263 -0.00445997 -0.00445622 -0.00445129 -0.00444507
-0.00443744 -0.00442826 -0.00441736 -0.0044046 -0.0043898 -0.00437284 -0.00435362 -0.0043322 -0.00430884 -0.00428427
-0.00425997 -0.0042386 -0.00422453 -0.00422435 -0.00424722 -0.00430483 -0.00441073 -0.00457869 -0.00482013 -0.00514048
-0.0055356 -0.0059892 -0.00647139 -0.00695337 -0.00739086 -0.00772795 -0.00792481 -0.00794957 -0.00778136 -0.00741648
-0.00687101 -0.00617693 -0.005375 -0.00451366 -0.00365217 -0.00285406 -0.00217642 -0.00165838 -0.0013163 -0.00114356
-0.00111207 -0.00118203 -0.00131153 -0.0014645 -0.00161468 -0.00174515 -0.00184502 -0.00190948 -0.00193275 -0.00462902
-0.00464655 -0.00467885 -0.00470351 -0.00472033 -0.00473241 -0.00474152 -0.00474871 -0.0047547 -0.00475995 -0.00476475
-0.00476925 -0.00477352 -0.0047776 -0.00478148 -0.00478517 -0.00478864 -0.00479191 -0.00479499 -0.00479793 -0.00480081
-0.00480379 -0.00480716 -0.00481146 -0.00481767 -0.00482751 -0.00484393 -0.00487179 -0.00491864 -0.00499552 -0.00511743
-0.00530322 -0.00557423 -0.00595144 -0.00645094 -0.00707836 -0.00782377 -0.00865865 -0.00953663 -0.0103994 -0.0111786
-0.0118032 -0.0122164 -0.0123762 -0.0122517 -0.0118317 -0.0111283 -0.0101728 -0.00900776 -0.00769275 -0.00632036
-0.00499214 -0.00379674 -0.00280711 -0.00207107 -0.00160352 -0.00138127 -0.00135347 -0.00145593 -0.00162622 -0.00181462
-0.00198786 -0.00212626 -0.00221991 -0.00225483 -0.00491937 -0.00493668 -0.00496882 -0.004994 -0.00501211 -0.00502623
-0.00503814 -0.00504889 -0.00505923 -0.00506963 -0.00508044 -0.00509185 -0.005104 -0.00511704 -0.00513105 -0.00514618
-0.00516257 -0.00518043 -0.00520001 -0.00522163 -0.00524573 -0.0052729 -0.00530398 -0.00534026 -0.00538374 -0.00543767
-0.00550721 -0.0056005 -0.00572981 -0.00591268 -0.00617252 -0.00653818 -0.00704134 -0.00771153 -0.00856866 -0.00961494
-0.0108285 -0.0121612 -0.0135425 -0.0148861 -0.016097 -0.0170825 -0.0177725 -0.0181169 -0.0180768 -0.017634
-0.0167913 -0.0155728 -0.0140203 -0.012204 -0.0102363 -0.00824631 -0.00636537 -0.00471515 -0.00338957 -0.00244446
-0.00188096 -0.00164848 -0.00166147 -0.00182245 -0.00204485 -0.00226677 -0.00245154 -0.00258243 -0.00263338 -0.00522161
-0.00523864 -0.00527055 -0.00529626 -0.00531576 -0.0053321 -0.00534707 -0.00536174 -0.00537685 -0.00539296 -0.00541042
-0.00542952 -0.00545049 -0.00547357 -0.00549902 -0.00552713 -0.00555827 -0.00559289 -0.00563154 -0.00567493 -0.00572396
-0.0057798 -0.00584407 -0.0059191 -0.00600835 -0.00611719 -0.00625394 -0.00643132 -0.00666814 -0.0069908 -0.00743395
-0.00803909 -0.00884993 -0.00990405 -0.0112217 -0.0127948 -0.014581 -0.016504 -0.0184618 -0.0203393 -0.0220214
-0.0234011 -0.0243914 -0.0249332 -0.0249909 -0.0245453 -0.0235926 -0.0221472 -0.0202493 -0.0179779 -0.0154335
-0.0127455 -0.0100787 -0.00761025 -0.00550117 -0.00386831 -0.00276656 -0.0021709 -0.00198843 -0.00208515 -0.00232344
-0.00259566 -0.00283591 -0.00301367 -0.00308492 -0.00553495 -0.00555164 -0.00558324 -0.00560949 -0.00563046 -0.00564918
-0.00566744 -0.00568631 -0.00570661 -0.00572889 -0.0057536 -0.00578111 -0.00581176 -0.00584593 -0.00588404 -0.00592662
-0.00597426 -0.00602775 -0.00608803 -0.00615627 -0.00623396 -0.00632305 -0.00642616 -0.00654698 -0.00669097 -0.00686631
-0.0070855 -0.00736731 -0.00773904 -0.00823837 -0.00891363 -0.0098208 -0.0110155 -0.0125401 -0.0144084 -0.0165932
-0.019022 -0.0215831 -0.0241401 -0.0265507 -0.0286842 -0.0304301 -0.0316956 -0.0324177 -0.0325644 -0.0321201
-0.0310838 -0.0294707 -0.0273236 -0.0247096 -0.0216928 -0.0183827 -0.0149519 -0.0116121 -0.0085879 -0.00607722
-0.00422134 -0.00305994 -0.00252568 -0.00246318 -0.00267647 -0.00299202 -0.00329688 -0.00353246 -0.00362802 -0.00585847
-0.00587478 -0.005906 -0.00593277 -0.00595527 -0.00597649 -0.00599821 -0.00602154 -0.00604733 -0.0060762 -0.00610867
-0.00614521 -0.0061863 -0.00623247 -0.00628437 -0.00634275 -0.00640853 -0.00648287 -0.00656718 -0.00666319 -0.00677314
-0.00689993 -0.00704743 -0.00722109 -0.00742881 -0.00768239 -0.00799953 -0.00840651 -0.00894096 -0.00965385 -0.0106088
-0.0118765 -0.013522 -0.0155866 -0.0180691 -0.0209137 -0.0240107 -0.0272099 -0.0303431 -0.0332467 -0.0357801
-0.0378334 -0.039323 -0.0401919 -0.0404118 -0.0399742 -0.0388851 -0.0371652 -0.0348535 -0.0319927 -0.0286314
-0.024856 -0.0208025 -0.0166673 -0.0127104 -0.00921231 -0.0064178 -0.00447445 -0.00338979 -0.00302624 -0.00314064
-0.00347698 -0.00384969 -0.00415468 -0.00428105 -0.00619119 -0.00620707 -0.00623783 -0.0062651 -0.00628916 -0.00631294
-0.00633824 -0.00636621 -0.00639771 -0.00643347 -0.00647408 -0.00652013 -0.00657227 -0.0066312 -0.00669782 -0.00677316
-0.0068585 -0.00695543 -0.00706589 -0.00719232 -0.0073378 -0.00750636 -0.0077034 -0.00793645 -0.00821638 -0.00855927
-0.008989 -0.00954058 -0.0102634 -0.0112229 -0.0124986 -0.0141738 -0.0163187 -0.0189662 -0.0220916 -0.025603
-0.0293496 -0.0331446 -0.0367929 -0.0401171 -0.0429741 -0.0452598 -0.0469033 -0.0478631 -0.0481254 -0.0476938
-0.0465827 -0.0448139 -0.0424143 -0.0394109 -0.0358452 -0.0317766 -0.0272909 -0.0225393 -0.0177651 -0.0132903
-0.00946136 -0.00655754 -0.00471173 -0.00386462 -0.00376618 -0.00407795 -0.00451368 -0.00489885 -0.00506338 -0.00653203
-0.00654744 -0.00657768 -0.0066054 -0.00663101 -0.00665738 -0.0066863 -0.00671896 -0.00675629 -0.00679909 -0.00684807
-0.00690396 -0.00696755 -0.0070398 -0.00712183 -0.007215 -0.00732101 -0.00744192 -0.00758027 -0.00773929 -0.00792303
-0.00813682 -0.00838779 -0.00868585 -0.00904526 -0.00948692 -0.0100416 -0.010754 -0.0116858 -0.0129174 -0.0145426
-0.0166546 -0.0193228 -0.0225646 -0.0263247 -0.0304711 -0.0348122 -0.0391281 -0.0432037 -0.0468551 -0.0499431
-0.0523751 -0.0540968 -0.0550849 -0.0553416 -0.0548853 -0.0537433 -0.0519461 -0.0495216 -0.0464913 -0.0428726
-0.0386872 -0.0339808 -0.0288498 -0.0234761 -0.0181677 -0.0133386 -0.0093901 -0.00660874 -0.00507992 -0.00461679
-0.00482875 -0.00530969 -0.00578361 -0.00599428 -0.00687985 -0.00689476 -0.00692442 -0.00695255 -0.00697965 -0.00700854
-0.00704102 -0.00707832 -0.00712145 -0.0071713 -0.00722869 -0.00729452 -0.00736975 -0.00745559 -0.00755342 -0.00766497
-0.00779236 -0.00793818 -0.00810565 -0.0082988 -0.0085228 -0.00878437 -0.00909252 -0.0094598 -0.00990409 -0.0104515
-0.01114 -0.0120241 -0.013178 -0.0146958 -0.0166836 -0.0192401 -0.0224281 -0.0262441 -0.0305983 -0.0353183
-0.0401752 -0.0449219 -0.0493311 -0.0532189 -0.0564562 -0.0589648 -0.0607075 -0.0616774 -0.0618899 -0.0613761
-0.0601763 -0.0583341 -0.0558888 -0.0528684 -0.0492845 -0.0451341 -0.0404146 -0.0351524 -0.0294511 -0.0235572
-0.0178971 -0.0129518 -0.0091478 -0.00676442 -0.00576364 -0.00576894 -0.00625994 -0.00682672 -0.00709097 -0.00723347
-0.00724785 -0.00727688 -0.00730535 -0.00733384 -0.00736513 -0.007401 -0.00744276 -0.00749149 -0.00754819 -0.00761382
-0.00768943 -0.00777622 -0.00787559 -0.00798927 -0.00811934 -0.00826835 -0.00843948 -0.00863662 -0.00886471 -0.00913003
-0.00944076 -0.00980792 -0.0102467 -0.0107788 -0.0114355 -0.012262 -0.013322 -0.0147015 -0.0165064 -0.018852
-0.0218381 -0.0255164 -0.0298593 -0.0347432 -0.0399584 -0.0452443 -0.0503348 -0.0549968 -0.0590527 -0.062386
-0.0649332 -0.0666704 -0.0676014 -0.0677501 -0.067156 -0.0658706 -0.063952 -0.0614569 -0.0584298 -0.0548926
-0.0508382 -0.0462351 -0.0410486 -0.0352882 -0.0290972 -0.0228656 -0.0171018 -0.0123139 -0.0089745 -0.00727282
-0.00694101 -0.00738653 -0.00804246 -0.00836585 -0.00759167 -0.00760553 -0.00763389 -0.00766261 -0.00769234 -0.00772579
-0.00776477 -0.00781064 -0.00786458 -0.00792772 -0.00800117 -0.00808615 -0.00818407 -0.0082966 -0.00842576 -0.00857402
-0.00874438 -0.00894058 -0.00916724 -0.00943017 -0.00973678 -0.0100967 -0.010523 -0.0110335 -0.0116533 -0.0124189
-0.0133819 -0.0146146 -0.0162124 -0.0182911 -0.0209721 -0.0243523 -0.0284692 -0.0332716 -0.0386065 -0.0442327
-0.0498654 -0.0552265 -0.0600831 -0.0642668 -0.0676734 -0.0702507 -0.0719821 -0.0728758 -0.0729581 -0.0722725
-0.0708787 -0.0688494 -0.0662615 -0.0631834 -0.0596595 -0.0556963 -0.0512566 -0.046269 -0.0406629 -0.034452
-0.0279123 -0.0215797 -0.015992 -0.0117078 -0.00918814 -0.00838311 -0.00870816 -0.00943852 -0.00982307 -0.00795327
-0.00796661 -0.00799428 -0.00802315 -0.00805391 -0.0080892 -0.00813085 -0.00818031 -0.00823887 -0.0083078 -0.00838837
-0.008482 -0.0085903 -0.00871521 -0.00885906 -0.00902468 -0.00921554 -0.00943592 -0.00969114 -0.00998785 -0.0103345
-0.0107423 -0.011226 -0.0118058 -0.0125103 -0.01338 -0.0144724 -0.0158664 -0.0176651 -0.0199909 -0.0229689
-0.0266919 -0.0311776 -0.0363574 -0.0420589 -0.0480143 -0.0539221 -0.0594981 -0.0645131 -0.0688075 -0.0722867
-0.0749047 -0.0766463 -0.077518 -0.077544 -0.076767 -0.0752523 -0.0730857 -0.0703646 -0.0671845 -0.0636195
-0.0597029 -0.0554121 -0.0506667 -0.0453481 -0.039353 -0.0327468 -0.0260822 -0.0199636 -0.0148854 -0.0115131
-0.0101176 -0.0102343 -0.0110118 -0.011455 -0.0083171 -0.00832994 -0.00835694 -0.00838584 -0.00841736 -0.00845405
-0.00849778 -0.00855012 -0.00861248 -0.00868628 -0.00877299 -0.0088742 -0.00899177 -0.00912788 -0.00928516 -0.00946681
-0.00967672 -0.00991969 -0.0102017 -0.0105301 -0.0109145 -0.0113672 -0.0119046 -0.0125491 -0.0133319 -0.014297
-0.0155061 -0.017043 -0.0190153 -0.0215495 -0.0247731 -0.0287755 -0.0335506 -0.0390167 -0.0449978 -0.0512062
-0.0573276 -0.0630767 -0.0682285 -0.0726302 -0.076192 -0.0788686 -0.0806409 -0.081511 -0.0814971 -0.0806373
-0.0790006 -0.0766835 -0.0738029 -0.070481 -0.0668237 -0.0628978 -0.0587087 -0.0541889 -0.0492028 -0.0435731
-0.037171 -0.0303853 -0.0239475 -0.0183362 -0.014194 -0.0121385 -0.011958 -0.0127443 -0.013241 -0.00868205
-0.00869446 -0.00872083 -0.00874962 -0.00878155 -0.00881908 -0.00886416 -0.00891844 -0.00898353 -0.00906103 -0.00915257
-0.00925997 -0.00938531 -0.00953102 -0.00970003 -0.00989585 -0.0101228 -0.010386 -0.0106922 -0.0110494 -0.011468
-0.0119612 -0.012547 -0.0132493 -0.0141013 -0.0151493 -0.0164577 -0.0181128 -0.0202243 -0.0229187 -0.0263246
-0.0305308 -0.0355151 -0.041179 -0.0473501 -0.0537372 -0.0600163 -0.0659034 -0.0711764 -0.075685 -0.0793394
-0.0820905 -0.0839133 -0.0847998 -0.08476 -0.0838302 -0.0820801 -0.0796146 -0.0765672 -0.0730839 -0.0693016
-0.0653212 -0.0611823 -0.0568434 -0.0521753 -0.0469754 -0.0410236 -0.034334 -0.027703 -0.0218146 -0.0171082
-0.0144023 -0.0138526 -0.0146021 -0.0151447 -0.00904715 -0.00905921 -0.00908503 -0.00911357 -0.00914549 -0.00918317
-0.00922864 -0.00928373 -0.00935022 -0.0094299 -0.00952465 -0.0096365 -0.00976775 -0.00992109 -0.0100997 -0.0103073
-0.0105486 -0.0108293 -0.0111564 -0.0115385 -0.0119866 -0.0125149 -0.0131422 -0.0138935 -0.0148032 -0.0159187
-0.0173053 -0.01905 -0.0212613 -0.0240631 -0.027581 -0.0319044 -0.0370143 -0.0427949 -0.0490691 -0.0555582
-0.0619391 -0.0679285 -0.0733043 -0.0779148 -0.0816645 -0.0844967 -0.0863793 -0.0872929 -0.0872402 -0.0862554
-0.0844084 -0.0818102 -0.0786074 -0.0749664 -0.0710504 -0.0669925 -0.0628667 -0.0586635 -0.0542771 -0.0495123
-0.0441081 -0.0377868 -0.0311326 -0.0250884 -0.0200716 -0.0168255 -0.0158703 -0.0165355 -0.0171132 -0.00941157
-0.0094234 -0.00944879 -0.00947692 -0.00950831 -0.00954531 -0.00959005 -0.00964454 -0.0097108 -0.00979087 -0.00988689
-0.0100011 -0.010136 -0.0102946 -0.0104802 -0.0106968 -0.0109495 -0.0112442 -0.0115882 -0.0119906 -0.0124628
-0.0130198 -0.0136805 -0.0144706 -0.0154248 -0.0165906 -0.0180325 -0.0198355 -0.0221054 -0.0249615 -0.0285218
-0.0328766 -0.0380209 -0.0438317 -0.0501244 -0.056639 -0.0630626 -0.0691124 -0.0745638 -0.0792618 -0.0830995
-0.0860073 -0.0879461 -0.0888899 -0.0888349 -0.0878107 -0.0858883 -0.0831837 -0.0798531 -0.0760783 -0.0720443
-0.0679108 -0.0637828 -0.0596838 -0.0555381 -0.0511675 -0.0462959 -0.040578 -0.0341413 -0.0280261 -0.0229074
-0.0192912 -0.0179399 -0.0184806 -0.0190798 -0.00977467 -0.00978644 -0.00981159 -0.0098391 -0.00986935 -0.00990466
-0.00994732 -0.00999955 -0.0100637 -0.010142 -0.010237 -0.0103512 -0.0104872 -0.0106482 -0.0108379 -0.0110604
-0.011321 -0.0116257 -0.0119822 -0.0123998 -0.0128903 -0.0134685 -0.0141538 -0.0149718 -0.0159566 -0.0171546
-0.018628 -0.0204583 -0.0227463 -0.0256048 -0.0291446 -0.0334532 -0.0385383 -0.0442842 -0.05051 -0.0569731
-0.0633739 -0.069433 -0.0749189 -0.0796809 -0.0835899 -0.0865546 -0.0885395 -0.0895097 -0.0894568 -0.0884078
-0.0864348 -0.0836562 -0.0802359 -0.0763679 -0.0722514 -0.0680668 -0.0639442 -0.0599366 -0.0559982 -0.0519737
-0.0476024 -0.0425503 -0.036573 -0.0305749 -0.0254661 -0.0216478 -0.0199667 -0.0203635 -0.0209702 -0.0101361
-0.010148 -0.0101731 -0.0101998 -0.0102282 -0.0102607 -0.0102996 -0.0103476 -0.0104074 -0.0104816 -0.0105729
-0.0106842 -0.0108184 -0.0109789 -0.0111694 -0.0113944 -0.011659 -0.0119696 -0.0123339 -0.0127613 -0.0132635
-0.0138556 -0.0145564 -0.015391 -0.0163924 -0.0176048 -0.0190869 -0.0209151 -0.0231834 -0.0259963 -0.0294588
-0.0336527 -0.0385921 -0.0441807 -0.050252 -0.0565818 -0.0628882 -0.0688965 -0.0743712 -0.0791507 -0.083093
-0.0860947 -0.0881105 -0.0890998 -0.0890512 -0.0879918 -0.0859967 -0.083178 -0.0797107 -0.0758025 -0.0716537
-0.0674589 -0.0633676 -0.0594569 -0.0557084 -0.0519959 -0.0480853 -0.0436505 -0.0383148 -0.0326409 -0.0276146
-0.0237572 -0.0218492 -0.0221069 -0.022709 -0.0104958 -0.0105081 -0.0105335 -0.0105591 -0.0105848 -0.010613
-0.0106463 -0.0106877 -0.0107406 -0.0108078 -0.0108926 -0.010998 -0.0111272 -0.0112839 -0.0114718 -0.0116954
-0.0119601 -0.0122722 -0.0126394 -0.013071 -0.0135788 -0.014177 -0.0148844 -0.0157248 -0.0167293 -0.0179396
-0.0194095 -0.021209 -0.0234243 -0.0261507 -0.0294855 -0.0335038 -0.0382242 -0.0435742 -0.049407 -0.0555198
-0.0616534 -0.0675408 -0.072947 -0.0776867 -0.0816152 -0.084627 -0.0866539 -0.0876527 -0.0876097 -0.086553
-0.08456 -0.0817442 -0.0782835 -0.074389 -0.0702642 -0.0661078 -0.0620841 -0.0582896 -0.0547266 -0.0512981
-0.047798 -0.0439177 -0.0393034 -0.0340885 -0.029246 -0.0255092 -0.0234874 -0.0236308 -0.0242215 -0.010854
-0.010867 -0.0108931 -0.0109174 -0.0109394 -0.0109616 -0.010987 -0.0110193 -0.0110622 -0.0111193 -0.0111942
-0.0112903 -0.0114113 -0.0115606 -0.0117423 -0.0119608 -0.0122215 -0.0125307 -0.012896 -0.0133265 -0.0138335
-0.0144308 -0.0151362 -0.0159723 -0.016968 -0.0181612 -0.0196011 -0.0213502 -0.0234853 -0.0260924 -0.0292582
-0.0330511 -0.0374946 -0.0425383 -0.0480592 -0.0538759 -0.0597547 -0.0654426 -0.0707066 -0.0753509 -0.0792214
-0.082203 -0.084217 -0.0852159 -0.0851802 -0.0841385 -0.0821726 -0.0794044 -0.0760048 -0.0721771 -0.068132
-0.0640679 -0.0601545 -0.0565 -0.0531246 -0.0499563 -0.0468185 -0.0434422 -0.03952 -0.0348362 -0.030294
-0.0267891 -0.0247738 -0.0248506 -0.0254321 -0.0112116 -0.0112258 -0.011253 -0.0112756 -0.0112926 -0.0113067
-0.0113216 -0.0113416 -0.0113713 -0.0114148 -0.0114761 -0.0115593 -0.0116684 -0.011807 -0.0119787 -0.0121883
-0.012441 -0.0127431 -0.0131018 -0.0135261 -0.0140265 -0.0146165 -0.0153124 -0.0161353 -0.0171119 -0.018276
-0.0196717 -0.0213538 -0.023389 -0.0258523 -0.0288201 -0.0323541 -0.0364808 -0.0411672 -0.0463147 -0.0517661
-0.0573134 -0.0627239 -0.0677712 -0.0722563 -0.0760163 -0.078927 -0.0809025 -0.0818978 -0.0818724 -0.0808548
-0.0789464 -0.0762631 -0.0729695 -0.0692626 -0.06535 -0.0614292 -0.057667 -0.0541755 -0.0509914 -0.0480642
-0.0452483 -0.0423146 -0.0389734 -0.0348762 -0.0307514 -0.0275117 -0.0256034 -0.025679 -0.0262628 -0.0115701
-0.0115858 -0.0116147 -0.0116352 -0.0116456 -0.0116491 -0.0116503 -0.0116545 -0.0116671 -0.0116931 -0.011737
-0.0118038 -0.0118978 -0.0120217 -0.0121794 -0.0123762 -0.0126172 -0.0129081 -0.0132561 -0.0136694 -0.0141583
-0.0147351 -0.0154152 -0.0162177 -0.0171668 -0.0182927 -0.0196334 -0.0212367 -0.0231595 -0.0254656 -0.0282203
-0.031478 -0.0352659 -0.0395637 -0.0442948 -0.0493269 -0.0544796 -0.0595433 -0.0643045 -0.0685665 -0.0721621
-0.0749594 -0.0768638 -0.0778192 -0.077808 -0.0768559 -0.0750379 -0.0724755 -0.0693296 -0.0657893 -0.0620544
-0.0583158 -0.0547354 -0.0514257 -0.0484326 -0.0457255 -0.0431861 -0.0406131 -0.0377328 -0.034235 -0.0305837
-0.0276136 -0.025888 -0.0260233 -0.0266233 -0.0119315 -0.0119496 -0.0119807 -0.0119984 -0.0120002 -0.01199
-0.0119737 -0.011958 -0.0119492 -0.0119534 -0.0119763 -0.0120231 -0.0120975 -0.0122025 -0.0123428 -0.0125234
-0.0127491 -0.0130253 -0.0133588 -0.0137573 -0.0142302 -0.0147892 -0.0154484 -0.0162249 -0.0171403 -0.0182211
-0.0195003 -0.0210184 -0.022823 -0.0249675 -0.0275062 -0.0304854 -0.0339302 -0.0378291 -0.0421234 -0.0467046
-0.0514198 -0.0560843 -0.0605024 -0.0644858 -0.0678684 -0.0705145 -0.0723228 -0.0732265 -0.0732309 -0.072358
-0.0706533 -0.0682408 -0.0652751 -0.0619351 -0.0584098 -0.0548799 -0.0514999 -0.0483797 -0.0455703 -0.043055
-0.0407386 -0.0384419 -0.0359243 -0.0329675 -0.0297274 -0.0270023 -0.0255268 -0.0257699 -0.0263935 -0.0122994
-0.0123203 -0.0123546 -0.0123684 -0.0123588 -0.0123311 -0.0122928 -0.012252 -0.0122169 -0.0121948 -0.0121923
-0.0122142 -0.0122642 -0.0123472 -0.0124676 -0.0126292 -0.0128366 -0.0130951 -0.0134108 -0.0137911 -0.0142448
-0.0147824 -0.0154167 -0.0161632 -0.0170408 -0.0180728 -0.0192873 -0.0207183 -0.0224051 -0.0243913 -0.0267208
-0.0294317 -0.0325453 -0.0360549 -0.0399154 -0.0440395 -0.0482991 -0.0525354 -0.0565733 -0.0602382 -0.0633705
-0.0658363 -0.0675341 -0.0684003 -0.068419 -0.067609 -0.0660276 -0.0637831 -0.061018 -0.057898 -0.0545987
-0.0512886 -0.0481126 -0.0451762 -0.0425325 -0.0401729 -0.0380206 -0.0359209 -0.0336746 -0.0311208 -0.0281344
-0.0255884 -0.0243927 -0.0247658 -0.025406 -0.0126782 -0.012703 -0.012741 -0.0127496 -0.012725 -0.0126747
-0.0126085 -0.0125369 -0.0124698 -0.012416 -0.0123829 -0.0123754 -0.0123983 -0.0124566 -0.012554 -0.0126937
-0.0128802 -0.0131183 -0.0134139 -0.0137735 -0.0142053 -0.0147189 -0.0153258 -0.0160399 -0.0168778 -0.0178596
-0.0190093 -0.020355 -0.0219288 -0.0237658 -0.0259006 -0.028363 -0.03117 -0.0343165 -0.0377672 -0.0414515
-0.0452634 -0.0490682 -0.0527128 -0.0560397 -0.0589004 -0.0611665 -0.0627386 -0.0635523 -0.0635837 -0.062847
-0.0613964 -0.0593283 -0.0567713 -0.0538765 -0.0508041 -0.0477091 -0.0447254 -0.0419525 -0.0394434 -0.0371949
-0.0351419 -0.0331558 -0.0310683 -0.0287133 -0.0258361 -0.0233768 -0.0223543 -0.0228016 -0.0234252 -0.0130748
-0.0131044 -0.0131469 -0.0131478 -0.0131031 -0.0130236 -0.0129225 -0.012813 -0.0127076 -0.0126165 -0.0125479
-0.0125076 -0.0125005 -0.012531 -0.0126023 -0.0127176 -0.012881 -0.0130969 -0.0133704 -0.0137076 -0.0141159
-0.014604 -0.0151823 -0.015863 -0.0166609 -0.0175932 -0.0186802 -0.0199453 -0.0214144 -0.0231152 -0.0250745
-0.0273148 -0.0298482 -0.0326695 -0.0357497 -0.0390307 -0.0424253 -0.0458197 -0.0490822 -0.0520736 -0.0546593
-0.0567195 -0.0581592 -0.0589141 -0.0589562 -0.0582943 -0.0569748 -0.0550811 -0.0527278 -0.0500499 -0.0471916
-0.0442928 -0.041476 -0.0388335 -0.0364157 -0.0342222 -0.0321954 -0.0302228 -0.0281448 -0.0257737 -0.0228929
-0.0203813 -0.019282 -0.0196158 -0.0201348 -0.0134987 -0.0135343 -0.0135816 -0.0135711 -0.0134992 -0.0133818
-0.0132367 -0.0130812 -0.0129302 -0.0127957 -0.012687 -0.0126103 -0.0125699 -0.0125697 -0.0126128 -0.012702
-0.0128408 -0.0130331 -0.0132834 -0.0135973 -0.0139813 -0.0144433 -0.0149926 -0.0156403 -0.0163992 -0.0172844
-0.0183128 -0.019504 -0.0208788 -0.0224588 -0.0242645 -0.0263122 -0.0286092 -0.0311495 -0.0339076 -0.0368349
-0.0398584 -0.0428824 -0.0457943 -0.0484727 -0.0507975 -0.0526598 -0.0539704 -0.0546672 -0.0547188 -0.0541285
-0.052934 -0.0512055 -0.0490424 -0.0465631 -0.043895 -0.0411629 -0.038477 -0.0359209 -0.0335407 -0.0313356
-0.0292502 -0.0271726 -0.0249321 -0.0223249 -0.0192601 -0.0164409 -0.0149243 -0.0148558 -0.0151286 -0.0139641
-0.0140067 -0.0140583 -0.0140302 -0.0139208 -0.0137535 -0.0135533 -0.013342 -0.0131368 -0.0129525 -0.0127992
-0.0126822 -0.0126058 -0.0125729 -0.0125864 -0.0126485 -0.0127619 -0.0129299 -0.0131566 -0.0134469 -0.0138066
-0.0142428 -0.0147638 -0.0153798 -0.0161019 -0.0169433 -0.0179186 -0.0190438 -0.0203358 -0.0218117 -0.0234865
-0.0253714 -0.0274702 -0.0297751 -0.032263 -0.0348918 -0.0375995 -0.0403048 -0.0429112 -0.0453136 -0.0474061
-0.0490899 -0.0502848 -0.050931 -0.0509931 -0.0504693 -0.04939 -0.0478125 -0.0458204 -0.0435149 -0.0410067
-0.0384048 -0.0358063 -0.0332847 -0.0308796 -0.0285858 -0.0263435 -0.0240288 -0.0214488 -0.0183847 -0.0148333
-0.0112342 -0.00885313 -0.00806999 -0.00794072 -0.0144919 -0.0145423 -0.0145957 -0.0145398 -0.0143775 -0.0141442
-0.0138744 -0.0135948 -0.0133266 -0.0130863 -0.0128835 -0.012723 -0.0126083 -0.0125416 -0.0125247 -0.0125592
-0.0126471 -0.012791 -0.0129943 -0.0132613 -0.0135972 -0.0140085 -0.0145028 -0.015089 -0.0157774 -0.0165794
-0.0175075 -0.0185754 -0.0197967 -0.0211848 -0.0227508 -0.0245019 -0.0264389 -0.0285524 -0.0308207 -0.0332064
-0.0356556 -0.0380982 -0.040451 -0.0426227 -0.0445201 -0.0460554 -0.047154 -0.0477576 -0.0478322 -0.0473729
-0.0463993 -0.044957 -0.043114 -0.0409549 -0.038573 -0.0360614 -0.0335026 -0.0309581 -0.0284575 -0.025986
-0.0234711 -0.0207689 -0.0176593 -0.0139061 -0.0094874 -0.00455981 -0.000737235 0.00122619 0.00194054 -0.015115
-0.0151725 -0.0152207 -0.0151198 -0.0148816 -0.0145601 -0.0142014 -0.013839 -0.0134984 -0.0131958 -0.0129391
-0.0127325 -0.0125782 -0.0124772 -0.01243 -0.0124371 -0.0125 -0.0126203 -0.0128009 -0.0130456 -0.013359
-0.013747 -0.0142165 -0.0147756 -0.0154337 -0.016201 -0.0170885 -0.0181079 -0.0192704 -0.0205864 -0.0220644
-0.0237084 -0.0255167 -0.0274791 -0.0295744 -0.0317686 -0.0340139 -0.0362488 -0.0384003 -0.0403884 -0.0421308
-0.0435493 -0.0445727 -0.0451458 -0.045239 -0.0448423 -0.043965 -0.0426415 -0.0409254 -0.0388845 -0.0365947
-0.0341323 -0.0315636 -0.0289347 -0.0262597 -0.0235067 -0.0205807 -0.0173061 -0.0134262 -0.00866933 -0.00293229
0.00378995 0.00969082 0.0135486 0.0151197 -0.0158866 -0.0159466 -0.015973 -0.0157967 -0.0154477 -0.0150067
-0.0145346 -0.0140738 -0.0136507 -0.0132788 -0.0129647 -0.0127105 -0.0125163 -0.0123813 -0.0123046 -0.0122855
-0.0123244 -0.0124224 -0.0125817 -0.0128055 -0.013098 -0.0134646 -0.0139116 -0.0144466 -0.0150783 -0.0158159
-0.0166695 -0.017649 -0.0187639 -0.0200228 -0.0214316 -0.0229924 -0.0247016 -0.0265482 -0.0285116 -0.0305601
-0.0326503 -0.0347274 -0.0367263 -0.038575 -0.0402004 -0.0415328 -0.0425063 -0.0430661 -0.0431805 -0.0428393
-0.0420473 -0.0408253 -0.0392128 -0.0372624 -0.0350311 -0.0325768 -0.029947 -0.0271677 -0.0242302 -0.0210743
-0.0175685 -0.0134892 -0.00852286 -0.00232791 0.00530023 0.0143482 0.023062 0.0296361 0.0323621 -0.0168971
-0.0169454 -0.0169112 -0.0166063 -0.0160925 -0.0154878 -0.0148726 -0.0142959 -0.013779 -0.0133313 -0.0129573
-0.0126554 -0.0124222 -0.0122548 -0.0121503 -0.0121068 -0.0121237 -0.0122012 -0.0123411 -0.0125461 -0.0128199
-0.0131675 -0.0135949 -0.0141091 -0.0147185 -0.0154316 -0.0162577 -0.0172057 -0.0182838 -0.0194988 -0.0208553
-0.0223538 -0.0239895 -0.0257505 -0.0276166 -0.029558 -0.0315345 -0.0334967 -0.035386 -0.0371363 -0.0386791
-0.0399499 -0.0408903 -0.0414481 -0.0415889 -0.0412992 -0.0405789 -0.039439 -0.0379041 -0.0360125 -0.0338054
-0.0313179 -0.0285738 -0.0255721 -0.0222711 -0.0185675 -0.0142741 -0.00909717 -0.00264142 0.00552626 0.0156935
0.0278272 0.040322 0.0504792 0.0546734 -0.0183086 -0.0183064 -0.0181248 -0.0175954 -0.0168316 -0.0160026
-0.0152093 -0.0145005 -0.0138877 -0.0133678 -0.0129346 -0.0125839 -0.0123113 -0.0121115 -0.01198 -0.0119133
-0.0119095 -0.0119681 -0.0120902 -0.0122783 -0.0125357 -0.0128669 -0.0132774 -0.0137743 -0.0143654 -0.0150591
-0.0158641 -0.0167882 -0.0178389 -0.019022 -0.0203408 -0.0217949 -0.0233782 -0.0250787 -0.0268762 -0.0287418
-0.0306374 -0.0325166 -0.0343259 -0.036005 -0.0374897 -0.0387176 -0.0396351 -0.0401985 -0.0403719 -0.040131
-0.0394673 -0.0383869 -0.0369032 -0.0350364 -0.0328145 -0.0302505 -0.0273346 -0.0240301 -0.0202474 -0.01582
-0.0104794 -0.00383089 0.00463177 0.0154498 0.0289732 0.0451429 0.0624748 0.0772671 0.0834382 -0.0204197
-0.0202771 -0.0197595 -0.0188225 -0.0176799 -0.0165722 -0.0155782 -0.0147114 -0.0139835 -0.0133836 -0.0128901
-0.0124923 -0.0121819 -0.0119516 -0.0117949 -0.011707 -0.0116845 -0.0117263 -0.0118331 -0.012007 -0.012251
-0.0125689 -0.012966 -0.0134493 -0.0140266 -0.0147061 -0.0154961 -0.0164036 -0.0174351 -0.0185958 -0.0198884
-0.0213114 -0.0228583 -0.0245164 -0.0262655 -0.0280774 -0.0299152 -0.0317339 -0.0334824 -0.0351059 -0.0365468
-0.0377468 -0.0386537 -0.0392251 -0.0394239 -0.0392191 -0.0385951 -0.0375505 -0.0360917 -0.0342238 -0.0319492
-0.029257 -0.0261058 -0.022408 -0.0180072 -0.0126475 -0.0059442 0.0026413 0.0137722 0.0281351 0.0461451
0.0676364 0.090952 0.111801 0.12089 -0.0238537 -0.0233527 -0.0220595 -0.0203719 -0.0186638 -0.0171691
-0.0159182 -0.0148744 -0.0140133 -0.0133178 -0.0127617 -0.012322 -0.0119812 -0.0117276 -0.0115528 -0.0114503
-0.0114153 -0.011446 -0.0115432 -0.0117091 -0.0119458 -0.012256 -0.0126451 -0.0131204 -0.0136897 -0.0143616
-0.0151437 -0.0160423 -0.0170627 -0.0182097 -0.0194852 -0.0208873 -0.0224088 -0.0240365 -0.0257502 -0.027522
-0.0293165 -0.0310905 -0.0327948 -0.0343774 -0.0357847 -0.0369624 -0.0378595 -0.0384309 -0.038638 -0.0384495
-0.0378452 -0.0368156 -0.0353565 -0.0334598 -0.0310999 -0.0282342 -0.0247846 -0.0206011 -0.0154415 -0.00893163
-0.000529271 0.0105085 0.0250794 0.044106 0.0681312 0.0968889 0.12816 0.157561 0.171163 -0.0303553
-0.0286337 -0.0252219 -0.0220991 -0.0195622 -0.0175848 -0.0160291 -0.0148046 -0.0138295 -0.0130566 -0.0124523
-0.0119834 -0.0116251 -0.011362 -0.0111835 -0.0110793 -0.0110427 -0.0110724 -0.0111703 -0.011339 -0.0115789
-0.0118912 -0.0122815 -0.0127579 -0.0133284 -0.0140009 -0.0147825 -0.0156795 -0.0166973 -0.0178399 -0.0191083
-0.0204994 -0.0220054 -0.0236126 -0.0253006 -0.0270422 -0.0288028 -0.0305408 -0.0322095 -0.0337586 -0.035136
-0.0362897 -0.0371695 -0.0377301 -0.0379326 -0.037746 -0.0371469 -0.0361164 -0.0346371 -0.0326853 -0.0302126
-0.0271426 -0.0233495 -0.0186132 -0.0125946 -0.00478124 0.00556202 0.0194478 0.0381226 0.0629383 0.0948438
0.133794 0.177372 0.221085 0.24238 -0.0457411 -0.0390017 -0.0287663 -0.0231979 -0.0197128 -0.0172621
-0.0154534 -0.0141056 -0.0130865 -0.0123062 -0.0117099 -0.0112577 -0.0109218 -0.0106861 -0.0105382 -0.0104623
-0.0104495 -0.0105004 -0.0106178 -0.0108035 -0.0110589 -0.0113875 -0.0117952 -0.0122891 -0.0128765 -0.0135641
-0.0143587 -0.0152666 -0.0162938 -0.0174434 -0.0187151 -0.0201051 -0.0216051 -0.023201 -0.0248724 -0.0265922
-0.0283267 -0.030036 -0.0316746 -0.0331942 -0.034544 -0.0356737 -0.0365347 -0.0370827 -0.037279 -0.0370917
-0.036494 -0.0354592 -0.0339539 -0.0319351 -0.0293419 -0.0260688 -0.0219363 -0.016657 -0.00980151 -0.000725102
0.0114995 0.0281784 0.0510059 0.0820536 0.123321 0.176194 0.239764 0.310753 0.347643 -0.0820047
-0.0603963 -0.0317932 -0.0224424 -0.0185172 -0.0157844 -0.0138228 -0.0124837 -0.011555 -0.0108818 -0.0103858
-0.0100257 -0.00977442 -0.00961351 -0.00952974 -0.00951318 -0.00955903 -0.00966617 -0.00983458 -0.0100651 -0.0103613
-0.0107294 -0.0111754 -0.0117053 -0.0123254 -0.0130428 -0.0138642 -0.0147959 -0.0158431 -0.0170086 -0.0182918
-0.0196886 -0.0211906 -0.0227835 -0.024447 -0.0261545 -0.027873 -0.0295635 -0.0311823 -0.0326819 -0.0340135
-0.0351278 -0.0359776 -0.0365188 -0.036712 -0.0365234 -0.0359236 -0.0348911 -0.0333899 -0.0313397 -0.0286582
-0.025228 -0.0208359 -0.0151485 -0.00767114 0.00233745 0.0159361 0.0346534 0.0605735 0.0966268 0.146594
0.215487 0.307734 0.424884 0.489715 -0.107229 -0.0748061 -0.0330833 -0.0214469 -0.0175389 -0.0147526
-0.0127412 -0.0114419 -0.0105971 -0.0100095 -0.0095887 -0.00929447 -0.00910114 -0.00898767 -0.00894029 -0.00895806
-0.00904141 -0.00918605 -0.00938952 -0.00965257 -0.00997888 -0.0103742 -0.0108448 -0.0113964 -0.0120359 -0.0127705
-0.0136073 -0.0145526 -0.0156112 -0.0167858 -0.0180761 -0.019478 -0.0209827 -0.0225761 -0.0242379 -0.0259419
-0.0276552 -0.0293394 -0.0309514 -0.0324444 -0.0337698 -0.0348796 -0.0357262 -0.0362662 -0.0364586 -0.0362689
-0.0356658 -0.0346361 -0.0331508 -0.0311045 -0.0283928 -0.0248991 -0.0204073 -0.0145673 -0.00685942 0.00349372
0.0175937 0.0370483 0.0640909 0.102069 0.155804 0.232772 0.341365 0.486599 0.568721 
U 3 8450 float
0 0 0 0 0 0 0 0 0 0 0
0 0 0 0 0 0 0 0 0 0
0 0 0 0 0 0 0 0 0 0
0 0 0 0 0 0 0 0 0 0
0 0 0 0 0 0 0 0 0 0
0 0 0 0 0 0 0 0 0 0
0 0 0 0 0 0 0 0 0 0
0 0 0 0 0 0 0 0 0 0
0 0 0 0 0 0 0 0 0 0
0 0 0 0 0 0 0 0 0 0
0 0 0 0 0 0 0 0 0 0
0 0 0 0 0 0 0 0 0 0
0 0 0 0 0 0 0 0 0 0
0 0 0 0 0 0 0 0 0 0
0 0 0 0 0 0 0 0 0 0
0 0 0 0 0 0 0 0 0 0
0 0 0 0 0 0 0 0 0 0
0 0 0 0 0 0 0 0 0 0
0 0 0 0 0 0 0 0 0 0
0 0 0 0 0 0 0 -1.37191e-05 1.32274e-05 0
-9.91213e-05 6.35485e-05 0 -0.000268292 0.000115036 0 -0.000509284 0.000156127 0 -0.000804986
0.000185434 0 -0.00113939 0.000204746 0 -0.00149932 0.000216472 0 -0.00187474 0.000222809
0 -0.00225844 0.000225506 0 -0.00264545 0.000225844 0 -0.0030324 0.000224693 0
-0.00341706 0.000222609 0 -0.00379792 0.000219908 0 -0.00417381 0.000216739 0 -0.00454379
0.000213135 0 -0.00490692 0.000209052 0 -0.00526217 0.000204398 0 -0.00560836 0.000199053
0 -0.00594414 0.00019288 0 -0.00626791 0.000185735 0 -0.00657788 0.000177475 0
-0.00687206 0.000167959 0 -0.00714822 0.000157057 0 -0.00740395 0.000144652 0 -0.0076367
0.000130646 0 -0.00784376 0.000114966 0 -0.00802242 9.75683e-05 0 -0.00816987 7.84416e-05
0 -0.00828341 5.76009e-05 0 -0.00836038 3.51489e-05 0 -0.00839837 1.13358e-05 0
-0.00839542 -1.37112e-05 0 -0.0083497 -3.98022e-05 0 -0.00825992 -6.6556e-05 0 -0.00812545
-9.36101e-05 0 -0.00794622 -0.00012054 0 -0.00772291 -0.000146891 0 -0.00745688 -0.000172185
0 -0.00715024 -0.000195938 0 -0.00680591 -0.000217677 0 -0.00642751 -0.000236958 0
-0.00601928 -0.000253379 0 -0.00558606 -0.000266604 0 -0.00513317 -0.000276362 0 -0.00466631
-0.000282466 0 -0.00419139 -0.000284809 0 -0.00371446 -0.000283358 0 -0.0032416 -0.000278154
0 -0.00277879 -0.000269291 0 -0.00233187 -0.000256907 0 -0.00190647 -0.000241162 0
-0.00150802 -0.000222228 0 -0.00114169 -0.000200271 0 -0.000812416 -0.000175462 0 -0.000524846
-0.000147982 0 -0.000283275 -0.000118091 0 -9.14762e-05 -8.62077e-05 0 4.76554e-05 -5.29797e-05
0 0.000132784 -1.96212e-05 0 0.000165143 1.16104e-05 0 0.000150318 3.69567e-05 0
0.000101606 5.01491e-05 0 4.18242e-05 4.19222e-05 0 0 0 0 0
0 0 -6.67625e-05 9.9279e-05 0 -0.000265723 0.000258532 0 -0.000603002 0.000414153
0 -0.00105716 0.000540638 0 -0.0016016 0.000634 0 -0.00221199 0.000698125 0
-0.00286769 0.000739081 0 -0.00355231 0.000762846 0 -0.00425355 0.000774438 0 -0.00496246
0.0007777 0 -0.00567273 0.000775368 0 -0.00637987 0.00076926 0 -0.00708063 0.000760474
0 -0.0077725 0.00074958 0 -0.00845333 0.000736772 0 -0.00912106 0.000721989 0
-0.00977356 0.000704995 0 -0.0104085 0.000685445 0 -0.0110231 0.00066294 0 -0.0116147
0.00063705 0 -0.0121797 0.000607337 0 -0.0127145 0.000573378 0 -0.0132153 0.000534781
0 -0.0136776 0.000491202 0 -0.014097 0.000442358 0 -0.0144689 0.000388052 0
-0.0147884 0.000328188 0 -0.0150508 0.000262785 0 -0.0152514 0.00019198 0 -0.0153859
0.000116121 0 -0.0154503 3.58365e-05 0 -0.0154412 -4.82508e-05 0 -0.0153558 -0.000135377
0 -0.0151922 -0.00022446 0 -0.0149494 -0.000314293 0 -0.0146276 -0.000403532 0
-0.0142281 -0.000490738 0 -0.0137535 -0.00057441 0 -0.0132075 -0.000653035 0 -0.0125953
-0.000725137 0 -0.011923 -0.000789335 0 -0.0111981 -0.000844384 0 -0.0104287 -0.000889223
0 -0.00962388 -0.000923008 0 -0.0087934 -0.000945132 0 -0.00794731 -0.000955225 0
-0.0070959 -0.000953145 0 -0.00624953 -0.000938959 0 -0.00541847 -0.000912898 0 -0.0046128
-0.000875315 0 -0.00384231 -0.000826637 0 -0.00311645 -0.000767332 0 -0.00244434 -0.000697884
0 -0.00183466 -0.000618814 0 -0.00129565 -0.000530755 0 -0.000834852 -0.000434607 0
-0.000458773 -0.000331827 0 -0.000172276 -0.000224832 0 2.24997e-05 -0.000117718 0 0.000127735
-1.7351e-05 0 0.000152352 6.52371e-05 0 0.000116036 0.000112991 0 5.06958e-05 0.00010147
0 0 0 0 0 0 0 -0.000125339 0.000275801 0
-0.000442022 0.00060069 0 -0.000940135 0.000901252 0 -0.00158641 0.00114558 0 -0.00234628
0.00132893 0 -0.0031903 0.0014579 0 -0.0040935 0.00154277 0 -0.00503568 0.00159402
0 -0.00600117 0.00162072 0 -0.00697822 0.00163001 0 -0.0079582 0.00162714 0
-0.0089347 0.00161569 0 -0.00990291 0.00159791 0 -0.0108589 0.00157503 0 -0.0117994
0.00154755 0 -0.0127212 0.00151544 0 -0.013621 0.00147831 0 -0.0144954 0.00143554
0 -0.0153406 0.0013864 0 -0.0161524 0.00133008 0 -0.0169261 0.00126574 0
-0.0176568 0.0011926 0 -0.018339 0.00110992 0 -0.018967 0.00101706 0 -0.0195347
0.000913527 0 -0.020036 0.000798983 0 -0.0204646 0.000673311 0 -0.0208144 0.000536635
0 -0.0210793 0.000389354 0 -0.0212538 0.000232208 0 -0.0213329 6.63322e-05 0
-0.0213122 -0.000106859 0 -0.0211885 -0.00028566 0 -0.0209597 -0.000467974 0 -0.0206248
-0.000651382 0 -0.0201842 -0.00083322 0 -0.0196401 -0.00101065 0 -0.0189961 -0.00118072
0 -0.0182573 -0.00134048 0 -0.0174307 -0.00148706 0 -0.0165245 -0.00161777 0
-0.0155485 -0.00173021 0 -0.0145134 -0.00182233 0 -0.0134311 -0.00189247 0 -0.0123143
-0.00193946 0 -0.0111759 -0.00196254 0 -0.0100295 -0.00196141 0 -0.0088883 -0.00193615
0 -0.00776584 -0.00188713 0 -0.00667515 -0.00181498 0 -0.00562896 -0.00172045 0
-0.00463964 -0.0016044 0 -0.00371905 -0.00146775 0 -0.00287855 -0.00131152 0 -0.00212882
-0.00113705 0 -0.0014796 -0.000946274 0 -0.000939199 -0.000742257 0 -0.00051369 -0.000530045
0 -0.00020562 -0.000317829 0 -1.22827e-05 -0.000118593 0 7.67411e-05 4.78017e-05 0
8.33522e-05 0.000152151 0 4.18402e-05 0.000153535 0 0 0 0 0
0 0 -0.000178246 0.000538137 0 -0.000603392 0.00108065 0 -0.0012486 0.0015593
0 -0.00206707 0.00194483 0 -0.00301569 0.00223569 0 -0.00406062 0.00244284 0
-0.00517389 0.0025816 0 -0.00633284 0.00266741 0 -0.00751967 0.00271377 0 -0.00872078
0.00273147 0 -0.00992586 0.00272857 0 -0.0111271 0.0027107 0 -0.0123183 0.00268147
0 -0.0134945 0.00264293 0 -0.0146511 0.00259595 0 -0.0157841 0.00254058 0
-0.0168891 0.00247628 0 -0.0179615 0.00240217 0 -0.0189967 0.00231712 0 -0.0199893
0.00221989 0 -0.0209335 0.00210922 0 -0.0218232 0.00198387 0 -0.0226518 0.00184275
0 -0.0234124 0.0016849 0 -0.0240976 0.0015096 0 -0.0247002 0.00131642 0
-0.0252127 0.00110525 0 -0.0256279 0.000876422 0 -0.0259388 0.000630692 0 -0.0261391
0.00036936 0 -0.0262229 9.42831e-05 0 -0.0261855 -0.000192185 0 -0.0260234 -0.000487155
0 -0.0257342 -0.000787179 0 -0.0253172 -0.00108835 0 -0.0247735 -0.00138637 0
-0.0241058 -0.0016767 0 -0.0233188 -0.00195464 0 -0.0224189 -0.00221549 0 -0.0214147
-0.00245472 0 -0.020316 -0.00266809 0 -0.0191346 -0.00285181 0 -0.0178835 -0.00300266
0 -0.0165768 -0.00311807 0 -0.0152293 -0.00319618 0 -0.0138566 -0.00323583 0
-0.0124745 -0.00323652 0 -0.0110986 -0.00319837 0 -0.00974461 -0.00312197 0 -0.00842784
-0.00300825 0 -0.00716309 -0.00285841 0 -0.00596465 -0.00267377 0 -0.00484625 -0.00245582
0 -0.0038209 -0.00220626 0 -0.00290079 -0.00192733 0 -0.00209694 -0.0016223 0
-0.00141863 -0.00129627 0 -0.000872526 -0.000957427 0 -0.000461392 -0.000618677 0 -0.000182307
-0.000299779 0 -2.44591e-05 -2.98452e-05 0 3.40074e-05 0.000149919 0 2.65539e-05 0.000183381
0 0 0 0 0 0 0 -0.000223186 0.00087585 0
-0.000743302 0.00168281 0 -0.00151872 0.00236802 0 -0.00248918 0.00291278 0 -0.00360279
0.00332326 0 -0.00482127 0.00361719 0 -0.00611405 0.00381605 0 -0.00745664 0.0039408
0 -0.00882985 0.00400962 0 -0.0102188 0.00403712 0 -0.0116122 0.00403432 0
-0.013001 0.00400897 0 -0.0143782 0.00396611 0 -0.0157378 0.00390868 0 -0.0170744
0.00383798 0 -0.0183829 0.00375417 0 -0.0196581 0.00365657 0 -0.0208946 0.003544
0 -0.0220867 0.00341491 0 -0.0232281 0.00326763 0 -0.0243123 0.00310041 0
-0.0253318 0.00291161 0 -0.0262793 0.00269971 0 -0.0271467 0.00246346 0 -0.0279258
0.00220192 0 -0.0286083 0.00191458 0 -0.0291858 0.00160145 0 -0.0296502 0.00126309
0 -0.0299938 0.000900754 0 -0.0302095 0.000516429 0 -0.030291 0.000112857 0
-0.0302332 -0.000306466 0 -0.0300322 -0.000737276 0 -0.029686 -0.00117456 0 -0.029194
-0.00161266 0 -0.0285577 -0.00204544 0 -0.0277805 -0.00246636 0 -0.0268681 -0.00286874
0 -0.0258283 -0.00324591 0 -0.0246708 -0.00359144 0 -0.0234073 -0.00389935 0
-0.0220514 -0.00416434 0 -0.020618 -0.00438189 0 -0.0191231 -0.00454842 0 -0.0175838
-0.00466136 0 -0.0160176 -0.00471915 0 -0.0144424 -0.00472115 0 -0.0128759 -0.0046676
0 -0.0113354 -0.00455937 0 -0.00983791 -0.00439788 0 -0.00839974 -0.00418486 0
-0.0070365 -0.00392231 0 -0.005763 -0.00361238 0 -0.00459317 -0.00325768 0 -0.00353992
-0.00286152 0 -0.00261477 -0.00242874 0 -0.00182731 -0.00196674 0 -0.00118433 -0.00148711
0 -0.000688514 -0.00100767 0 -0.000336847 -0.00055498 0 -0.000118584 -0.000167148 0
-1.2817e-05 0.000103464 0 1.19177e-05 0.000187626 0 0 0 0 0
0 0 -0.000260598 0.00127788 0 -0.000861831 0.00239101 0 -0.00175004 0.00330853
0 -0.00285273 0.00402805 0 -0.00410957 0.00456766 0 -0.00547782 0.00495438 0
-0.00692437 0.00521726 0 -0.00842319 0.00538345 0 -0.00995403 0.00547619 0 -0.0115012
0.00551403 0 -0.0130526 0.00551097 0 -0.0145986 0.00547694 0 -0.0161315 0.00541843
0 -0.0176444 0.00533927 0 -0.0191313 0.00524119 0 -0.0205863 0.00512445 0
-0.0220036 0.00498823 0 -0.023377 0.00483102 0 -0.0246999 0.00465088 0 -0.0259653
0.00444565 0 -0.0271657 0.0042131 0 -0.028293 0.00395112 0 -0.0293388 0.00365782
0 -0.0302943 0.00333161 0 -0.0311504 0.00297137 0 -0.0318979 0.00257657 0
-0.0325276 0.00214732 0 -0.0330306 0.00168454 0 -0.0333984 0.00119005 0 -0.0336235
0.000666615 0 -0.0336989 0.000118021 0 -0.0336193 -0.000450927 0 -0.0333805 -0.00103441
0 -0.0329804 -0.00162565 0 -0.0324186 -0.00221706 0 -0.0316971 -0.00280035 0
-0.03082 -0.00336682 0 -0.0297938 -0.00390752 0 -0.0286275 -0.00441359 0 -0.0273323
-0.00487651 0 -0.0259214 -0.00528838 0 -0.0244102 -0.00564219 0 -0.0228157 -0.00593204
0 -0.0211558 -0.00615329 0 -0.0194497 -0.00630266 0 -0.0177172 -0.00637821 0
-0.0159778 -0.00637928 0 -0.0142511 -0.00630633 0 -0.0125561 -0.00616075 0 -0.0109112
-0.0059446 0 -0.00933385 -0.0056604 0 -0.00784045 -0.00531099 0 -0.0064464 -0.00489949
0 -0.005166 -0.00442955 0 -0.00401225 -0.00390581 0 -0.0029966 -0.00333483 0
-0.00212839 -0.00272649 0 -0.00141405 -0.00209585 0 -0.000855921 -0.00146565 0 -0.000450715
-0.000869068 0 -0.000187721 -0.000352714 0 -4.69037e-05 2.07659e-05 0 1.47346e-06 0.000170812
0 0 0 0 0 0 0 -0.000291569 0.00173397 0
-0.000961242 0.00318977 0 -0.00194585 0.00436271 0 -0.00316231 0.00527089 0 -0.00454263
0.00594769 0 -0.00603977 0.00643177 0 -0.00761814 0.00676123 0 -0.00925026 0.00697023
0 -0.010915 0.00708744 0 -0.0125961 0.00713553 0 -0.0142809 0.00713157 0
-0.0159594 0.00708763 0 -0.0176234 0.00701167 0 -0.0192655 0.00690834 0 -0.0208792
0.00677982 0 -0.022458 0.00662642 0 -0.0239954 0.00644716 0 -0.0254847 0.0062402
0 -0.0269186 0.00600314 0 -0.0282895 0.00573334 0 -0.029589 0.00542807 0
-0.0308085 0.00508474 0 -0.0319386 0.00470103 0 -0.0329699 0.00427505 0 -0.0338923
0.0038055 0 -0.0346958 0.00329179 0 -0.0353707 0.00273421 0 -0.035907 0.00213407
0 -0.0362957 0.00149379 0 -0.0365282 0.000817041 0 -0.0365974 0.000108758 0
-0.0364971 -0.00062481 0 -0.0362231 -0.00137613 0 -0.0357728 -0.00213646 0 -0.0351461
-0.00289604 0 -0.034345 -0.00364424 0 -0.0333744 -0.00436987 0 -0.0322417 -0.00506152
0 -0.0309568 -0.00570784 0 -0.0295324 -0.00629796 0 -0.0279835 -0.00682186 0
-0.0263274 -0.00727065 0 -0.024583 -0.00763691 0 -0.0227708 -0.00791488 0 -0.0209121
-0.00810056 0 -0.0190287 -0.0081917 0 -0.0171425 -0.00818778 0 -0.0152748 -0.00808969
0 -0.0134465 -0.00789957 0 -0.0116771 -0.00762042 0 -0.00998499 -0.00725585 0
-0.00838725 -0.00680987 0 -0.00689952 -0.00628685 0 -0.00553599 -0.00569175 0 -0.00430932
-0.00503075 0 -0.00323037 -0.00431233 0 -0.00230777 -0.00354892 0 -0.00154718 -0.00275912
0 -0.000950184 -0.00197044 0 -0.000512866 -0.00122249 0 -0.000224129 -0.000569974 0
-6.40499e-05 -8.51934e-05 0 -3.43995e-06 0.000140913 0 0 0 0 0
0 0 -0.000317227 0.00223527 0 -0.00104435 0.00406514 0 -0.00211072 0.00551391
0 -0.00342435 0.00662319 0 -0.00491057 0.00744428 0 -0.00651836 0.00802954 0
-0.00820979 0.00842744 0 -0.00995598 0.00868 0 -0.011735 0.00882176 0 -0.0135302
0.00887975 0 -0.0153287 0.00887415 0 -0.0171201 0.00881921 0 -0.0188957 0.0087243
0 -0.020648 0.00859491 0 -0.0223703 0.00843356 0 -0.0240554 0.00824062 0
-0.0256965 0.0080149 0 -0.0272864 0.00775419 0 -0.0288173 0.00745561 0 -0.0302809
0.007116 0 -0.0316682 0.00673208 0 -0.03297 0.00630076 0 -0.0341762 0.00581926
0 -0.0352767 0.00528536 0 -0.0362604 0.00469753 0 -0.0371169 0.00405515 0
-0.0378351 0.00335866 0 -0.0384044 0.00260977 0 -0.0388149 0.00181156 0 -0.0390573
0.000968608 0 -0.0391233 8.7128e-05 0 -0.0390063 -0.000825078 0 -0.0387013 -0.00175861
0 -0.0382056 -0.00270257 0 -0.0375187 -0.00364477 0 -0.0366427 -0.00457197 0
-0.035583 -0.00547024 0 -0.0343477 -0.00632533 0 -0.0329478 -0.0071231 0 -0.0313976
-0.00785005 0 -0.0297138 -0.0084937 0 -0.0279159 -0.0090431 0 -0.0260251 -0.0094891
0 -0.0240646 -0.00982473 0 -0.0220581 -0.0100453 0 -0.0200301 -0.0101483 0
-0.0180049 -0.0101336 0 -0.0160061 -0.0100027 0 -0.0140562 -0.0097588 0 -0.0121762
-0.00940633 0 -0.0103855 -0.00895038 0 -0.00870164 -0.00839652 0 -0.00714022 -0.00775072
0 -0.00571505 -0.00701963 0 -0.00443806 -0.00621123 0 -0.00331912 -0.00533608 0
-0.00236571 -0.00440929 0 -0.00158224 -0.00345297 0 -0.000969092 -0.0024994 0 -0.000521179
-0.00159442 0 -0.000226329 -0.000800639 0 -6.35841e-05 -0.00019981 0 -2.70681e-06 0.000106868
0 0 0 0 0 0 0 -0.000338565 0.00277432 0
-0.00111387 0.00500504 0 -0.00224935 0.00674749 0 -0.00364568 0.00806894 0 -0.00522246
0.00904075 0 -0.00692516 0.00973058 0 -0.0087137 0.0101985 0 -0.0105579 0.0104952
0 -0.0124352 0.0106614 0 -0.0143286 0.010729 0 -0.0162248 0.0107211 0
-0.0181134 0.0106544 0 -0.0199858 0.0105396 0 -0.0218341 0.0103829 0 -0.0236512
0.0101871 0 -0.02543 0.00995269 0 -0.0271633 0.00967818 0 -0.0288433 0.00936093
0 -0.030462 0.00899756 0 -0.0320105 0.0085843 0 -0.0334795 0.00811731 0
-0.034859 0.00759292 0 -0.0361383 0.00700786 0 -0.0373065 0.00635948 0 -0.0383518
0.00564599 0 -0.0392626 0.00486667 0 -0.0400271 0.00402209 0 -0.0406337 0.00311428
0 -0.0410712 0.002147 0 -0.0413291 0.0011258 0 -0.0413985 5.81742e-05 0
-0.0412713 -0.0010464 0 -0.0409417 -0.00217651 0 -0.0404064 -0.00331888 0 -0.0396644
-0.00445866 0 -0.0387177 -0.00557967 0 -0.0375718 -0.00666485 0 -0.0362355 -0.00769675
0 -0.0347209 -0.00865803 0 -0.0330439 -0.00953213 0 -0.0312233 -0.0103038 0
-0.0292808 -0.0109597 0 -0.0272406 -0.0114886 0 -0.0251286 -0.0118823 0 -0.0229717
-0.0121354 0 -0.0207975 -0.0122453 0 -0.0186332 -0.0122121 0 -0.0165049 -0.0120387
0 -0.0144373 -0.0117297 0 -0.0124532 -0.0112912 0 -0.0105728 -0.0107305 0
-0.00881436 -0.0100552 0 -0.00719322 -0.00927337 0 -0.00572261 -0.00839374 0 -0.00441336
-0.00742644 0 -0.00327395 -0.00638437 0 -0.00231024 -0.00528541 0 -0.00152493 -0.00415525
0 -0.000916613 -0.00303096 0 -0.000478392 -0.00196458 0 -0.000196162 -0.0010267 0
-4.66255e-05 -0.00030873 0 3.20919e-06 7.73195e-05 0 0 0 0 0
0 0 -0.000356408 0.003345 0 -0.00117221 0.00599931 0 -0.00236612 0.00805089
0 -0.00383276 0.00959438 0 -0.00548695 0.0107227 0 -0.00727117 0.0115203 0
-0.00914339 0.0120598 0 -0.0110723 0.0124012 0 -0.0130348 0.0125921 0 -0.0150135
0.0126691 0 -0.0169951 0.0126588 0 -0.0189691 0.01258 0 -0.0209268 0.0124448
0 -0.0228605 0.0122603 0 -0.0247629 0.0120295 0 -0.0266268 0.0117527 0
-0.0284446 0.0114282 0 -0.0302086 0.011053 0 -0.0319103 0.0106229 0 -0.0335405
0.0101337 0 -0.0350894 0.00958074 0 -0.0365464 0.0089598 0 -0.0379002 0.00826697
0 -0.039139 0.00749912 0 -0.0402504 0.00665406 0 -0.0412216 0.00573089 0
-0.0420396 0.00473019 0 -0.0426915 0.0036543 0 -0.0431648 0.00250754 0 -0.0434477
0.00129641 0 -0.0435296 2.97537e-05 0 -0.0434013 -0.00128122 0 -0.0430556 -0.00262292
0 -0.0424879 -0.00397948 0 -0.0416965 -0.00533307 0 -0.0406831 -0.00666419 0
-0.0394531 -0.00795224 0 -0.0380158 -0.00917604 0 -0.0363846 -0.0103146 0 -0.0345768
-0.0113477 0 -0.0326134 -0.012257 0 -0.0305191 -0.0130261 0 -0.0283211 -0.0136417
0 -0.0260486 -0.014094 0 -0.0237325 -0.0143766 0 -0.0214038 -0.0144872 0
-0.0190932 -0.0144265 0 -0.01683 -0.0141988 0 -0.0146417 -0.0138107 0 -0.012553
-0.0132709 0 -0.0105856 -0.0125892 0 -0.00875801 -0.0117761 0 -0.00708574 -0.0108423
0 -0.00558105 -0.00979925 0 -0.00425337 -0.00865959 0 -0.00310938 -0.00743885 0
-0.00215283 -0.00615788 0 -0.00138413 -0.00484611 0 -0.000799462 -0.00354541 0 -0.000389344
-0.00231426 0 -0.000136835 -0.0012315 0 -1.49668e-05 -0.000398761 0 1.36669e-05 6.01109e-05
0 0 0 0 0 0 0 -0.000371424 0.00394226 0
-0.00122139 0.00703947 0 -0.00246481 0.00941353 0 -0.00399137 0.0111878 0 -0.00571191
0.012478 0 -0.00756636 0.0133865 0 -0.0095111 0.0139993 0 -0.0115138 0.0143862
0 -0.013551 0.0146023 0 -0.0156048 0.014689 0 -0.0176622 0.0146766 0
-0.0197127 0.0145861 0 -0.0217475 0.0144309 0 -0.0237592 0.0142188 0 -0.0257405
0.0139533 0 -0.0276842 0.0136344 0 -0.0295826 0.0132601 0 -0.0314279 0.0128267
0 -0.0332114 0.0123296 0 -0.0349235 0.0117636 0 -0.0365543 0.0111234 0
-0.0380924 0.0104041 0 -0.0395259 0.00960088 0 -0.0408423 0.00871007 0 -0.042028
0.00772899 0 -0.0430692 0.00665633 0 -0.0439515 0.00549256 0 -0.0446605 0.00424017
0 -0.045182 0.00290397 0 -0.0455025 0.00149133 0 -0.0456092 1.24205e-05 0
-0.0454913 -0.00151973 0 -0.0451398 -0.0030892 0 -0.0445487 -0.0046773 0 -0.043715
-0.00626282 0 -0.0426395 -0.00782253 0 -0.0413277 -0.00933174 0 -0.0397891 -0.010765
0 -0.038038 -0.0120969 0 -0.0360937 -0.0133032 0 -0.0339797 -0.0143614 0
-0.0317233 -0.0152521 0 -0.0293555 -0.0159593 0 -0.0269094 -0.0164711 0 -0.02442
-0.0167805 0 -0.0219228 -0.0168849 0 -0.0194525 -0.0167861 0 -0.0170425 -0.0164903
0 -0.0147236 -0.0160069 0 -0.012523 -0.0153475 0 -0.0104645 -0.0145254 0
-0.00856731 -0.0135548 0 -0.00684688 -0.0124501 0 -0.00531449 -0.0112258 0 -0.00397789
-0.00989774 0 -0.00284146 -0.00848451 0 -0.0019063 -0.00701021 0 -0.00116988 -0.00550814
0 -0.000625226 -0.00402524 0 -0.000259476 -0.00262669 0 -5.18355e-05 -0.00140012 0
2.95934e-05 -0.000458163 0 2.80703e-05 6.21104e-05 0 0 0 0 0
0 0 -0.000384145 0.00456201 0 -0.00126309 0.00811851 0 -0.00254866 0.0108266
0 -0.00412648 0.0128393 0 -0.00590412 0.0142966 0 -0.00781944 0.015319 0
-0.00982748 0.0160069 0 -0.0118951 0.0164407 0 -0.0139984 0.0166828 0 -0.0161196
0.0167801 0 -0.0182456 0.0167665 0 -0.0203659 0.0166653 0 -0.0224723 0.0164913
0 -0.0245572 0.0162531 0 -0.0266137 0.0159543 0 -0.0286346 0.0155948 0
-0.0306124 0.0151721 0 -0.0325392 0.0146818 0 -0.0344062 0.0141188 0 -0.0362037
0.0134768 0 -0.0379212 0.0127498 0 -0.0395472 0.0119318 0 -0.0410689 0.0110173
0 -0.0424729 0.0100017 0 -0.0437446 0.00888154 0 -0.0448689 0.00765501 0
-0.0458297 0.00632221 0 -0.0466109 0.0048856 0 -0.0471961 0.00335029 0 -0.0475697
0.00172444 0 -0.0477166 1.9492e-05 0 -0.0476236 -0.00174966 0 -0.0472796 -0.0035646
0 -0.0466764 -0.00540347 0 -0.0458096 -0.00724135 0 -0.044679 -0.0090507 0
-0.0432895 -0.0108021 0 -0.0416508 -0.0124652 0 -0.0397784 -0.0140094 0 -0.037693
-0.0154057 0 -0.0354205 -0.0166271 0 -0.0329917 -0.0176502 0 -0.0304407 -0.0184556
0 -0.0278054 -0.0190295 0 -0.0251252 -0.0193634 0 -0.0224405 -0.0194548 0
-0.0197912 -0.0193068 0 -0.0172154 -0.0189278 0 -0.0147483 -0.0183302 0 -0.0124208
-0.0175299 0 -0.0102591 -0.0165447 0 -0.00828409 -0.0153934 0 -0.00651139 -0.0140948
0 -0.00495138 -0.0126678 0 -0.00360984 -0.0111322 0 -0.00248841 -0.00951 0
-0.00158488 -0.00782901 0 -0.000893031 -0.00612671 0 -0.000401888 -0.00445535 0 -9.42978e-05
-0.00288723 0 5.5438e-05 -0.00151943 0 8.53623e-05 -0.000476672 0 4.58967e-05 8.92388e-05
0 0 0 0 0 0 0 -0.00039499 0.00520088 0
-0.00129866 0.00923073 0 -0.0026203 0.0122829 0 -0.0042422 0.0145411 0 -0.0060693
0.0161698 0 -0.00803775 0.0173093 0 -0.0101015 0.0180745 0 -0.012227 0.0185568
0 -0.0143897 0.0188264 0 -0.0165722 0.0189359 0 -0.0187612 0.0189227 0
-0.0209469 0.0188127 0 -0.023121 0.0186221 0 -0.0252765 0.0183602 0 -0.0274065
0.0180306 0 -0.0295043 0.0176332 0 -0.0315625 0.0171649 0 -0.0335733 0.0166207
0 -0.0355279 0.0159943 0 -0.0374166 0.0152789 0 -0.0392284 0.0144672 0
-0.0409515 0.0135521 0 -0.0425725 0.0125271 0 -0.044077 0.0113864 0 -0.0454493
0.0101256 0 -0.0466726 0.00874213 0 -0.0477293 0.00723538 0 -0.0486009 0.00560752
0 -0.0492688 0.00386375 0 -0.0497146 0.00201284 0 -0.0499205 6.74395e-05 0
-0.0498706 -0.00195563 0 -0.049551 -0.00403525 0 -0.0489513 -0.00614611 0 -0.0480652
-0.00825903 0 -0.0468912 -0.0103416 0 -0.0454333 -0.0123591 0 -0.0437015 -0.0142753
0 -0.0417117 -0.016054 0 -0.0394863 -0.0176604 0 -0.0370529 -0.0190623 0
-0.0344451 -0.0202317 0 -0.0317005 -0.0211454 0 -0.028861 -0.0217866 0 -0.0259708
-0.0221454 0 -0.0230758 -0.0222189 0 -0.0202218 -0.0220112 0 -0.0174528 -0.0215333
0 -0.0148098 -0.0208015 0 -0.0123289 -0.0198365 0 -0.0100405 -0.0186618 0
-0.00796802 -0.0173022 0 -0.00612823 -0.0157824 0 -0.00453098 -0.0141269 0 -0.00318009
-0.0123602 0 -0.002074 -0.010509 0 -0.00120646 -0.00860514 0 -0.00056665 -0.00669069
0 -0.000138606 -0.00482357 0 0.000100196 -0.00308369 0 0.000181464 -0.00157832 0
0.00015065 -0.000445469 0 6.66728e-05 0.000146665 0 0 0 0 0
0 0 -0.000404277 0.00585611 0 -0.00132914 0.0103714 0 -0.00268181 0.0137763
0 -0.00434184 0.0162861 0 -0.00621204 0.0180909 0 -0.00822723 0.0193506 0
-0.0103406 0.0201956 0 -0.0125179 0.0207285 0 -0.0147349 0.0210277 0 -0.0169739
0.0211514 0 -0.0192223 0.0211411 0 -0.0214701 0.021025 0 -0.0237098 0.0208209
0 -0.0259346 0.0205387 0 -0.0281383 0.0201821 0 -0.0303141 0.0197509 0
-0.0324554 0.0192412 0 -0.0345544 0.0186474 0 -0.0366024 0.0179623 0 -0.0385898
0.0171777 0 -0.0405055 0.0162851 0 -0.0423371 0.0152764 0 -0.0440708 0.0141434
0 -0.0456911 0.0128791 0 -0.0471811 0.0114779 0 -0.0485224 0.00993585 0
-0.0496953 0.00825144 0 -0.050679 0.00642618 0 -0.0514521 0.0044651 0 -0.0519932
0.00237737 0 -0.0522816 0.000176794 0 -0.052298 -0.00211781 0 -0.0520259 -0.0044824
0 -0.0514523 -0.00688777 0 -0.0505689 -0.0093 0 -0.0493727 -0.0116812 0
-0.047867 -0.0139905 0 -0.0460611 -0.0161855 0 -0.0439713 -0.0182235 0 -0.0416201
-0.0200636 0 -0.0390362 -0.0216676 0 -0.0362543 -0.023002 0 -0.0333143 -0.0240393
0 -0.030261 -0.0247589 0 -0.027143 -0.0251484 0 -0.0240117 -0.0252039 0
-0.0209196 -0.02493 0 -0.0179184 -0.0243399 0 -0.015057 -0.0234542 0 -0.0123792
-0.0222992 0 -0.00992197 -0.0209055 0 -0.00771393 -0.0193054 0 -0.00577461 -0.0175315
0 -0.00411452 -0.0156156 0 -0.00273587 -0.0135888 0 -0.00163369 -0.0114832 0
-0.000796909 -0.00933595 0 -0.000208971 -0.00719417 0 0.000152367 -0.00512191 0 0.000316343
-0.00320714 0 0.000322001 -0.00156811 0 0.000223589 -0.000357334 0 8.99026e-05 0.000238782
0 0 0 0 0 0 0 -0.000412238 0.0065254 0
-0.00135532 0.0115365 0 -0.00273476 0.0153019 0 -0.00442793 0.018069 0 -0.00633591
0.0200539 0 -0.0083925 0.0214373 0 -0.0105503 0.0223648 0 -0.0127749 0.0229507
0 -0.0150418 0.0232821 0 -0.0173338 0.023423 0 -0.0196385 0.0234187 0
-0.0219465 0.0233002 0 -0.0242507 0.0230867 0 -0.0265448 0.0227886 0 -0.028823
0.0224102 0 -0.0310795 0.0219504 0 -0.0333076 0.0214052 0 -0.0355002 0.0207679
0 -0.0376488 0.02003 0 -0.0397439 0.0191824 0 -0.0417745 0.018215 0
-0.0437278 0.0171179 0 -0.0455893 0.0158817 0 -0.0473429 0.0144974 0 -0.0489702
0.0129577 0 -0.0504511 0.0112572 0 -0.0517638 0.00939304 0 -0.052885 0.00736554
0 -0.0537902 0.00517931 0 -0.054455 0.00284375 0 -0.0548556 0.00037379 0
-0.0549695 -0.00220961 0 -0.0547776 -0.00487913 0 -0.0542647 -0.00760122 0 -0.0534206
-0.0103367 0 -0.0522412 -0.0130416 0 -0.0507284 -0.0156688 0 -0.0488908 -0.018169
0 -0.046743 -0.0204932 0 -0.0443058 -0.0225939 0 -0.0416062 -0.0244268 0
-0.0386771 -0.0259525 0 -0.0355575 -0.0271378 0 -0.0322928 -0.0279574 0 -0.0289342
-0.0283944 0 -0.025538 -0.0284422 0 -0.0221645 -0.0281047 0 -0.018875 -0.0273962
0 -0.0157299 -0.026341 0 -0.0127847 -0.0249718 0 -0.0100874 -0.0233272 0
-0.00767575 -0.0214495 0 -0.00557569 -0.0193817 0 -0.00380074 -0.0171655 0 -0.00235279
-0.0148408 0 -0.00122358 -0.0124477 0 -0.00039646 -0.0100296 0 0.000152264 -0.00763973
0 0.000452862 -0.0053488 0 0.0005431 -0.00325341 0 0.000471104 -0.00148348 0
0.000301626 -0.000207231 0 0.00011492 0.000368892 0 0 0 0 0
0 0 -0.000419028 0.00720676 0 -0.00137772 0.0127228 0 -0.00278027 0.0168554
0 -0.00450228 0.019885 0 -0.00644349 0.0220542 0 -0.00853693 0.0235644 0
-0.0107348 0.0245775 0 -0.0130027 0.0252196 0 -0.0153162 0.0255863 0 -0.0176583
0.0257478 0 -0.0200171 0.0257536 0 -0.0223839 0.025637 0 -0.024752 0.0254191
0 -0.027116 0.025111 0 -0.0294707 0.0247169 0 -0.0318107 0.0242355 0
-0.0341302 0.0236621 0 -0.0364226 0.0229889 0 -0.0386798 0.0222063 0 -0.0408926
0.0213036 0 -0.0430501 0.0202694 0 -0.0451395 0.0190917 0 -0.0471457 0.0177591
0 -0.0490519 0.0162608 0 -0.0508384 0.0145871 0 -0.0524835 0.0127306 0
-0.0539631 0.0106865 0 -0.0552515 0.00845399 0 -0.0563216 0.0060368 0 -0.0571457
0.00344444 0 -0.0576974 0.000693099 0 -0.0579521 -0.00219372 0 -0.0578886 -0.00518499
0 -0.0574905 -0.00824233 0 -0.056747 -0.0113209 0 -0.0556529 -0.0143706 0
-0.0542088 -0.0173381 0 -0.0524204 -0.020168 0 -0.0502981 -0.0228057 0 -0.047857
-0.0251977 0 -0.0451168 -0.0272939 0 -0.0421032 -0.0290486 0 -0.0388489 -0.0304219
0 -0.0353949 -0.031381 0 -0.0317919 -0.0319024 0 -0.0281 -0.0319732 0
-0.0243878 -0.031593 0 -0.0207295 -0.0307749 0 -0.0172017 -0.0295451 0 -0.013878
-0.0279424 0 -0.0108246 -0.026015 0 -0.00809524 -0.0238176 0 -0.00572836 -0.0214069
0 -0.00374505 -0.0188387 0 -0.00214961 -0.016166 0 -0.000931414 -0.0134396 0
-6.75933e-05 -0.0107119 0 0.000474398 -0.00804357 0 0.000735303 -0.00551297 0 0.000763908
-0.00322578 0 0.00061992 -0.00132426 0 0.000380969 6.6675e-06 0 0.000140744 0.000538761
0 0 0 0 0 0 0 -0.000424737 0.00789841 0
-0.00139669 0.0139271 0 -0.00281905 0.018433 0 -0.00456606 0.0217298 0 -0.00653645
0.0240873 0 -0.00866275 0.0257279 0 -0.0108969 0.02683 0 -0.0132046 0.0275317
0 -0.0155616 0.0279374 0 -0.0179514 0.0281236 0 -0.0203626 0.0281441 0
-0.0227871 0.0280349 0 -0.0252191 0.0278187 0 -0.0276538 0.0275072 0 -0.0300869
0.0271049 0 -0.0325138 0.0266101 0 -0.0349296 0.0260173 0 -0.0373283 0.0253177
0 -0.0397024 0.0245003 0 -0.0420435 0.023553 0 -0.0443407 0.0224622 0
-0.0465815 0.021214 0 -0.0487505 0.0197947 0 -0.0508303 0.0181909 0 -0.0528002
0.0163904 0 -0.0546371 0.0143832 0 -0.056315 0.0121625 0 -0.0578061 0.00972557
0 -0.0590809 0.00707536 0 -0.0601101 0.00422168 0 -0.0608656 0.00118235 0
-0.0613224 -0.00201591 0 -0.0614597 -0.0053377 0 -0.0612618 -0.00873944 0 -0.0607187
-0.0121706 0 -0.0598249 -0.0155758 0 -0.0585786 -0.018897 0 -0.0569795 -0.0220751
0 -0.0550286 -0.0250519 0 -0.0527276 -0.0277705 0 -0.0500805 -0.030176 0
-0.0470966 -0.0322163 0 -0.0437931 -0.0338424 0 -0.0401998 -0.0350112 0 -0.0363618
-0.0356869 0 -0.0323403 -0.0358449 0 -0.0282133 -0.0354746 0 -0.024072 -0.0345825
0 -0.0200159 -0.0331932 0 -0.0161461 -0.0313499 0 -0.0125574 -0.0291111 0
-0.0093303 -0.0265469 0 -0.00652541 -0.0237329 0 -0.00417926 -0.0207451 0 -0.00230376
-0.0176552 0 -0.000888251 -0.0145304 0 9.65248e-05 -0.011436 0 0.000694084 -0.00844317
0 0.000958911 -0.00563894 0 0.000954401 -0.00313884 0 0.000755481 -0.00109793 0
0.000456042 0.000281439 0 0.000165918 0.000747898 0 0 0 0 0
0 0 -0.000429396 0.00859868 0 -0.00141236 0.0151468 0 -0.00285143 0.0200314
0 -0.00461987 0.0235999 0 -0.0066157 0.0261494 0 -0.00877113 0.0279242 0
-0.0110381 0.0291188 0 -0.0133823 0.0298839 0 -0.0157801 0.0303328 0 -0.0182153
0.0305485 0 -0.0206772 0.030589 0 -0.0231584 0.0304934 0 -0.0256541 0.0302857
0 -0.0281604 0.0299787 0 -0.0306737 0.0295768 0 -0.0331908 0.0290783 0
-0.0357075 0.0284765 0 -0.0382188 0.0277618 0 -0.0407184 0.0269217 0 -0.0431981
0.0259422 0 -0.0456483 0.0248077 0 -0.0480564 0.0235021 0 -0.0504075 0.0220087
0 -0.0526836 0.0203114 0 -0.0548635 0.018395 0 -0.0569233 0.0162466 0
-0.0588357 0.013857 0 -0.0605717 0.0112217 0 -0.0621014 0.008343 0 -0.0633955
0.00523176 0 -0.0644273 0.00190839 0 -0.0651745 -0.00159625 0 -0.0656205 -0.00524158
0 -0.0657538 -0.00897864 0 -0.0655674 -0.0127524 0 -0.0650559 -0.0165046 0
-0.0642119 -0.0201766 0 -0.0630235 -0.0237105 0 -0.0614728 -0.0270494 0 -0.0595368
-0.0301371 0 -0.0571907 -0.0329161 0 -0.0544138 -0.0353273 0 -0.0511965 -0.0373102
0 -0.0475472 -0.0388048 0 -0.0434984 -0.0397555 0 -0.0391098 -0.0401166 0
-0.0344693 -0.0398578 0 -0.0296898 -0.0389703 0 -0.0249027 -0.0374703 0 -0.0202483
-0.0354013 0 -0.0158643 -0.032832 0 -0.0118733 -0.029851 0 -0.00837272 -0.0265596
0 -0.00542678 -0.023062 0 -0.00306386 -0.0194585 0 -0.00127815 -0.0158412 0
-3.49413e-05 -0.0122955 0 0.000722445 -0.00890697 0 0.00106623 -0.00577436 0 0.00108019
-0.00302377 0 0.000859756 -0.000823235 0 0.000519161 0.000607283 0 0.000188434 0.000992542
0 0 0 0 0 0 0 -0.000432986 0.00930594 0
-0.00142471 0.0163791 0 -0.00287744 0.0216472 0 -0.00466382 0.0254916 0 -0.00668144
0.0282371 0 -0.00886238 0.0301496 0 -0.0111586 0.0314406 0 -0.0135363 0.0322732
0 -0.0159719 0.03277 0 -0.0184502 0.0330204 0 -0.0209609 0.033087 0
-0.0234977 0.0330117 0 -0.0260566 0.0328204 0 -0.0286347 0.0325267 0 -0.0312299
0.0321352 0 -0.0338398 0.0316438 0 -0.0364616 0.0310452 0 -0.0390914 0.0303285
0 -0.0417242 0.0294799 0 -0.0443531 0.0284832 0 -0.0469692 0.0273208 0
-0.0495609 0.0259737 0 -0.0521138 0.0244225 0 -0.0546103 0.0226477 0 -0.0570294
0.0206311 0 -0.0593469 0.0183567 0 -0.0615361 0.0158127 0 -0.0635687 0.0129935
0 -0.0654169 0.00990175 0 -0.0670552 0.00655078 0 -0.0684631 0.00296534 0
-0.0696267 -0.000818041 0 -0.0705389 -0.0047529 0 -0.071197 -0.00878585 0 -0.0715991
-0.0128606 0 -0.0717379 -0.016922 0 -0.0715952 -0.0209183 0 -0.0711368 -0.0248013
0 -0.0703119 -0.028524 0 -0.0690558 -0.0320364 0 -0.0672979 -0.0352815 0
-0.0649714 -0.0381921 0 -0.0620255 -0.0406906 0 -0.0584362 -0.0426916 0 -0.0542159
-0.044108 0 -0.0494193 -0.0448597 0 -0.0441447 -0.0448829 0 -0.0385313 -0.0441402
0 -0.0327514 -0.0426288 0 -0.026998 -0.0403851 0 -0.0214688 -0.037485 0
-0.0163484 -0.0340388 0 -0.0117909 -0.0301808 0 -0.00790656 -0.0260557 0 -0.00475447
-0.0218058 0 -0.00234246 -0.0175612 0 -0.000633671 -0.0134385 0 0.000443327 -0.00954604
0 0.000983597 -0.00599847 0 0.00109811 -0.00293421 0 0.000910102 -0.000533998 0
0.000560837 0.000965257 0 0.000205862 0.00126462 0 0 0 0 0
0 0 -0.000435449 0.0100186 0 -0.00143361 0.0176215 0 -0.00289686 0.0232772
0 -0.00469761 0.0274014 0 -0.00673331 0.0303466 0 -0.00893607 0.0324007 0
-0.0112581 0.0337921 0 -0.0136657 0.0346966 0 -0.0161362 0.0352462 0 -0.0186547
0.035537 0 -0.021212 0.0356363 0 -0.0238026 0.0355889 0 -0.0264236 0.0354225
0 -0.0290734 0.0351519 0 -0.031751 0.0347818 0 -0.0344555 0.0343098 0
-0.0371857 0.0337281 0 -0.0399391 0.0330245 0 -0.0427123 0.0321836 0 -0.0454998
0.0311873 0 -0.0482943 0.0300157 0 -0.0510856 0.0286471 0 -0.0538605 0.0270586
0 -0.0566027 0.0252277 0 -0.0592925 0.0231326 0 -0.0619073 0.0207548 0
-0.0644229 0.0180807 0 -0.0668151 0.0151049 0 -0.0690628 0.0118326 0 -0.0711504
0.00828195 0 -0.0730705 0.00448482 0 -0.0748253 0.000485283 0 -0.0764243 -0.00366418
0 -0.0778778 -0.00790911 0 -0.0791894 -0.0121996 0 -0.0803451 -0.0164938 0
-0.0813041 -0.0207598 0 -0.0819938 -0.0249722 0 -0.0823111 -0.0291048 0 -0.0821294
-0.0331216 0 -0.0813123 -0.0369677 0 -0.0797305 -0.0405643 0 -0.0772786 -0.0438085
0 -0.0738906 -0.0465771 0 -0.0695525 -0.0487365 0 -0.0643096 -0.0501548 0
-0.05827 -0.0507169 0 -0.0516015 -0.0503396 0 -0.0445241 -0.0489851 0 -0.0372952
-0.0466707 0 -0.0301902 -0.0434731 0 -0.0234779 -0.0395244 0 -0.0173944 -0.0349996
0 -0.0121212 -0.0300986 0 -0.00776965 -0.0250239 0 -0.00437651 -0.0199639 0
-0.0019104 -0.0150833 0 -0.000285557 -0.0105264 0 0.000621282 -0.00643145 0 0.000956226
-0.00295248 0 0.000879931 -0.000282868 0 0.000570256 0.0013252 0 0.000215577 0.00155093
0 0 0 0 0 0 0 -0.000436698 0.0107348 0
-0.00143882 0.018871 0 -0.00290926 0.0249179 0 -0.00472063 0.0293255 0 -0.00677047
0.0324741 0 -0.00899112 0.0346737 0 -0.011335 0.0361696 0 -0.013769 0.0371508
0 -0.0162708 0.0377585 0 -0.0188263 0.0380957 0 -0.0214272 0.0382346 0
-0.0240692 0.0382231 0 -0.0267503 0.0380909 0 -0.0294704 0.0378539 0 -0.0322301
0.0375172 0 -0.03503 0.0370784 0 -0.0378704 0.0365287 0 -0.0407511 0.0358551
0 -0.0436703 0.0350405 0 -0.0466247 0.0340652 0 -0.0496091 0.0329066 0
-0.0526152 0.0315402 0 -0.0556323 0.0299401 0 -0.0586464 0.0280805 0 -0.0616409
0.0259368 0 -0.0645972 0.0234886 0 -0.0674974 0.0207226 0 -0.0703264 0.0176362
0 -0.0730762 0.0142407 0 -0.0757497 0.0105633 0 -0.0783621 0.00664638 0
-0.0809405 0.00254278 0 -0.0835176 -0.00169142 0 -0.0861203 -0.00600776 0 -0.0887528
-0.0103761 0 -0.0913821 -0.014785 0 -0.0939274 -0.0192411 0 -0.0962555 -0.0237593
0 -0.0981877 -0.0283463 0 -0.0995144 -0.0329859 0 -0.100017 -0.0376244 0
-0.0994906 -0.0421643 0 -0.0977685 -0.0464651 0 -0.0947366 -0.0503505 0 -0.09035
-0.0536226 0 -0.0846414 -0.056079 0 -0.077724 -0.0575332 0 -0.0697917 -0.0578356
0 -0.0611115 -0.0568933 0 -0.0520108 -0.0546861 0 -0.0428551 -0.0512783 0
-0.0340185 -0.0468185 0 -0.0258482 -0.0415275 0 -0.018629 -0.0356752 0 -0.0125558
-0.0295484 0 -0.00771903 -0.0234205 0 -0.00410813 -0.0175307 0 -0.00162807 -0.0120796
0 -0.000123794 -0.00724255 0 0.000595606 -0.00319538 0 0.000740223 -0.000144894 0
0.000536222 0.00164407 0 0.00021513 0.00183265 0 0 0 0 0
0 0 -0.000436623 0.0114526 0 -0.00144001 0.0201246 0 -0.00291408 0.0265657
0 -0.004732 0.03126 0 -0.00679174 0.0346155 0 -0.00902597 0.0369645 0
-0.0113875 0.0385693 0 -0.0138436 0.0396318 0 -0.0163726 0.0403031 0 -0.0189613
0.0406931 0 -0.0216022 0.0408788 0 -0.024292 0.0409116 0 -0.0270303 0.0408235
0 -0.0298181 0.0406313 0 -0.032658 0.040341 0 -0.0355522 0.0399499 0
-0.0385033 0.039449 0 -0.041513 0.0388241 0 -0.0445821 0.0380571 0 -0.0477099
0.037126 0 -0.0508938 0.0360062 0 -0.0541288 0.0346704 0 -0.0574075 0.0330902
0 -0.0607201 0.0312369 0 -0.0640555 0.0290845 0 -0.0674028 0.0266129 0
-0.0707551 0.0238121 0 -0.0741137 0.0206869 0 -0.0774926 0.0172601 0 -0.0809235
0.0135736 0 -0.0844553 0.00968357 0 -0.0881486 0.00565086 0 -0.0920627 0.00152703
0 -0.0962379 -0.00266022 0 -0.100668 -0.00691742 0 -0.105281 -0.0112879 0
-0.109931 -0.0158449 0 -0.114397 -0.0206606 0 -0.118404 -0.0257835 0 -0.121645
-0.0312195 0 -0.12381 -0.036908 0 -0.124619 -0.0427206 0 -0.123845 -0.048464
0 -0.121326 -0.0538929 0 -0.116987 -0.0587283 0 -0.110841 -0.0626799 0
-0.103 -0.0654713 0 -0.0936691 -0.0668654 0 -0.0831518 -0.0666905 0 -0.0718367
-0.0648644 0 -0.0601808 -0.061416 0 -0.0486768 -0.0564946 0 -0.0378103 -0.0503635
0 -0.0280079 -0.0433744 0 -0.0195899 -0.0359243 0 -0.0127393 -0.0284068 0
-0.00749406 -0.0211727 0 -0.00376383 -0.014511 0 -0.00136238 -0.00865673 0 -4.49327e-05
-0.00381871 0 0.000462158 -0.000219963 0 0.000448584 0.00186511 0 0.000202754 0.00208551
0 0 0 0 0 0 0 -0.000435102 0.01217 0
-0.00143683 0.021379 0 -0.00291063 0.0282166 0 -0.00473072 0.0332005 0 -0.00679573
0.0367665 0 -0.0090388 0.0392686 0 -0.0114132 0.0409865 0 -0.0138866 0.0421353
0 -0.0164381 0.0428757 0 -0.0190551 0.0433249 0 -0.0217313 0.0435649 0
-0.0244644 0.0436508 0 -0.0272554 0.0436168 0 -0.0301071 0.0434813 0 -0.0330236
0.0432509 0 -0.0360093 0.0429233 0 -0.0390692 0.0424891 0 -0.0422075 0.0419335
0 -0.0454279 0.0412371 0 -0.048733 0.0403767 0 -0.0521238 0.0393253 0
-0.0555994 0.0380538 0 -0.0591575 0.0365316 0 -0.0627948 0.0347289 0 -0.0665088
0.0326204 0 -0.0703011 0.0301899 0 -0.0741825 0.0274359 0 -0.078179 0.0243772
0 -0.0823378 0.0210555 0 -0.0867307 0.0175328 0 -0.09145 0.0138813 0
-0.0965957 0.0101642 0 -0.102251 0.0064138 0 -0.108453 0.00261196 0 -0.115163
-0.00131467 0 -0.122248 -0.00549454 0 -0.129468 -0.0100832 0 -0.136487 -0.0152239
0 -0.142924 -0.0210202 0 -0.148371 -0.0274894 0 -0.152438 -0.0345469 0
-0.154783 -0.042016 0 -0.155129 -0.0496359 0 -0.153281 -0.0570797 0 -0.149129
-0.063976 0 -0.142662 -0.0699354 0 -0.133974 -0.074578 0 -0.123262 -0.0775625
0 -0.110837 -0.0786145 0 -0.0971211 -0.0775596 0 -0.0826432 -0.0743568 0
-0.0680115 -0.0691241 0 -0.0538674 -0.0621475 0 -0.0408177 -0.053861 0 -0.0293615
-0.0447942 0 -0.0198302 -0.0355025 0 -0.0123576 -0.0264986 0 -0.00688757 -0.018208
0 -0.00321275 -0.010961 0 -0.00102837 -0.00502101 0 1.82755e-05 -0.000634127 0
0.000299127 0.0019182 0 0.000177676 0.00228063 0 0 0 0 0
0 0 -0.000432013 0.0128847 0 -0.00142891 0.0226306 0 -0.00289824 0.0298661
0 -0.0047157 0.0351424 0 -0.00678091 0.038922 0 -0.00902759 0.0415811 0
-0.0114095 0.0434164 0 -0.0138948 0.0446561 0 -0.0164632 0.0454711 0 -0.0191029
0.0459858 0 -0.0218085 0.0462876 0 -0.0245791 0.0464353 0 -0.027417 0.0464658
0 -0.0303267 0.046399 0 -0.0333143 0.0462428 0 -0.0363865 0.045995 0
-0.0395508 0.0456466 0 -0.0428144 0.0451824 0 -0.0461846 0.0445821 0 -0.0496677
0.0438214 0 -0.0532694 0.0428722 0 -0.0569943 0.041704 0 -0.060847 0.0402856
0 -0.0648334 0.0385884 0 -0.0689637 0.0365916 0 -0.0732579 0.0342881 0
-0.0777522 0.0316924 0 -0.0825073 0.0288459 0 -0.0876144 0.0258172 0 -0.0931953
0.0226933 0 -0.0993913 0.0195591 0 -0.106339 0.0164673 0 -0.114133 0.0134064
0 -0.122783 0.0102792 0 -0.132185 0.00690259 0 -0.142102 0.00303213 0
-0.152178 -0.00158154 0 -0.161972 -0.00715765 0 -0.170995 -0.0138343 0 -0.178751
-0.0216222 0 -0.184796 -0.0304004 0 -0.188759 -0.0399232 0 -0.19034 -0.0498513
0 -0.189317 -0.0597718 0 -0.185552 -0.0692193 0 -0.179 -0.0777033 0
-0.169717 -0.0847372 0 -0.157863 -0.0898677 0 -0.143716 -0.0927002 0 -0.127684
-0.0929343 0 -0.110319 -0.0904147 0 -0.0923117 -0.0851759 0 -0.0744528 -0.0774805
0 -0.0575561 -0.0678218 0 -0.0423568 -0.0568699 0 -0.0294099 -0.0453827 0
-0.0190193 -0.034098 0 -0.0112188 -0.0236463 0 -0.00580777 -0.0145117 0 -0.00242378
-0.00704852 0 -0.000620008 -0.00154195 0 8.04545e-05 0.00171948 0 0.000139906 0.00238532
0 0 0 0 0 0 0 -0.000427239 0.0135942 0
-0.00141591 0.0238755 0 -0.00287622 0.0315098 0 -0.00468588 0.0370804 0 -0.00674576
0.0410767 0 -0.00899029 0.0438963 0 -0.0113737 0.045853 0 -0.0138647 0.0471883
0 -0.0164436 0.0480832 0 -0.0190994 0.0486697 0 -0.0218275 0.0490406 0
-0.0246283 0.0492587 0 -0.0275055 0.0493639 0 -0.0304655 0.049378 0 -0.0335164
0.0493101 0 -0.0366674 0.0491592 0 -0.0399288 0.0489165 0 -0.0433114 0.0485667
0 -0.0468261 0.0480898 0 -0.050484 0.0474607 0 -0.0542962 0.0466512 0
-0.0582746 0.0456309 0 -0.0624328 0.0443703 0 -0.066789 0.0428457 0 -0.0713711
0.0410456 0 -0.0762234 0.0389797 0 -0.0814161 0.0366877 0 -0.087054 0.0342432
0 -0.0932811 0.031749 0 -0.100274 0.0293174 0 -0.10822 0.0270353 0
-0.117279 0.0249197 0 -0.127527 0.022879 0 -0.138915 0.0206954 0 -0.151236
0.0180408 0 -0.164119 0.0145334 0 -0.177081 0.0098108 0 -0.189576 0.00359637
0 -0.201045 -0.0042353 0 -0.210962 -0.0136571 0 -0.218865 -0.0244942 0
-0.224389 -0.0364228 0 -0.227243 -0.0490222 0 -0.227192 -0.0618021 0 -0.224072
-0.0742138 0 -0.217795 -0.0856764 0 -0.208359 -0.0956066 0 -0.19586 -0.103445
0 -0.180501 -0.108671 0 -0.162608 -0.110832 0 -0.142681 -0.109608 0
-0.121419 -0.104878 0 -0.0997113 -0.0968032 0 -0.0785744 -0.0858743 0 -0.0590216
-0.0728761 0 -0.041919 -0.0587934 0 -0.027846 -0.0446584 0 -0.0170211 -0.0314002
0 -0.00931181 -0.0197456 0 -0.0043182 -0.010204 0 -0.00148913 -0.00313089 0
-0.000216906 0.00117062 0 8.94897e-05 0.00236354 0 0 0 0 0
0 0 -0.000420681 0.014296 0 -0.00139751 0.0251095 0 -0.00284398 0.0331425
0 -0.00464029 0.0390092 0 -0.00668889 0.0432248 0 -0.00892501 0.0462082 0
-0.0113034 0.0482901 0 -0.0137932 0.0497253 0 -0.0163753 0.0507051 0 -0.0190393
0.0513691 0 -0.0217817 0.051816 0 -0.0246039 0.0521129 0 -0.0275112 0.0523025
0 -0.0305117 0.0524093 0 -0.0336157 0.052444 0 -0.036835 0.0524069 0
-0.0401831 0.0522899 0 -0.0436742 0.0520788 0 -0.0473238 0.0517538 0 -0.0511483
0.0512906 0 -0.0551655 0.0506619 0 -0.0593957 0.0498397 0 -0.0638641 0.0487994
0 -0.0686047 0.0475266 0 -0.0736675 0.0460264 0 -0.0791277 0.0443344 0
-0.0850967 0.0425255 0 -0.0917304 0.0407147 0 -0.0992292 0.0390427 0 -0.107821
0.0376395 0 -0.117724 0.0365713 0 -0.129091 0.0357822 0 -0.141944 0.0350526
0 -0.156131 0.0339996 0 -0.171308 0.0321254 0 -0.186968 0.0289064 0
-0.202507 0.0238896 0 -0.217295 0.0167822 0 -0.230751 0.00749486 0 -0.242389
-0.00386725 0 -0.251798 -0.0170378 0 -0.258656 -0.0316152 0 -0.262715 -0.0471137
0 -0.26375 -0.0629913 0 -0.261577 -0.0786399 0 -0.256051 -0.0934109 0
-0.247082 -0.106639 0 -0.234665 -0.117672 0 -0.218917 -0.125886 0 -0.200029
-0.130677 0 -0.178349 -0.131519 0 -0.154471 -0.128052 0 -0.129273 -0.120225
0 -0.103905 -0.108418 0 -0.0796562 -0.0934425 0 -0.0577766 -0.076492 0
-0.0392489 -0.058947 0 -0.0246211 -0.0421476 0 -0.0139425 -0.0271949 0 -0.00683404
-0.014861 0 -0.00264464 -0.00563189 0 -0.000610603 0.000152099 0 2.42721e-05 0.00217242
0 0 0 0 0 0 0 -0.00041227 0.0149873 0
-0.00137349 0.0263283 0 -0.00280106 0.0347589 0 -0.00457818 0.0409226 0 -0.00660916
0.0453598 0 -0.00883012 0.0485099 0 -0.0111963 0.0507205 0 -0.0136774 0.0522596
0 -0.0162545 0.0533287 0 -0.0189179 0.0540755 0 -0.021665 0.0546046 0
-0.0244984 0.0549878 0 -0.0274246 0.0552711 0 -0.0304536 0.0554818 0 -0.0335979
0.0556327 0 -0.036872 0.0557258 0 -0.0402924 0.0557547 0 -0.0438776 0.0557065
0 -0.0476476 0.0555629 0 -0.0516248 0.0553013 0 -0.0558347 0.0548975 0
-0.0603076 0.0543284 0 -0.0650823 0.0535785 0 -0.0702119 0.0526487 0 -0.0757727
0.0515689 0 -0.0818757 0.0504102 0 -0.088678 0.0492928 0 -0.0963887 0.0483791
0 -0.10526 0.0478438 0 -0.115555 0.0478163 0 -0.127497 0.0483067 0
-0.14119 0.0491364 0 -0.156559 0.049908 0 -0.17331 0.0500361 0 -0.190942
0.0488422 0 -0.208814 0.0456834 0 -0.226235 0.0400735 0 -0.242555 0.0317606
0 -0.25723 0.0207378 0 -0.26985 0.0072181 0 -0.280125 -0.00842317 0
-0.287867 -0.0257135 0 -0.292916 -0.0441545 0 -0.295081 -0.0632029 0 -0.294179
-0.0822217 0 -0.290004 -0.100514 0 -0.282304 -0.117319 0 -0.270867 -0.131852
0 -0.255747 -0.143449 0 -0.237051 -0.151467 0 -0.214902 -0.155193 0
-0.189642 -0.153946 0 -0.161956 -0.147322 0 -0.132985 -0.135422 0 -0.104201
-0.118924 0 -0.0772479 -0.0991225 0 -0.0536263 -0.0777477 0 -0.0343985 -0.0566564
0 -0.0199831 -0.0374991 0 -0.0101448 -0.0214825 0 -0.0041732 -0.00933695 0
-0.00113379 -0.00148976 0 -6.40283e-05 0.00175598 0 0 0 0 0
0 0 -0.000401968 0.0156652 0 -0.00134371 0.0275273 0 -0.00274716 0.0363533
0 -0.00449902 0.0428145 0 -0.00650574 0.0474751 0 -0.00870441 0.0507944 0
-0.0110508 0.0531366 0 -0.0135147 0.0547828 0 -0.0160779 0.0559451 0 -0.0187309
0.0567791 0 -0.021472 0.0573959 0 -0.0243046 0.0578719 0 -0.0272368 0.0582572
0 -0.0302801 0.0585819 0 -0.0334492 0.0588617 0 -0.0367612 0.0591005 0
-0.040236 0.0592945 0 -0.0438959 0.0594329 0 -0.0477662 0.0594999 0 -0.0518757
0.0594765 0 -0.0562583 0.0593434 0 -0.0609554 0.0590861 0 -0.0660213 0.0587027
0 -0.0715303 0.0582165 0 -0.0775881 0.0576906 0 -0.0843434 0.0572412 0
-0.0919992 0.0570409 0 -0.100812 0.0572993 0 -0.111071 0.0582114 0 -0.123051
0.0598753 0 -0.136938 0.062197 0 -0.152747 0.0648213 0 -0.170262 0.0671275
0 -0.189022 0.0683094 0 -0.208372 0.0675234 0 -0.227561 0.064056 0
-0.245854 0.0574524 0 -0.262632 0.0475693 0 -0.27744 0.0345492 0 -0.289985
0.0187465 0 -0.300106 0.00064095 0 -0.307769 -0.0192381 0 -0.312988 -0.0403761
0 -0.315756 -0.0622457 0 -0.31604 -0.0842695 0 -0.313688 -0.105847 0
-0.308367 -0.126283 0 -0.29959 -0.144715 0 -0.286885 -0.160217 0 -0.269953
-0.17192 0 -0.248939 -0.179176 0 -0.224039 -0.181157 0 -0.195543 -0.176959
0 -0.164357 -0.166193 0 -0.131934 -0.149146 0 -0.100203 -0.127002 0
-0.0712136 -0.101722 0 -0.0467187 -0.0757223 0 -0.0277638 -0.0513954 0 -0.0144776
-0.0306355 0 -0.00620067 -0.0146162 0 -0.00183999 -0.00395265 0 -0.000188512 0.00104161
0 0 0 0 0 0 0 -0.000389785 0.0163269 0
-0.00130819 0.0287018 0 -0.00268225 0.0379201 0 -0.00440267 0.0446785 0 -0.00637829
0.0495636 0 -0.00854723 0.0530541 0 -0.0108657 0.0555301 0 -0.0133037 0.057286
0 -0.0158431 0.0585444 0 -0.0184751 0.0594691 0 -0.0211981 0.0601778 0
-0.0240167 0.060752 0 -0.02694 0.061246 0 -0.0299811 0.0616935 0 -0.0331567
0.0621131 0 -0.0364865 0.0625118 0 -0.0399935 0.0628885 0 -0.0437041 0.0632357
0 -0.0476488 0.0635414 0 -0.0518629 0.063792 0 -0.0563891 0.0639759 0
-0.0612809 0.0640903 0 -0.0666087 0.0641527 0 -0.0724691 0.0642154 0 -0.0789971
0.0643829 0 -0.086378 0.0648236 0 -0.0948542 0.0657645 0 -0.104716 0.0674537
0 -0.116267 0.0700822 0 -0.129757 0.0736738 0 -0.145296 0.0779769 0
-0.162771 0.0824089 0 -0.1818 0.0860965 0 -0.201755 0.0880184 0 -0.22185
0.0872093 0 -0.24127 0.0829538 0 -0.2593 0.0749018 0 -0.275406 0.063081
0 -0.289266 0.0478231 0 -0.300747 0.0296484 0 -0.309853 0.0091474 0
-0.316671 -0.0130988 0 -0.321377 -0.0364829 0 -0.324169 -0.0604538 0 -0.32513
-0.0845848 0 -0.324205 -0.108483 0 -0.321207 -0.131723 0 -0.315724 -0.153732
0 -0.306973 -0.17353 0 -0.294085 -0.189858 0 -0.276482 -0.201602 0
-0.254005 -0.207737 0 -0.226859 -0.20726 0 -0.195547 -0.199207 0 -0.161219
-0.183157 0 -0.125828 -0.159843 0 -0.091846 -0.131179 0 -0.0617874 -0.100028
0 -0.0375941 -0.0696627 0 -0.0200878 -0.0429854 0 -0.00888164 -0.0219317 0
-0.00279868 -0.00749526 0 -0.000368551 -7.30698e-05 0 0 0 0 0
0 0 -0.000375783 0.0169695 0 -0.00126707 0.0298473 0 -0.00260657 0.0394535
0 -0.00428939 0.046508 0 -0.00622702 0.0516181 0 -0.00835863 0.0552809 0
-0.0106408 0.0578923 0 -0.0130436 0.0597596 0 -0.0155489 0.0611159 0 -0.0181482
0.0621336 0 -0.0208402 0.062937 0 -0.02363 0.0636132 0 -0.0265279 0.064221
0 -0.0295483 0.064798 0 -0.0327095 0.0653663 0 -0.0360337 0.0659365 0
-0.0395468 0.0665113 0 -0.0432791 0.0670871 0 -0.0472659 0.0676574 0 -0.0515492
0.0682155 0 -0.0561803 0.0687602 0 -0.0612245 0.0693048 0 -0.0667683 0.0698908
0 -0.0729293 0.0706058 0 -0.079869 0.0716017 0 -0.0878027 0.073102 0
-0.0970003 0.0753835 0 -0.107766 0.078715 0 -0.120387 0.0832489 0 -0.135055
0.0888863 0 -0.151772 0.0951663 0 -0.170271 0.101242 0 -0.19001 0.105984
0 -0.210223 0.108188 0 -0.230049 0.106836 0 -0.248683 0.101291 0
-0.265498 0.0913805 0 -0.280109 0.0773533 0 -0.292367 0.0597503 0 -0.30232
0.0392569 0 -0.310143 0.0165775 0 -0.316056 -0.00764723 0 -0.320287 -0.0328065
0 -0.323049 -0.058408 0 -0.324436 -0.0841219 0 -0.324437 -0.109649 0
-0.322971 -0.134704 0 -0.319807 -0.158962 0 -0.314427 -0.181894 0 -0.306039
-0.202607 0 -0.293462 -0.219627 0 -0.275699 -0.2312 0 -0.252306 -0.235829
0 -0.22333 -0.232174 0 -0.189507 -0.219113 0 -0.152442 -0.196506 0
-0.114711 -0.165787 0 -0.0794471 -0.129919 0 -0.0496444 -0.0929976 0 -0.027205
-0.0592517 0 -0.0123798 -0.0318356 0 -0.00409002 -0.0124532 0 -0.000628054 -0.00173442
0 0 0 0 0 0 0 -0.000360083 0.0175904 0
-0.0012207 0.0309593 0 -0.00252068 0.0409479 0 -0.00415995 0.0482964 0 -0.00605281
0.0536313 0 -0.00813949 0.057467 0 -0.0103768 0.0602143 0 -0.0127348 0.0621936
0 -0.0151953 0.0636484 0 -0.0177495 0.0647598 0 -0.0203966 0.0656592 0
-0.0231418 0.0664392 0 -0.0259963 0.0671637 0 -0.0289754 0.0678745 0 -0.0320989
0.0685978 0 -0.0353911 0.0693484 0 -0.0388805 0.0701331 0 -0.0426006 0.0709538
0 -0.0465912 0.0718105 0 -0.0509005 0.0727054 0 -0.0555876 0.0736504 0
-0.0607285 0.074678 0 -0.0664239 0.0758582 0 -0.0728092 0.0773185 0 -0.0800661
0.0792608 0 -0.0884292 0.0819613 0 -0.0981787 0.0857347 0 -0.109608 0.0908447
0 -0.122962 0.0973655 0 -0.138347 0.10503 0 -0.155636 0.113128 0
-0.174421 0.120536 0 -0.194027 0.125891 0 -0.21361 0.127868 0 -0.232305
0.125473 0 -0.249388 0.118228 0 -0.264373 0.106195 0 -0.277037 0.0898666
0 -0.287391 0.0699874 0 -0.295609 0.0473843 0 -0.301964 0.0228452 0
-0.306745 -0.00294903 0 -0.310224 -0.0294682 0 -0.312629 -0.0563261 0 -0.314133
-0.0832417 0 -0.314829 -0.11 0 -0.314686 -0.136411 0 -0.313507 -0.162237
0 -0.310881 -0.187196 0 -0.306201 -0.21081 0 -0.298509 -0.23201 0
-0.286459 -0.249145 0 -0.268702 -0.260034 0 -0.244456 -0.262435 0 -0.213755
-0.254465 0 -0.177606 -0.234953 0 -0.138233 -0.204349 0 -0.0989859 -0.165127
0 -0.0637985 -0.121816 0 -0.0359557 -0.0801116 0 -0.0168377 -0.044937 0
-0.00579481 -0.0192269 0 -0.000990076 -0.0041269 0 0 0 0 0
0 0 -0.000342871 0.0181869 0 -0.00116961 0.0320335 0 -0.00242552 0.0423979
0 -0.00401566 0.0500376 0 -0.00585727 0.0555962 0 -0.00789162 0.0596041 0
-0.0100756 0.0624871 0 -0.0123792 0.0645777 0 -0.0147838 0.0661302 0 -0.0172803
0.0673344 0 -0.0198677 0.0683289 0 -0.0225517 0.0692125 0 -0.0253434 0.070054
0 -0.0282591 0.0709002 0 -0.0313196 0.0717815 0 -0.0345506 0.0727174 0
-0.0379828 0.07372 0 -0.0416524 0.0747972 0 -0.045603 0.0759566 0 -0.0498875
0.0772113 0 -0.0545717 0.0785882 0 -0.0597402 0.0801419 0 -0.0655043 0.0819737
0 -0.0720117 0.0842528 0 -0.0794552 0.0872295 0 -0.0880746 0.0912252 0
-0.0981415 0.0965742 0 -0.109917 0.103506 0 -0.12358 0.111979 0 -0.139138
0.12152 0 -0.156347 0.131157 0 -0.174684 0.1395 0 -0.193396 0.144998
0 -0.211627 0.146279 0 -0.228574 0.142449 0 -0.243631 0.133241 0
-0.25646 0.118974 0 -0.266977 0.100373 0 -0.275297 0.0783603 0 -0.281668
0.0538704 0 -0.286401 0.0277413 0 -0.289809 0.0006634 0 -0.292199 -0.0268554
0 -0.293849 -0.0544643 0 -0.294997 -0.0819445 0 -0.29584 -0.109198 0
-0.296481 -0.136206 0 -0.29688 -0.162966 0 -0.296773 -0.189376 0 -0.295588
-0.215099 0 -0.292372 -0.239384 0 -0.285834 -0.261078 0 -0.27441 -0.278105
0 -0.256507 -0.287537 0 -0.231179 -0.286469 0 -0.198595 -0.272518 0
-0.160225 -0.244784 0 -0.119066 -0.204555 0 -0.0795229 -0.156013 0 -0.0462759
-0.10605 0 -0.0223332 -0.0618346 0 -0.00797728 -0.0282593 0 -0.00147585 -0.00746625
0 0 0 0 0 0 0 -0.000324408 0.018757 0
-0.00111454 0.0330665 0 -0.00232245 0.0437989 0 -0.00385848 0.0517258 0 -0.00564288
0.057506 0 -0.0076179 0.0616846 0 -0.00974046 0.0647014 0 -0.0119801 0.0669013
0 -0.0143176 0.0685491 0 -0.0167434 0.0698434 0 -0.0192562 0.0709302 0
-0.0218614 0.0719146 0 -0.0245702 0.0728708 0 -0.0273991 0.0738504 0 -0.0303696
0.0748891 0 -0.0335083 0.0760112 0 -0.0368471 0.0772344 0 -0.0404243 0.0785737
0 -0.0442859 0.0800454 0 -0.0484883 0.0816743 0 -0.0531018 0.0835041 0
-0.0582166 0.085613 0 -0.0639496 0.0881343 0 -0.0704533 0.0912773 0 -0.0779208
0.095336 0 -0.0865822 0.100664 0 -0.0966823 0.107594 0 -0.108432 0.116294
0 -0.121936 0.126576 0 -0.137108 0.137748 0 -0.15361 0.148574 0
-0.170854 0.157436 0 -0.188071 0.162656 0 -0.204449 0.162878 0 -0.219292
0.157363 0 -0.232129 0.146076 0 -0.242751 0.129583 0 -0.251183 0.108819
0 -0.257616 0.0848508 0 -0.262341 0.0586956 0 -0.265684 0.0312236 0
-0.267962 0.0031195 0 -0.269452 -0.025124 0 -0.270402 -0.0531807 0 -0.271049
-0.0808636 0 -0.271627 -0.108116 0 -0.272346 -0.135004 0 -0.273353 -0.161694
0 -0.274639 -0.188386 0 -0.275897 -0.21515 0 -0.276386 -0.241687 0
-0.274855 -0.267042 0 -0.269578 -0.289391 0 -0.25855 -0.305882 0 -0.240001
-0.312813 0 -0.213107 -0.306468 0 -0.178355 -0.284434 0 -0.137873 -0.246264
0 -0.0958188 -0.194762 0 -0.0578352 -0.137172 0 -0.0288393 -0.0830152 0
-0.0106699 -0.0400017 0 -0.00210138 -0.0119986 0 0 0 0 0
0 0 -0.000305031 0.0192987 0 -0.00105649 0.034055 0 -0.00221325 0.0451466
0 -0.00369102 0.0533559 0 -0.00541304 0.0593543 0 -0.00732237 0.0637011 0
-0.00937582 0.0668488 0 -0.0115423 0.0691544 0 -0.0138019 0.0708933 0 -0.0161442
0.0722729 0 -0.0185672 0.0734467 0 -0.0210759 0.0745263 0 -0.023681 0.0755916
0 -0.026399 0.0766995 0 -0.0292515 0.0778906 0 -0.0322651 0.0791949 0
-0.0354723 0.080636 0 -0.0389123 0.0822361 0 -0.0426324 0.0840212 0 -0.0466904
0.0860285 0 -0.0511586 0.0883188 0 -0.0561284 0.0909941 0 -0.0617172 0.094218
0 -0.0680736 0.0982361 0 -0.0753796 0.103376 0 -0.0838417 0.11001 0
-0.0936639 0.118448 0 -0.104998 0.128774 0 -0.117875 0.140642 0 -0.132135
0.153137 0 -0.147389 0.164789 0 -0.163033 0.1738 0 -0.178339 0.178421
0 -0.192591 0.177366 0 -0.205219 0.170071 0 -0.215886 0.156736 0
-0.2245 0.138153 0 -0.231171 0.115436 0 -0.236143 0.0897634 0 -0.239725
0.0622093 0 -0.242223 0.0336444 0 -0.243893 0.0047199 0 -0.244932 -0.0241078
0 -0.245499 -0.0525321 0 -0.245764 -0.0803594 0 -0.245939 -0.10751 0
-0.246291 -0.134043 0 -0.247115 -0.160185 0 -0.248654 -0.186315 0 -0.250948
-0.212856 0 -0.253641 -0.240043 0 -0.255787 -0.267566 0 -0.255737 -0.294103
0 -0.251233 -0.316978 0 -0.239853 -0.332117 0 -0.219876 -0.334641 0
-0.190757 -0.320646 0 -0.1535 -0.287756 0 -0.11132 -0.236472 0 -0.0699999
-0.173033 0 -0.0361932 -0.108741 0 -0.0138625 -0.0548582 0 -0.00287422 -0.0179728
0 0 0 0 0 0 0 -0.00028516 0.019811 0
-0.000996701 0.0349969 0 -0.00210021 0.0464379 0 -0.00351665 0.0549236 0 -0.00517211
0.0611361 0 -0.00701033 0.0656469 0 -0.00898778 0.068921 0 -0.0110726 0.0713271
0 -0.0132437 0.0731509 0 -0.01549 0.0746087 0 -0.0178083 0.0758619 0
-0.0202029 0.0770284 0 -0.0226837 0.0781941 0 -0.0252665 0.0794211 0 -0.0279723
0.0807553 0 -0.0308274 0.0822323 0 -0.033864 0.0838822 0 -0.0371207 0.0857347
0 -0.0406445 0.0878249 0 -0.0444928 0.0902029 0 -0.0487365 0.0929462 0
-0.0534644 0.0961784 0 -0.0587877 0.100091 0 -0.0648433 0.104957 0 -0.0717914
0.111128 0 -0.0798037 0.118978 0 -0.0890348 0.128781 0 -0.0995758 0.140522
0 -0.111396 0.153698 0 -0.124294 0.167194 0 -0.137871 0.179346 0
-0.151559 0.188221 0 -0.164718 0.192054 0 -0.176758 0.189656 0 -0.187247
0.180649 0 -0.195974 0.165447 0 -0.202942 0.145039 0 -0.208322 0.120683
0 -0.212381 0.0936417 0 -0.21541 0.0650024 0 -0.217648 0.035596 0
-0.219255 0.00600905 0 -0.220312 -0.0233527 0 -0.220866 -0.0521915 0 -0.220992
-0.0802733 0 -0.220847 -0.10744 0 -0.220698 -0.133666 0 -0.220922 -0.15914
0 -0.221948 -0.184305 0 -0.224132 -0.209827 0 -0.22755 -0.236419 0
-0.231728 -0.264457 0 -0.23539 -0.293432 0 -0.236327 -0.321303 0 -0.23167
-0.344052 0 -0.2189 -0.35582 0 -0.196508 -0.351349 0 -0.16443 -0.326505
0 -0.124559 -0.278991 0 -0.0818743 -0.212559 0 -0.0440757 -0.138926 0
-0.0174978 -0.0731205 0 -0.0037943 -0.025614 0 0 0 0 0
0 0 -0.0002653 0.0202933 0 -0.000936673 0.035891 0 -0.0019861 0.0476708
0 -0.00333951 0.056426 0 -0.00492553 0.062847 0 -0.00668837 0.0675164 0
-0.00858395 0.0709108 0 -0.0105794 0.0734102 0 -0.0126525 0.0753107 0 -0.0147908
0.0768375 0 -0.0169901 0.0781597 0 -0.0192533 0.0794018 0 -0.0215894 0.0806556
0 -0.0240131 0.0819886 0 -0.0265441 0.0834522 0 -0.0292077 0.0850873 0
-0.0320345 0.0869303 0 -0.0350618 0.0890183 0 -0.0383345 0.0913957 0 -0.041907
0.0941242 0 -0.0458462 0.0972965 0 -0.0502338 0.101055 0 -0.0551692 0.105612
0 -0.0607698 0.111262 0 -0.0671661 0.118368 0 -0.0744873 0.127291 0
-0.0828353 0.138257 0 -0.0922457 0.151156 0 -0.102646 0.165341 0 -0.113824
0.179533 0 -0.125414 0.19192 0 -0.136927 0.20048 0 -0.147842 0.20347
0 -0.157713 0.19982 0 -0.166247 0.189313 0 -0.173341 0.172551 0
-0.179068 0.150684 0 -0.183626 0.125079 0 -0.187267 0.0970419 0 -0.190224
0.0676306 0 -0.192648 0.0376023 0 -0.194585 0.00745881 0 -0.196007 -0.0224478
0 -0.196858 -0.0518181 0 -0.197126 -0.0803556 0 -0.196894 -0.107788 0
-0.196386 -0.133952 0 -0.195986 -0.158908 0 -0.196214 -0.183046 0 -0.19764
-0.207136 0 -0.20071 -0.232237 0 -0.205465 -0.259384 0 -0.211188 -0.288994
0 -0.216074 -0.320043 0 -0.217138 -0.349194 0 -0.211191 -0.369751 0
-0.195751 -0.375316 0 -0.169912 -0.360471 0 -0.134317 -0.320029 0 -0.0924482
-0.254142 0 -0.0520146 -0.173042 0 -0.0214624 -0.0948992 0 -0.00485514 -0.0351065
0 0 0 0 0 0 0 -0.000246042 0.0207458 0
-0.000878191 0.0367375 0 -0.00187425 0.0488448 0 -0.00316452 0.0578615 0 -0.00467983
0.0644842 0 -0.0063645 0.069305 0 -0.00817366 0.0728118 0 -0.0100732 0.0753956
0 -0.0120397 0.0773624 0 -0.0140591 0.0789466 0 -0.0161259 0.0803247 0
-0.0182415 0.0816281 0 -0.0204135 0.0829544 0 -0.0226549 0.0843765 0 -0.0249841
0.0859509 0 -0.0274241 0.087724 0 -0.0300036 0.0897381 0 -0.0327568 0.092037
0 -0.0357252 0.0946736 0 -0.0389582 0.09772 0 -0.0425155 0.101281 0
-0.046468 0.105513 0 -0.0508985 0.110645 0 -0.0558992 0.116981 0 -0.061565
0.124882 0 -0.0679796 0.134692 0 -0.0751928 0.146582 0 -0.083194 0.160355
0 -0.0918875 0.175251 0 -0.101081 0.189872 0 -0.110483 0.202305 0
-0.119713 0.210481 0 -0.128371 0.212698 0 -0.136172 0.208005 0 -0.142962
0.196326 0 -0.148715 0.178401 0 -0.153541 0.155499 0 -0.157629 0.129056
0 -0.16118 0.100379 0 -0.164346 0.0704705 0 -0.167182 0.039997 0
-0.169636 0.00937209 0 -0.171598 -0.0211003 0 -0.172945 -0.0511099 0 -0.173596
-0.0802896 0 -0.17357 -0.108245 0 -0.173023 -0.134651 0 -0.172289 -0.159395
0 -0.171878 -0.182724 0 -0.172446 -0.205366 0 -0.174674 -0.22855 0
-0.179035 -0.253808 0 -0.185418 -0.28245 0 -0.192674 -0.314669 0 -0.198199
-0.348379 0 -0.198182 -0.377 0 -0.189352 -0.392456 0 -0.170103 -0.38833
0 -0.139922 -0.357609 0 -0.100817 -0.295915 0 -0.0594423 -0.210132 0
-0.0255796 -0.120057 0 -0.00603657 -0.0465608 0 0 0 0 0
0 0 -0.000228076 0.0211699 0 -0.00082334 0.0375378 0 -0.00176853 0.049961
0 -0.00299754 0.0592302 0 -0.00444273 0.0660464 0 -0.00604817 0.07101 0
-0.00776793 0.0746194 0 -0.00956657 0.0772763 0 -0.0114191 0.0792968 0 -0.0133098
0.0809241 0 -0.0152317 0.0823425 0 -0.0171846 0.08369 0 -0.0191744 0.0850699
0 -0.0212122 0.0865603 0 -0.0233142 0.0882227 0 -0.0255008 0.0901086 0
-0.0277977 0.0922654 0 -0.0302354 0.0947431 0 -0.0328501 0.0976017 0 -0.0356847
0.100921 0 -0.038789 0.104816 0 -0.0422203 0.109453 0 -0.0460409 0.115065
0 -0.0503145 0.12196 0 -0.0550979 0.13049 0 -0.0604283 0.140968 0
-0.0663083 0.153518 0 -0.0726909 0.167875 0 -0.0794725 0.183197 0 -0.086507
0.198021 0 -0.0936357 0.210409 0 -0.10051 0.218198 0 -0.10691 0.219786
0 -0.112767 0.214376 0 -0.117982 0.201919 0 -0.122603 0.183268 0
-0.126741 0.159763 0 -0.130542 0.132867 0 -0.134136 0.103861 0 -0.137584
0.0736781 0 -0.140854 0.0428973 0 -0.143831 0.0118591 0 -0.146356 -0.0191716
0 -0.148275 -0.0498679 0 -0.149474 -0.0797926 0 -0.149919 -0.108441 0
-0.149704 -0.135336 0 -0.149076 -0.160183 0 -0.148472 -0.183036 0 -0.148516
-0.204482 0 -0.149972 -0.225747 0 -0.15358 -0.248644 0 -0.159726 -0.275184
0 -0.167976 -0.306733 0 -0.176483 -0.34271 0 -0.181411 -0.378418 0
-0.178657 -0.403314 0 -0.165758 -0.409575 0 -0.141391 -0.390281 0 -0.106385
-0.336087 0 -0.0657991 -0.248941 0 -0.0296175 -0.14819 0 -0.00729761 -0.059991
0 0 0 0 0 0 0 -0.000212195 0.0215679 0
-0.000774531 0.0382955 0 -0.00167345 0.0510228 0 -0.00284531 0.0605346 0 -0.00422318
0.0675344 0 -0.00575035 0.0726302 0 -0.00737957 0.0763303 0 -0.00907382 0.0790469
0 -0.0108064 0.081106 0 -0.0125603 0.0827598 0 -0.0143265 0.0842001 0
-0.0161032 0.0855716 0 -0.0178944 0.086983 0 -0.0197091 0.0885176 0 -0.0215608
0.0902413 0 -0.0234673 0.0922099 0 -0.0254501 0.0944756 0 -0.0275351 0.0970934
0 -0.0297524 0.100129 0 -0.0321367 0.103667 0 -0.0347266 0.107828 0
-0.0375632 0.112783 0 -0.0406867 0.118764 0 -0.0441309 0.126073 0 -0.0479141
0.135042 0 -0.0520298 0.145955 0 -0.0564389 0.158894 0 -0.0610679 0.173547
0 -0.0658174 0.189037 0 -0.0706054 0.203896 0 -0.0754238 0.2162 0
-0.0798858 0.223612 0 -0.0840329 0.224774 0 -0.0880485 0.219052 0 -0.091777
0.206238 0 -0.0953591 0.187299 0 -0.0988764 0.163598 0 -0.102415 0.136588
0 -0.106019 0.107507 0 -0.109664 0.0772227 0 -0.113253 0.0462464 0
-0.116638 0.0148695 0 -0.119651 -0.0166634 0 -0.122129 -0.0480075 0 -0.123953
-0.0786697 0 -0.125068 -0.108056 0 -0.12551 -0.135567 0 -0.12544 -0.16074
0 -0.125185 -0.183437 0 -0.125264 -0.204046 0 -0.1264 -0.223665 0
-0.129423 -0.244183 0 -0.13504 -0.268068 0 -0.143395 -0.297654 0 -0.153472
-0.333853 0 -0.162311 -0.37436 0 -0.164809 -0.408412 0 -0.157812 -0.424929
0 -0.139362 -0.417122 0 -0.109015 -0.373175 0 -0.070655 -0.288115 0
-0.0333285 -0.178676 0 -0.00858259 -0.0753062 0 0 0 0 0
0 0 -0.000199311 0.0219433 0 -0.000734538 0.0390157 0 -0.00159421 0.0520356
0 -0.00271561 0.0617792 0 -0.00403146 0.0689512 0 -0.00548365 0.0741665 0
-0.00702323 0.077943 0 -0.0086115 0.0807035 0 -0.0102201 0.0827837 0 -0.0118304
0.0844448 0 -0.0134317 0.0858862 0 -0.0150205 0.0872589 0 -0.0165988 0.088677
0 -0.0181733 0.0902284 0 -0.0197548 0.091983 0 -0.0213576 0.0940005 0
-0.0229992 0.0963367 0 -0.0247002 0.0990503 0 -0.0264836 0.10221 0 -0.0283751
0.105905 0 -0.0304009 0.110256 0 -0.0325854 0.115432 0 -0.0349463 0.12166
0 -0.0374879 0.129224 0 -0.0401924 0.138436 0 -0.0430136 0.149547 0
-0.0458773 0.162607 0 -0.0486916 0.177285 0 -0.0513679 0.192709 0 -0.0538811
0.20746 0 -0.0563155 0.219607 0 -0.0584064 0.226726 0 -0.0603645 0.227737
0 -0.062512 0.222068 0 -0.0647622 0.209319 0 -0.0672799 0.190509 0
-0.0701167 0.166981 0 -0.0732903 0.140148 0 -0.0767609 0.111201 0 -0.0804312
0.0809588 0 -0.0841599 0.0498921 0 -0.087789 0.0182712 0 -0.0911625 -0.0136563
0 -0.0941372 -0.0455277 0 -0.0966074 -0.0768156 0 -0.0985145 -0.106863 0
-0.0998559 -0.134978 0 -0.100717 -0.160571 0 -0.101311 -0.183331 0 -0.102021
-0.203436 0 -0.103444 -0.221789 0 -0.106373 -0.240197 0 -0.111645 -0.261344
0 -0.119801 -0.288275 0 -0.130527 -0.323213 0 -0.141921 -0.365753 0
-0.148996 -0.408083 0 -0.147334 -0.435153 0 -0.134366 -0.438248 0 -0.109054
-0.406094 0 -0.0738156 -0.326405 0 -0.0365026 -0.210768 0 -0.00983302 -0.092318
0 0 0 0 0 0 0 -0.000190473 0.0223014 0
-0.00070656 0.0397063 0 -0.00153679 0.0530078 0 -0.00261738 0.0629715 0 -0.00387933
0.0703024 0 -0.00526237 0.0756221 0 -0.00671548 0.0794584 0 -0.00819817 0.0822442
0 -0.00968048 0.0843254 0 -0.0111421 0.085972 0 -0.0125712 0.0873911 0
-0.0139622 0.0887398 0 -0.0153154 0.0901373 0 -0.0166354 0.0916756 0 -0.01793
0.093428 0 -0.01921 0.0954574 0 -0.0204885 0.0978222 0 -0.0217803 0.100583
0 -0.0231016 0.103811 0 -0.0244682 0.107594 0 -0.025894 0.112053 0
-0.0273868 0.117348 0 -0.0289431 0.123695 0 -0.0305398 0.131357 0 -0.0321272
0.140616 0 -0.033625 0.151694 0 -0.0349292 0.164621 0 -0.0359336 0.179068
0 -0.0365615 0.194205 0 -0.0368169 0.208679 0 -0.036828 0.220597 0
-0.036629 0.227605 0 -0.0364663 0.228715 0 -0.0366666 0.223375 0 -0.0373581
0.211098 0 -0.0386885 0.192803 0 -0.0406879 0.169778 0 -0.0433096 0.143379
0 -0.0464437 0.114756 0 -0.0499367 0.0846945 0 -0.0536161 0.053655 0
-0.0573239 0.0219189 0 -0.0609291 -0.0102497 0 -0.0643241 -0.0424697 0 -0.0674291
-0.0741915 0 -0.0701914 -0.104721 0 -0.0725868 -0.133314 0 -0.074643 -0.159288
0 -0.0764748 -0.182198 0 -0.0783279 -0.202041 0 -0.0806367 -0.219495 0
-0.0840649 -0.236187 0 -0.089443 -0.254818 0 -0.0975192 -0.278878 0 -0.108472
-0.311612 0 -0.121205 -0.354196 0 -0.132091 -0.40249 0 -0.135126 -0.440375
0 -0.127233 -0.454532 0 -0.107143 -0.434227 0 -0.0753762 -0.36281 0
-0.0390104 -0.243701 0 -0.010991 -0.110766 0 0 0 0 0
0 0 -0.000186898 0.0226489 0 -0.000694298 0.0403775 0 -0.00150806 0.0539505
0 -0.00256085 0.0641218 0 -0.00378018 0.0715964 0 -0.00510269 0.077003 0
-0.00647492 0.0808792 0 -0.00785448 0.0836689 0 -0.00920996 0.0857282 0 -0.0105198
0.0873362 0 -0.0117708 0.0887072 0 -0.0129562 0.0900044 0 -0.0140746 0.0913519
0 -0.0151284 0.0928451 0 -0.0161228 0.0945603 0 -0.0170652 0.0965623 0
-0.017964 0.0989114 0 -0.0188288 0.101669 0 -0.0196682 0.104906 0 -0.0204891
0.108708 0 -0.0212933 0.113189 0 -0.0220735 0.118501 0 -0.0228068 0.12484
0 -0.0234468 0.132446 0 -0.0239168 0.141568 0 -0.0241087 0.1524 0
-0.0238936 0.16496 0 -0.0231519 0.178942 0 -0.0218132 0.193576 0 -0.0198994
0.207592 0 -0.0175703 0.219221 0 -0.0151065 0.226288 0 -0.0128208 0.227701
0 -0.0110276 0.222894 0 -0.010027 0.21142 0 -0.00999097 0.193988 0
-0.0109343 0.171776 0 -0.0127683 0.146063 0 -0.0153371 0.117953 0 -0.0184505
0.0882251 0 -0.0219064 0.057362 0 -0.0255515 0.0256755 0 -0.0292854 -0.00654175
0 -0.0330345 -0.0388881 0 -0.0367481 -0.0707985 0 -0.0403907 -0.101564 0
-0.0439264 -0.13042 0 -0.0473382 -0.156631 0 -0.0506691 -0.179656 0 -0.0540434
-0.199355 0 -0.0577274 -0.216199 0 -0.0622121 -0.231581 0 -0.0682211 -0.248086
0 -0.0765603 -0.269413 0 -0.0877146 -0.299578 0 -0.101181 -0.341131 0
-0.11461 -0.392642 0 -0.121934 -0.440561 0 -0.11896 -0.466204 0 -0.10363
-0.457561 0 -0.0756172 -0.396586 0 -0.0408185 -0.276777 0 -0.0120072 -0.130354
0 0 0 0 0 0 0 -0.000190022 0.0229945 0
-0.000702084 0.041043 0 -0.00151604 0.0548788 0 -0.00255781 0.065244 0 -0.00374928
0.0728447 0 -0.00502288 0.0783174 0 -0.0063223 0.0822105 0 -0.00760328 0.0849796
0 -0.0088332 0.0869913 0 -0.00998963 0.0885336 0 -0.0110584 0.0898285 0
-0.0120322 0.0910449 0 -0.0129081 0.0923112 0 -0.0136869 0.093726 0 -0.0143714
0.0953676 0 -0.0149655 0.0973022 0 -0.0154738 0.0995902 0 -0.0159003 0.102293
0 -0.0162472 0.105479 0 -0.0165125 0.10923 0 -0.0166876 0.113651 0
-0.0167518 0.118881 0 -0.0166661 0.125095 0 -0.0163653 0.132502 0 -0.0157514
0.141321 0 -0.0146954 0.151719 0 -0.0130481 0.163704 0 -0.0106761 0.177005
0 -0.00750822 0.190938 0 -0.00357873 0.204339 0 0.000922968 0.215593 0
0.00560285 0.22277 0 0.0100386 0.22463 0 0.013851 0.220539 0 0.0166778
0.210117 0 0.0182961 0.193838 0 0.0186555 0.172728 0 0.0178589 0.147957
0 0.0160874 0.120571 0 0.013557 0.0913654 0 0.0104822 0.0608662 0
0.00701165 0.0294276 0 0.00322595 -0.00261423 0 -0.000827575 -0.0348338 0 -0.0051231
-0.0666575 0 -0.0096512 -0.0973752 0 -0.0143683 -0.126218 0 -0.0192144 -0.152439
0 -0.0241907 -0.175453 0 -0.0293275 -0.195017 0 -0.0347311 -0.211433 0
-0.0407102 -0.225859 0 -0.0478257 -0.240666 0 -0.0568282 -0.259578 0 -0.0683658
-0.287129 0 -0.0823979 -0.327074 0 -0.0973978 -0.379775 0 -0.108486 -0.435981
0 -0.109985 -0.473474 0 -0.0989143 -0.476701 0 -0.0749165 -0.427233 0
-0.0420353 -0.309427 0 -0.0128734 -0.150798 0 0 0 0 0
0 0 -0.000201566 0.0233496 0 -0.000735068 0.0417197 0 -0.00157012 0.0558114
0 -0.00262195 0.066356 0 -0.00380413 0.0740623 0 -0.0050436 0.0795766 0
-0.00628079 0.08346 0 -0.00746969 0.0861801 0 -0.00857691 0.0881151 0 -0.00957966
0.0895621 0 -0.0104637 0.0907507 0 -0.0112212 0.0918554 0 -0.0118489 0.0930084
0 -0.0123464 0.0943106 0 -0.0127144 0.0958418 0 -0.012954 0.0976686 0
-0.013066 0.0998508 0 -0.0130499 0.102448 0 -0.0129016 0.105525 0 -0.0126121
0.109158 0 -0.0121633 0.113442 0 -0.011524 0.118498 0 -0.0106431 0.12448
0 -0.0094408 0.131564 0 -0.00780427 0.139937 0 -0.00559164 0.149739 0
-0.00263843 0.160976 0 0.00120511 0.173413 0 0.00601612 0.18646 0 0.0117564
0.199093 0 0.0182211 0.209871 0 0.0249788 0.217084 0 0.0315172 0.219441
0 0.0373694 0.216212 0 0.0421385 0.207016 0 0.0455335 0.192129 0
0.0474346 0.172386 0 0.0479223 0.148815 0 0.0471788 0.122405 0 0.0454296
0.0939566 0 0.0428833 0.0640453 0 0.0396854 0.0330879 0 0.0359099 0.00147378
0 0.0315878 -0.0303453 0 0.0267312 -0.0617909 0 0.0213368 -0.0921617 0
0.0154448 -0.120688 0 0.00913224 -0.146649 0 0.00244498 -0.169465 0 -0.00456872
-0.188818 0 -0.0118889 -0.204884 0 -0.0196518 -0.218617 0 -0.0282385 -0.232141
0 -0.038272 -0.249052 0 -0.0504381 -0.274159 0 -0.0649966 -0.312123 0
-0.0810011 -0.364856 0 -0.0950714 -0.427222 0 -0.100666 -0.4764 0 -0.0937505
-0.492003 0 -0.0736881 -0.454529 0 -0.042873 -0.341277 0 -0.0136293 -0.171886
0 0 0 0 0 0 0 -0.000223649 0.0237279 0
-0.000799491 0.0424289 0 -0.00168154 0.0567718 0 -0.00276934 0.0674796 0 -0.00396494
0.0752676 0 -0.00518832 0.0807948 0 -0.00637625 0.084637 0 -0.0074813 0.087276
0 -0.00846997 0.0891016 0 -0.00931985 0.0904208 0 -0.0100172 0.0914707 0
-0.0105551 0.0924314 0 -0.0109306 0.0934383 0 -0.0111426 0.0945937 0 -0.0111904
0.095978 0 -0.0110727 0.0976575 0 -0.0107876 0.0996909 0 -0.0103303 0.102135
0 -0.00969195 0.105048 0 -0.00885727 0.108501 0 -0.00780124 0.112576 0
-0.00648413 0.117377 0 -0.00484802 0.123034 0 -0.00280352 0.129692 0 -0.000225903
0.137504 0 0.00303092 0.146585 0 0.0071379 0.156938 0 0.0122591 0.168366
0 0.0184835 0.180368 0 0.0257805 0.192074 0 0.0339507 0.202238 0
0.0425681 0.209363 0 0.0510747 0.212174 0 0.0589394 0.209853 0 0.0657006
0.201974 0 0.0709918 0.188654 0 0.0746274 0.170502 0 0.0766238 0.148394
0 0.0771271 0.12324 0 0.0763431 0.0958268 0 0.0744691 0.0667747 0
0.0716491 0.0365716 0 0.0679505 0.00566693 0 0.0633995 -0.0254577 0 0.0580103
-0.056218 0 0.0517843 -0.0859262 0 0.0447533 -0.113844 0 0.0369938 -0.139279
0 0.0286061 -0.161669 0 0.0197092 -0.180677 0 0.0104122 -0.196394 0
0.000723718 -0.209607 0 -0.00955635 -0.222199 0 -0.0208882 -0.237554 0 -0.033911
-0.260563 0 -0.0490597 -0.296551 0 -0.0658524 -0.348784 0 -0.0820523 -0.414923
0 -0.0912426 -0.475068 0 -0.0885555 -0.503585 0 -0.0722755 -0.478406 0
-0.0435559 -0.372117 0 -0.0143439 -0.193494 0 0 0 0 0
0 0 -0.000258942 0.0241469 0 -0.000903082 0.0431969 0 -0.00186393 0.0577886
0 -0.00301917 0.0686416 0 -0.00425538 0.0764828 0 -0.00548391 0.0819888 0
-0.00663765 0.0857532 0 -0.00766843 0.088274 0 -0.00854362 0.0899539 0 -0.00924224
0.09111 0 -0.00975204 0.0919875 0 -0.0100671 0.0927718 0 -0.0101866 0.0935992
0 -0.0101107 0.0945732 0 -0.00983683 0.0957748 0 -0.00936234 0.0972694 0
-0.00868299 0.0991131 0 -0.00779106 0.101358 0 -0.00667385 0.10406 0 -0.00531148
0.107276 0 -0.00367421 0.11108 0 -0.00171657 0.115557 0 0.000624838 0.120812
0 0.00344237 0.126965 0 0.00686353 0.134133 0 0.0110369 0.142402 0
0.0161327 0.151775 0 0.0223183 0.162087 0 0.0296983 0.172924 0 0.0382629
0.183564 0 0.0478359 0.19296 0 0.0580255 0.199828 0 0.0682767 0.202965
0 0.0780116 0.201504 0 0.0867046 0.194954 0 0.0939232 0.18328 0
0.0994017 0.16689 0 0.103067 0.146484 0 0.104996 0.122866 0 0.105347
0.0967944 0 0.104291 0.0689165 0 0.101965 0.0397786 0 0.0984297 0.009883
0 0.0937142 -0.0202358 0 0.0878507 -0.0499858 0 0.0808468 -0.0787167 0
0.0727369 -0.105733 0 0.0636139 -0.130378 0 0.0536156 -0.152113 0 0.0429165
-0.170617 0 0.0316986 -0.185937 0 0.0200834 -0.198734 0 0.00803543 -0.210665
0 -0.00473128 -0.224864 0 -0.0187579 -0.246148 0 -0.0345758 -0.280266 0
-0.052096 -0.331678 0 -0.069791 -0.399949 0 -0.0821925 -0.46984 0 -0.0834962
-0.511532 0 -0.0707484 -0.499241 0 -0.0443393 -0.401818 0 -0.0151263 -0.215589
0 0 0 0 0 0 0 -0.000310918 0.0246281 0
-0.00105565 0.0440563 0 -0.00213425 0.058897 0 -0.00339473 0.069874 0 -0.00470345
0.0777342 0 -0.00596139 0.083178 0 -0.00709763 0.0868216 0 -0.00806431 0.0891818
0 -0.00883126 0.0906759 0 -0.00938055 0.091631 0 -0.00970832 0.092296 0
-0.00979934 0.0928643 0 -0.00965475 0.0934815 0 -0.00928741 0.0942453 0 -0.00869043
0.095232 0 -0.00786098 0.096507 0 -0.00679322 0.098124 0 -0.00547716 0.100131
0 -0.00389729 0.102576 0 -0.00203067 0.105509 0 0.000155632 0.10899 0
0.0027099 0.113089 0 0.00569899 0.117885 0 0.00921351 0.123473 0 0.0133746
0.129939 0 0.0183295 0.137343 0 0.024244 0.14568 0 0.0312811 0.154813
0 0.0395558 0.164408 0 0.049083 0.173877 0 0.0597236 0.182363 0
0.0711395 0.188788 0 0.0828143 0.192064 0 0.0941587 0.191324 0 0.104602
0.18602 0 0.113654 0.175987 0 0.120963 0.161451 0 0.126359 0.142933
0 0.129823 0.121114 0 0.13144 0.0966958 0 0.131332 0.0703285 0
0.129613 0.042597 0 0.126354 0.0140449 0 0.121596 -0.0147442 0 0.115359
-0.0431737 0 0.107669 -0.070633 0 0.0985947 -0.0964653 0 0.0882479 -0.120059
0 0.0767974 -0.140921 0 0.0644615 -0.15876 0 0.0514811 -0.173608 0
0.0380673 -0.186036 0 0.0243162 -0.197509 0 0.0101055 -0.210904 0 -0.00497764
-0.230861 0 -0.0214917 -0.263321 0 -0.0396212 -0.313613 0 -0.0583618 -0.382968
0 -0.073651 -0.460965 0 -0.0787146 -0.515729 0 -0.0693826 -0.517245 0
-0.0454752 -0.430295 0 -0.0161305 -0.238237 0 0 0 0 0
0 0 -0.000384224 0.0251986 0 -0.00126999 0.0450472 0 -0.00251401 0.0601392
0 -0.0039248 0.0712147 0 -0.00534286 0.0790517 0 -0.00665704 0.0843838 0
-0.00779313 0.0878556 0 -0.00870484 0.0900066 0 -0.00936525 0.0912703 0 -0.00976121
0.0919833 0 -0.00989697 0.0923999 0 -0.00976459 0.0927186 0 -0.00936266 0.0930891
0 -0.00870276 0.0936089 0 -0.00778313 0.0943506 0 -0.00660254 0.0953754 0
-0.00515458 0.0967333 0 -0.00342782 0.0984675 0 -0.001405 0.100619 0 0.000938678
0.103229 0 0.0036381 0.106347 0 0.00674178 0.110025 0 0.0103151 0.114323
0 0.0144451 0.119307 0 0.0192448 0.125039 0 0.024852 0.131555 0
0.0314217 0.138841 0 0.0391083 0.14678 0 0.0480301 0.155104 0 0.0582228
0.163342 0 0.0695885 0.170805 0 0.0818523 0.176611 0 0.0945612 0.179816
0 0.107152 0.179598 0 0.11904 0.17538 0 0.129691 0.166897 0
0.138682 0.154218 0 0.145741 0.137702 0 0.150746 0.117891 0 0.15369
0.0954071 0 0.154629 0.0708766 0 0.153635 0.0448988 0 0.15078 0.0180514
0 0.146114 -0.00908246 0 0.139647 -0.0359085 0 0.131434 -0.0618191 0
0.121578 -0.0862057 0 0.110216 -0.108514 0 0.0975452 -0.128302 0 0.0838208
-0.145321 0 0.0693297 -0.159607 0 0.0543514 -0.171672 0 0.0390854 -0.182828
0 0.0235463 -0.195703 0 0.00745701 -0.214697 0 -0.00971135 -0.245768 0
-0.0283267 -0.294848 0 -0.0478197 -0.364587 0 -0.0654979 -0.448848 0 -0.0741849
-0.516156 0 -0.0684253 -0.532327 0 -0.0471356 -0.45751 0 -0.0175091 -0.261626
0 0 0 0 0 0 0 -0.000485272 0.0258931 0
-0.00156321 0.0462196 0 -0.00303117 0.0615666 0 -0.00464576 0.0727078 0 -0.00621501
0.080469 0 -0.00761443 0.0856289 0 -0.00876779 0.0888687 0 -0.009631 0.0907531
0 -0.0101811 0.0917319 0 -0.0104171 0.092158 0 -0.0103453 0.0922977 0
-0.00998151 0.0923401 0 -0.00932793 0.0924272 0 -0.00837778 0.0926677 0 -0.00714002
0.0931349 0 -0.00561508 0.093882 0 -0.00379744 0.0949532 0 -0.00167564 0.0963857
0 0.000768302 0.0982138 0 0.00355981 0.100471 0 0.00673369 0.103194 0
0.0103369 0.106422 0 0.0144315 0.110195 0 0.0190983 0.114557 0 0.0244397
0.119547 0 0.0305796 0.125181 0 0.0376573 0.131434 0 0.0458134 0.138205
0 0.055162 0.145275 0 0.0657519 0.152272 0 0.077522 0.158649 0
0.0902601 0.1637 0 0.103588 0.166636 0 0.116999 0.166717 0 0.129928
0.163373 0 0.141824 0.156275 0 0.152211 0.145375 0 0.16073 0.130883
0 0.167161 0.113209 0 0.171399 0.0928762 0 0.173421 0.0704602 0
0.173248 0.0465454 0 0.170923 0.0217163 0 0.166486 -0.00345611 0 0.159975
-0.0283886 0 0.151464 -0.052486 0 0.141075 -0.0751891 0 0.128974 -0.0960011
0 0.115386 -0.114538 0 0.100595 -0.130593 0 0.084924 -0.144224 0
0.0687021 -0.155907 0 0.0522081 -0.166838 0 0.0355673 -0.179414 0 0.0186297
-0.197752 0 0.00093416 -0.227684 0 -0.0180212 -0.275519 0 -0.0381205 -0.345189
0 -0.0577243 -0.433633 0 -0.0697976 -0.512757 0 -0.0678607 -0.544439 0
-0.0494511 -0.483336 0 -0.0194065 -0.286002 0 0 0 0 0
0 0 -0.000623177 0.0267558 0 -0.0019588 0.0476357 0 -0.00372285 0.063241
0 -0.00560436 0.0744047 0 -0.00737153 0.0820232 0 -0.00888631 0.0869368 0
-0.0100717 0.0898714 0 -0.0108864 0.0914188 0 -0.0113214 0.0920547 0 -0.0113947
0.092149 0 -0.0111168 0.0919701 0 -0.0105083 0.091703 0 -0.00958313 0.0914845
0 -0.00833931 0.0914228 0 -0.00678549 0.0915903 0 -0.0049227 0.0920358 0
-0.00274663 0.0927972 0 -0.000246411 0.0939054 0 0.00259581 0.0953877 0 0.00580477
0.0972699 0 0.00941388 0.0995769 0 0.0134676 0.102335 0 0.018023 0.105571
0 0.023153 0.109309 0 0.0289476 0.113568 0 0.0355145 0.118347 0
0.0429741 0.123613 0 0.0514487 0.129273 0 0.0610413 0.135148 0 0.0718051
0.140942 0 0.0837058 0.146226 0 0.0965855 0.150444 0 0.110141 0.152957
0 0.123937 0.153129 0 0.137459 0.150431 0 0.150166 0.144512 0
0.161558 0.135239 0 0.17122 0.122709 0 0.178844 0.107205 0 0.184235
0.0891507 0 0.18729 0.0690479 0 0.187968 0.0474379 0 0.186274 0.0248798
0 0.18223 0.00193111 0 0.175885 -0.0208455 0 0.16733 -0.0428947 0
0.156703 -0.0637072 0 0.144191 -0.0828428 0 0.130045 -0.0999728 0 0.114567
-0.114937 0 0.0981055 -0.12782 0 0.0810263 -0.139086 0 0.0636647 -0.14984
0 0.0462338 -0.162279 0 0.0286913 -0.180213 0 0.0106541 -0.209235 0
-0.00847206 -0.255811 0 -0.0289853 -0.324887 0 -0.049959 -0.415697 0 -0.0652731
-0.505862 0 -0.0674235 -0.55355 0 -0.0522728 -0.507729 0 -0.0219454 -0.311622
0 0 0 0 0 0 0 -0.000811276 0.0278447 0
-0.00248978 0.0493744 0 -0.00463923 0.0652374 0 -0.00686148 0.0763638 0 -0.00887712
0.0837532 0 -0.0105354 0.0883289 0 -0.0117583 0.0908668 0 -0.0125159 0.0919989
0 -0.0128295 0.0922363 0 -0.0127306 0.0919528 0 -0.0122359 0.0914107 0
-0.0113712 0.0908004 0 -0.0101596 0.0902546 0 -0.00861372 0.0898713 0 -0.00674173
0.08972 0 -0.00454534 0.0898454 0 -0.00202112 0.0902794 0 0.00084114 0.0910466
0 0.00405872 0.0921673 0 0.007655 0.0936588 0 0.0116614 0.0955375 0
0.0161189 0.0978187 0 0.0210791 0.100516 0 0.0266057 0.10364 0 0.0327759
0.107193 0 0.03968 0.111161 0 0.0474183 0.115502 0 0.056092 0.120133
0 0.0657882 0.124902 0 0.0765558 0.129573 0 0.0883761 0.133811 0
0.101132 0.137181 0 0.114587 0.139178 0 0.128381 0.139279 0 0.142062
0.137021 0 0.155131 0.13206 0 0.167094 0.124222 0 0.177505 0.113518
0 0.186002 0.100131 0 0.192316 0.0843843 0 0.19627 0.0666965 0
0.197762 0.0475466 0 0.19675 0.0274486 0 0.193236 0.00692361 0 0.187265
-0.0135034 0 0.178929 -0.0333241 0 0.168376 -0.0520835 0 0.155809 -0.0693974
0 0.141492 -0.0849922 0 0.125741 -0.0987561 0 0.108919 -0.110807 0
0.0914131 -0.121608 0 0.0735971 -0.132202 0 0.055747 -0.144606 0 0.0379056
-0.162326 0 0.0197554 -0.190626 0 0.000635672 -0.235937 0 -0.020052 -0.303888
0 -0.0418719 -0.395571 0 -0.0602542 -0.495263 0 -0.0668157 -0.559075 0
-0.0554862 -0.530594 0 -0.0251704 -0.338693 0 0 0 0 0
0 0 -0.00106969 0.0292377 0 -0.00320378 0.0515364 0 -0.00584964 0.067646
0 -0.00849781 0.0786508 0 -0.010814 0.0856986 0 -0.0126341 0.0898162 0
-0.0138843 0.0918471 0 -0.0145731 0.0924856 0 -0.0147511 0.0922651 0 -0.0144537
0.0915513 0 -0.0137168 0.0906084 0 -0.0125794 0.089625 0 -0.0110721 0.0887282
0 -0.00921588 0.0880074 0 -0.0070224 0.0875241 0 -0.00449531 0.0873173 0
-0.00163208 0.0874128 0 0.00157676 0.0878288 0 0.00514752 0.0885784 0 0.00910229
0.0896718 0 0.0134703 0.0911176 0 0.0182887 0.092922 0 0.023603 0.095089
0 0.0294678 0.0976174 0 0.0359474 0.100498 0 0.0431155 0.103708 0
0.051052 0.107201 0 0.0598364 0.110897 0 0.0695368 0.114669 0 0.0801919
0.118325 0 0.0917884 0.121602 0 0.104237 0.124166 0 0.11735 0.125621
0 0.130838 0.125553 0 0.144318 0.123571 0 0.157348 0.119369 0
0.169465 0.112762 0 0.180224 0.103707 0 0.189237 0.0923121 0 0.196187
0.078812 0 0.200843 0.0635423 0 0.203047 0.0469095 0 0.202712 0.0293678
0 0.199815 0.0113854 0 0.194388 -0.00657087 0 0.186514 -0.0240494 0
0.176339 -0.0406474 0 0.164072 -0.0560369 0 0.14998 -0.0700015 0 0.134382
-0.0824794 0 0.117646 -0.0936252 0 0.100169 -0.103913 0 0.0823439 -0.114337
0 0.0644855 -0.126759 0 0.0466951 -0.144385 0 0.0287017 -0.172094 0
0.00980314 -0.216109 0 -0.010811 -0.282469 0 -0.0331052 -0.373777 0 -0.0543062
-0.48073 0 -0.065549 -0.560009 0 -0.0586931 -0.551206 0 -0.0289022 -0.367296
0 0 0 0 0 0 0 -0.00142973 0.0310411 0
-0.00417113 0.0542517 0 -0.00745142 0.0705754 0 -0.0106217 0.0813366 0 -0.0132849
0.0878896 0 -0.0152669 0.0913942 0 -0.0165219 0.0927986 0 -0.0171185 0.0928603
0 -0.0171267 0.0921113 0 -0.016592 0.0909151 0 -0.0155819 0.0895366 0
-0.0141474 0.0881563 0 -0.0123275 0.0868926 0 -0.0101498 0.085824 0 -0.00762978
0.0850018 0 -0.00477331 0.0844573 0 -0.00157875 0.0842096 0 0.00196269 0.0842702
0 0.00586633 0.0846457 0 0.0101531 0.08534 0 0.0148501 0.0863549 0
0.0199908 0.0876897 0 0.0256147 0.0893407 0 0.0317677 0.0912989 0 0.0385025
0.0935475 0 0.0458767 0.0960573 0 0.0539514 0.0987801 0 0.0627855 0.101642
0 0.0724273 0.104532 0 0.0829017 0.107297 0 0.0941933 0.109728 0
0.106228 0.111566 0 0.118855 0.112508 0 0.131838 0.112231 0 0.144861
0.110422 0 0.157544 0.106822 0 0.169471 0.101257 0 0.180223 0.0936612
0 0.189415 0.0840894 0 0.196709 0.0727071 0 0.201845 0.0597767 0
0.204604 0.0456155 0 0.204886 0.0306198 0 0.202659 0.0152064 0 0.197903
-0.00023971 0 0.190698 -0.0153285 0 0.181179 -0.029713 0 0.169547 -0.0431245
0 0.156062 -0.055404 0 0.14104 -0.066541 0 0.124841 -0.0767288 0
0.107859 -0.0864577 0 0.0904872 -0.0966849 0 0.0730524 -0.109136 0 0.055686
-0.126725 0 0.0381496 -0.153911 0 0.0197282 -0.196563 0 -0.000546407 -0.260892
0 -0.0231026 -0.350901 0 -0.0468053 -0.462478 0 -0.0628812 -0.555857 0
-0.0612438 -0.568771 0 -0.0328179 -0.39724 0 0 0 0 0
0 0 -0.0019415 0.0334043 0 -0.00549815 0.0576903 0 -0.00958357 0.0741544
0 -0.013379 0.0844921 0 -0.0164156 0.0903379 0 -0.0185291 0.0930429 0
-0.0197574 0.0936936 0 -0.0202158 0.0930814 0 -0.0199892 0.0917287 0 -0.0191673
0.0900041 0 -0.0178408 0.0881625 0 -0.0160748 0.08637 0 -0.0139175 0.0847313
0 -0.0114016 0.0833113 0 -0.00854572 0.0821498 0 -0.00535744 0.0812687 0
-0.00183572 0.0806794 0 0.00202787 0.0803867 0 0.00624803 0.0803912 0 0.0108447
0.0806912 0 0.0158431 0.081283 0 0.0212732 0.0821605 0 0.0271694 0.0833148
0 0.0335697 0.0847319 0 0.0405161 0.0863906 0 0.0480526 0.0882588 0
0.0562234 0.0902893 0 0.0650687 0.0924144 0 0.0746184 0.0945396 0 0.0848824
0.0965383 0 0.0958388 0.0982464 0 0.107419 0.0994636 0 0.119498 0.0999591
0 0.13188 0.0994846 0 0.144303 0.0977981 0 0.156446 0.094691 0
0.167947 0.0900141 0 0.178431 0.0836979 0 0.187534 0.0757649 0 0.194926
0.0663289 0 0.200333 0.0555905 0 0.203537 0.043805 0 0.204387 0.0312736
0 0.202817 0.0183418 0 0.198821 0.00535295 0 0.192453 -0.00737449 0
0.183831 -0.019561 0 0.173142 -0.0309997 0 0.16063 -0.0415897 0 0.146597
-0.0513707 0 0.131387 -0.0605747 0 0.115371 -0.0697078 0 0.0989217 -0.0796973
0 0.0823485 -0.0921443 0 0.0657821 -0.109689 0 0.0490013 -0.136355 0
0.0313016 -0.177562 0 0.0116113 -0.239442 0 -0.0109844 -0.327101 0 -0.0366711
-0.440421 0 -0.0575993 -0.546882 0 -0.0622398 -0.582942 0 -0.0366132 -0.428014
0 0 0 0 0 0 0 -0.00268779 0.0365431 0
-0.00734948 0.0620754 0 -0.0124478 0.0785318 0 -0.0169615 0.0881704 0 -0.0203555
0.0930244 0 -0.0225464 0.0947227 0 -0.0236813 0.0944758 0 -0.0239088 0.0930772
0 -0.0233592 0.0910531 0 -0.0221772 0.0887634 0 -0.0204729 0.0864417 0
-0.0183263 0.084232 0 -0.0157936 0.0822197 0 -0.0129112 0.0804534 0 -0.00969959
0.0789594 0 -0.00616693 0.0777494 0 -0.00231225 0.0768265 0 0.00187293 0.0761889
0 0.00640312 0.0758315 0 0.0112976 0.0757476 0 0.0165799 0.075929 0
0.0222772 0.076366 0 0.0284193 0.0770464 0 0.0350378 0.0779537 0 0.0421654
0.0790653 0 0.0498344 0.0803491 0 0.0580749 0.0817609 0 0.0669114 0.0832403
0 0.0763578 0.0847076 0 0.0864103 0.0860595 0 0.0970389 0.0871667 0
0.108177 0.087875 0 0.119712 0.0880086 0 0.13148 0.0873808 0 0.143262
0.085808 0 0.154786 0.0831291 0 0.165746 0.0792248 0 0.175813 0.0740324
0 0.184662 0.0675573 0 0.191989 0.059877 0 0.197524 0.0511392 0
0.201076 0.0415545 0 0.202468 0.0313386 0 0.201596 0.0207527 0 0.198463
0.0100967 0 0.193099 -0.000374858 0 0.185612 -0.0104513 0 0.17617 -0.0199896
0 0.164998 -0.0289431 0 0.152373 -0.0373993 0 0.138607 -0.0456237 0
0.124032 -0.0541346 0 0.108974 -0.0638284 0 0.0936938 -0.0761904 0 0.078288
-0.0936042 0 0.0625274 -0.11967 0 0.0457177 -0.159313 0 0.0267192 -0.218387
0 0.00426249 -0.302544 0 -0.0227008 -0.414353 0 -0.0484523 -0.532041 0
-0.0605836 -0.592052 0 -0.0396998 -0.458714 0 0 0 0 0
0 0 -0.0038093 0.0407772 0 -0.00998604 0.0677001 0 -0.016337 0.0838643
0 -0.0216177 0.0923875 0 -0.0252926 0.0958959 0 -0.0274576 0.0963502 0
-0.0283573 0.0950337 0 -0.0281997 0.0927382 0 -0.0272025 0.0899865 0 -0.0255486
0.0871103 0 -0.0233718 0.0843065 0 -0.0207649 0.0816879 0 -0.0177893 0.0793151
0 -0.0144833 0.0772176 0 -0.0108677 0.0754066 0 -0.00695043 0.0738827 0
-0.00272982 0.0726409 0 0.00180322 0.0716728 0 0.00666333 0.0709684 0 0.0118693
0.0705164 0 0.0174433 0.0703054 0 0.0234101 0.0703231 0 0.0297957 0.0705559
0 0.0366264 0.0709869 0 0.0439268 0.0715944 0 0.0517199 0.0723485 0
0.0600245 0.0732096 0 0.068853 0.074126 0 0.0782066 0.0750315 0 0.0880706
0.0758434 0 0.0984078 0.0764609 0 0.109151 0.0767658 0 0.120199 0.076626
0 0.131407 0.0759021 0 0.14259 0.0744576 0 0.153522 0.072172 0
0.163942 0.0689552 0 0.173571 0.0647572 0 0.182131 0.0595744 0 0.189357
0.0534565 0 0.195006 0.0465039 0 0.198905 0.0388519 0 0.200901 0.0307135
0 0.200852 0.0223191 0 0.198717 0.013845 0 0.194541 0.00546924 0
0.188442 -0.00265046 0 0.18057 -0.0104254 0 0.171123 -0.0178567 0 0.160336
-0.0250656 0 0.148475 -0.0323426 0 0.135812 -0.040209 0 0.122599 -0.0495243
0 0.109019 -0.0616626 0 0.0951004 -0.0787695 0 0.080575 -0.104046 0
0.0647393 -0.141913 0 0.046395 -0.197831 0 0.0240452 -0.277608 0 -0.0037983
-0.385267 0 -0.0341753 -0.510239 0 -0.0548148 -0.593522 0 -0.0411248 -0.487991
0 0 0 0 0 0 0 -0.00555295 0.0465947 0
-0.0138302 0.0749524 0 -0.0216569 0.0902816 0 -0.0276432 0.0970851 0 -0.0314392
0.0988211 0 -0.0333543 0.0977477 0 -0.0337458 0.0951902 0 -0.03296 0.0919291
0 -0.0312927 0.088431 0 -0.0289689 0.0849684 0 -0.026147 0.081692 0
-0.0229261 0.0786792 0 -0.0193684 0.0759635 0 -0.0155109 0.0735535 0 -0.0113738
0.0714451 0 -0.00696418 0.0696281 0 -0.00227843 0.0680881 0 0.0026945 0.0668098
0 0.00796933 0.0657784 0 0.0135636 0.0649797 0 0.0194978 0.0643993 0
0.0257946 0.0640237 0 0.0324766 0.0638393 0 0.039565 0.0638308 0 0.0470784
0.0639786 0 0.0550322 0.0642569 0 0.0634369 0.0646313 0 0.0722963 0.0650591
0 0.0816037 0.0654875 0 0.0913372 0.065852 0 0.101456 0.0660757 0
0.111893 0.0660695 0 0.122556 0.0657354 0 0.133319 0.0649705 0 0.144025
0.0636746 0 0.154484 0.0617589 0 0.164481 0.0591563 0 0.173797 0.055819
0 0.182204 0.0517384 0 0.189465 0.0469592 0 0.195366 0.0415601 0
0.199724 0.0356537 0 0.202389 0.0293909 0 0.203267 0.0229269 0 0.202339
0.0163901 0 0.199635 0.00989072 0 0.195244 0.0035205 0 0.189306 -0.00267859
0 0.181993 -0.00874482 0 0.173484 -0.0148178 0 0.163974 -0.021193 0
0.153657 -0.0283822 0 0.14269 -0.0371981 0 0.131153 -0.048903 0 0.118976
-0.0654226 0 0.105815 -0.0895889 0 0.0909349 -0.125331 0 0.0730871 -0.177639
0 0.0506498 -0.252235 0 0.0217091 -0.354273 0 -0.0129267 -0.481391 0
-0.0428572 -0.585514 0 -0.0396143 -0.514051 0 0 0 0 0
0 0 -0.00835553 0.0547706 0 -0.0195307 0.0842902 0 -0.0289279 0.0978037
0 -0.0353698 0.102099 0 -0.03887 0.101591 0 -0.0399912 0.0986798 0
-0.0393322 0.0946712 0 -0.0374226 0.0902749 0 -0.0346321 0.0859442 0 -0.0312486
0.081916 0 -0.027439 0.0782242 0 -0.023293 0.074878 0 -0.0188641 0.0718747
0 -0.0141835 0.0692022 0 -0.00926711 0.0668418 0 -0.00411765 0.0647711 0
0.001272 0.0629679 0 0.00691334 0.0614131 0 0.0128193 0.0600896 0 0.0190048
0.0589799 0 0.0254883 0.0580674 0 0.0322898 0.057338 0 0.0394291 0.0567794
0 0.0469231 0.0563789 0 0.0547853 0.0561208 0 0.0630256 0.0559832 0
0.0716496 0.0559371 0 0.0806565 0.055948 0 0.0900363 0.0559757 0 0.0997647
0.055972 0 0.109801 0.05588 0 0.120085 0.0556341 0 0.130534 0.0551629
0 0.141041 0.054392 0 0.151473 0.0532489 0 0.161674 0.0516692 0
0.17147 0.049601 0 0.180674 0.0470113 0 0.189093 0.043898 0 0.196528
0.040292 0 0.202807 0.0362493 0 0.207755 0.0318673 0 0.211262 0.027219
0 0.213307 0.0223769 0 0.213885 0.0174585 0 0.213005 0.0125415 0
0.210711 0.00766115 0 0.207102 0.00282104 0 0.202305 -0.00204042 0 0.196448
-0.00707996 0 0.189642 -0.0125842 0 0.181985 -0.0190297 0 0.173532 -0.0271675
0 0.164237 -0.038142 0 0.153905 -0.0536688 0 0.142076 -0.0762377 0
0.127945 -0.109316 0 0.110184 -0.15739 0 0.0871095 -0.225895 0 0.0563836
-0.320783 0 0.0175043 -0.445023 0 -0.0227897 -0.566138 0 -0.0337439 -0.533542
0 0 0 0 0 0 0 -0.012941 0.0665275 0
-0.0279947 0.0961584 0 -0.0385988 0.106269 0 -0.044564 0.106922 0 -0.0464919
0.103259 0 -0.0454913 0.0979714 0 -0.0427768 0.0924525 0 -0.0390137 0.0871182
0 -0.0345263 0.0821605 0 -0.0295501 0.0776728 0 -0.0242078 0.073635 0
-0.0185804 0.0700106 0 -0.0127212 0.066769 0 -0.00666342 0.0638807 0 -0.000422963
0.0613112 0 0.00599978 0.0590256 0 0.0126119 0.0569971 0 0.0194207 0.0552064
0 0.0264339 0.0536359 0 0.0336622 0.0522643 0 0.0411206 0.0510711 0
0.0488262 0.0500419 0 0.0567949 0.0491669 0 0.0650393 0.0484367 0 0.0735683
0.0478396 0 0.0823891 0.0473578 0 0.0915054 0.0469666 0 0.100914 0.0466389
0 0.110604 0.0463457 0 0.120553 0.0460529 0 0.130724 0.0457199 0
0.141067 0.0453002 0 0.151513 0.0447431 0 0.161974 0.0439962 0 0.172345
0.0430082 0 0.1825 0.0417336 0 0.192303 0.0401336 0 0.201594 0.0381928
0 0.210211 0.0359127 0 0.218011 0.0333016 0 0.224871 0.030386 0
0.230683 0.0272165 0 0.235371 0.0238468 0 0.238901 0.0203278 0 0.241261
0.0167228 0 0.242451 0.0130826 0 0.242492 0.00942468 0 0.241427 0.00572997
0 0.239315 0.00192895 0 0.236223 -0.00214155 0 0.232199 -0.00675518 0
0.227248 -0.0123329 0 0.221307 -0.0195426 0 0.21419 -0.0293915 0 0.20556
-0.0433759 0 0.194782 -0.0636477 0 0.180926 -0.0932302 0 0.162487 -0.136107
0 0.137727 -0.197332 0 0.103936 -0.283153 0 0.0599773 -0.400489 0
0.00779966 -0.533464 0 -0.021347 -0.541918 0 0 0 0 0
0 0 -0.020426 0.0836554 0 -0.0397567 0.110292 0 -0.0491919 0.114022
0 -0.05158 0.109277 0 -0.0495727 0.102091 0 -0.0451022 0.0947346 0
-0.0391367 0.0879386 0 -0.0322928 0.081856 0 -0.024886 0.0764193 0 -0.0170888
0.071545 0 -0.00900768 0.0672027 0 -0.00072685 0.0633393 0 0.00769352 0.059906
0 0.0162127 0.0568552 0 0.0248115 0.0541332 0 0.0334876 0.0516929 0
0.0422459 0.0495038 0 0.0510889 0.0475479 0 0.0600203 0.0458072 0 0.06905
0.0442559 0 0.0781895 0.0428689 0 0.0874508 0.0416317 0 0.0968444 0.0405368
0 0.106379 0.039577 0 0.116061 0.0387418 0 0.125905 0.038015 0
0.135921 0.0373781 0 0.146097 0.0368141 0 0.156422 0.0363033 0 0.166876
0.0358212 0 0.177436 0.0353387 0 0.188062 0.0348233 0 0.198705 0.0342397
0 0.209305 0.0335515 0 0.219783 0.0327234 0 0.230049 0.0317234 0
0.240004 0.0305251 0 0.249539 0.0291132 0 0.258543 0.0274829 0 0.266909
0.0256386 0 0.274544 0.023596 0 0.281368 0.0213827 0 0.287316 0.0190269
0 0.292343 0.0165562 0 0.296418 0.0140069 0 0.299527 0.0114102 0
0.301678 0.00877177 0 0.302881 0.00606228 0 0.303149 0.00321194 0 0.302479
7.76313e-05 0 0.300862 -0.00358009 0 0.298216 -0.00811748 0 0.294371 -0.0140959
0 0.288988 -0.0223516 0 0.281577 -0.0341251 0 0.271271 -0.0511939 0
0.256943 -0.0761035 0 0.236753 -0.112302 0 0.208809 -0.164442 0 0.169895
-0.238743 0 0.118581 -0.34525 0 0.0521886 -0.483743 0 0.00067207 -0.533024
0 0 0 0 0 0 0 -0.0309063 0.108454 0
-0.0500208 0.123828 0 -0.0517766 0.116827 0 -0.0462018 0.106298 0 -0.036862
0.0961543 0 -0.0258425 0.0871868 0 -0.0136878 0.0793183 0 -0.00090945 0.0725202
0 0.0121175 0.0666487 0 0.0252088 0.0615314 0 0.038247 0.0570526 0
0.0511643 0.0531202 0 0.0639147 0.0496641 0 0.0764751 0.0466201 0 0.0888458
0.0439142 0 0.101034 0.041486 0 0.113052 0.0393026 0 0.124908 0.0373436
0 0.136625 0.0355862 0 0.148238 0.0340044 0 0.159749 0.0325792 0
0.171153 0.0312999 0 0.182458 0.0301578 0 0.193675 0.0291436 0 0.204818
0.0282442 0 0.215905 0.0274435 0 0.226946 0.02673 0 0.237947 0.0260939
0 0.248912 0.0255208 0 0.259839 0.024992 0 0.270722 0.0244862 0
0.281544 0.0239806 0 0.292279 0.0234512 0 0.302891 0.0228735 0 0.313333
0.0222239 0 0.323546 0.0214811 0 0.333466 0.0206278 0 0.343019 0.0196528
0 0.35213 0.0185509 0 0.360725 0.0173222 0 0.36873 0.0159728 0
0.37608 0.0145163 0 0.382721 0.0129683 0 0.388601 0.0113463 0 0.39368
0.00966958 0 0.397941 0.00795386 0 0.401376 0.00619733 0 0.403982 0.00437152
0 0.405732 0.00240862 0 0.406571 0.000201115 0 0.40645 -0.00242794 0
0.405198 -0.00575429 0 0.402566 -0.0102095 0 0.39807 -0.0164217 0 0.391093
-0.0253232 0 0.380485 -0.0382425 0 0.3649 -0.0571409 0 0.341948 -0.0847747
0 0.309403 -0.125254 0 0.263086 -0.184615 0 0.201211 -0.274709 0
0.116832 -0.409381 0 0.0388358 -0.495288 0 0 0 0 0
0 0 -0.0309737 0.13682 0 -0.0366088 0.128713 0 -0.0160366 0.109146
0 0.00777325 0.0943177 0 0.032059 0.0820067 0 0.0562347 0.0716957 0
0.0798722 0.0632103 0 0.102679 0.0562566 0 0.124499 0.0504862 0 0.14532
0.0456099 0 0.165163 0.0414412 0 0.184078 0.0378519 0 0.202103 0.0347479
0 0.219341 0.0320453 0 0.235877 0.0296696 0 0.251723 0.0275695 0
0.26692 0.0257093 0 0.281511 0.0240588 0 0.295551 0.022587 0 0.309086
0.02127 0 0.32215 0.0200961 0 0.334778 0.0190556 0 0.347008 0.0181363
0 0.35888 0.0173254 0 0.37043 0.0166089 0 0.38169 0.0159744 0
0.392682 0.0154124 0 0.403439 0.0149133 0 0.413989 0.0144661 0 0.424348
0.0140579 0 0.434528 0.0136751 0 0.444533 0.0133033 0 0.454355 0.0129281
0 0.463981 0.0125348 0 0.473384 0.0121094 0 0.482532 0.0116393 0
0.491382 0.0111143 0 0.499886 0.0105275 0 0.507994 0.0098752 0 0.515651
0.00915711 0 0.522804 0.00837595 0 0.529405 0.00753843 0 0.535411 0.00665316
0 0.540784 0.00573028 0 0.545497 0.00477698 0 0.549528 0.00379926 0
0.552854 0.00279358 0 0.555444 0.00175672 0 0.557261 0.000639791 0 0.558234
-0.000647299 0 0.558286 -0.00222161 0 0.557176 -0.00424937 0 0.554627 -0.00701343
0 0.550026 -0.010917 0 0.542722 -0.0165441 0 0.531317 -0.0247196 0
0.514364 -0.0366958 0 0.48883 -0.0542886 0 0.4521 -0.0805352 0 0.398194
-0.120638 0 0.324785 -0.186029 0 0.219212 -0.300018 0 0.110036 -0.404462
0 0 0 0 0 0 0 0.0858175 0.125185 0
0.123158 0.101531 0 0.187517 0.0770611 0 0.24244 0.0617679 0 0.286799
0.0507265 0 0.32489 0.0420855 0 0.358429 0.0353383 0 0.388198 0.0300819
0 0.414779 0.0259285 0 0.438686 0.0225763 0 0.460339 0.0198256 0
0.480061 0.0175429 0 0.498114 0.0156287 0 0.514741 0.0140006 0 0.530128
0.0126054 0 0.544401 0.0114119 0 0.557684 0.0103907 0 0.570091 0.00951295
0 0.581714 0.00875264 0 0.592624 0.00809157 0 0.602901 0.00751777 0
0.612624 0.00702079 0 0.621861 0.00659047 0 0.63067 0.00621748 0 0.639103
0.00589341 0 0.647206 0.00561143 0 0.655015 0.00536547 0 0.662566 0.00514923
0 0.669884 0.00495669 0 0.676992 0.00478205 0 0.683906 0.00461939 0
0.690633 0.00446263 0 0.697176 0.00430568 0 0.703528 0.00414259 0 0.709677
0.00396766 0 0.715603 0.00377597 0 0.72128 0.00356349 0 0.72668 0.00332774
0 0.731768 0.00306739 0 0.736513 0.00278304 0 0.740881 0.00247576 0
0.744843 0.00214949 0 0.748369 0.00180631 0 0.751444 0.00145248 0 0.754045
0.00108446 0 0.756174 0.000709843 0 0.757802 0.000313002 0 0.758888 -7.93722e-05
0 0.759439 -0.000465484 0 0.759361 -0.000933538 0 0.75855 -0.00154201 0
0.75676 -0.00235723 0 0.753768 -0.00349325 0 0.74895 -0.00513365 0 0.741765
-0.00751157 0 0.730824 -0.0109884 0 0.714962 -0.0160542 0 0.691031 -0.0235139
0 0.656698 -0.0346877 0 0.604501 -0.0524421 0 0.5308 -0.0833333 0
0.413705 -0.143723 0 0.274994 -0.218711 0 0 0 0 0.5
0 0 1 0 0 1 0 0 1 0
0 1 0 0 1 0 0 1 0 0
1 0 0 1 0 0 1 0 0 1
0 0 1 0 0 1 0 0 1 0
0 1 0 0 1 0 0 1 0 0
1 0 0 1 0 0 1 0 0 1
0 0 1 0 0 1 0 0 1 0
0 1 0 0 1 0 0 1 0 0
1 0 0 1 0 0 1 0 0 1
0 0 1 0 0 1 0 0 1 0
0 1 0 0 1 0 0 1 0 0
1 0 0 1 0 0 1 0 0 1
0 0 1 0 0 1 0 0 1 0
0 1 0 0 1 0 0 1 0 0
1 0 0 1 0 0 1 0 0 1
0 0 1 0 0 1 0 0 1 0
0 1 0 0 1 0 0 1 0 0
1 0 0 1 0 0 1 0 0 1
0 0 1 0 0 1 0 0 1 0
0 0.5 0 0 0 0 0 0 0 0
0 0 0 0 0 0 0 0 0 0
0 0 0 0 0 0 0 0 0 0
0 0 0 0 0 0 0 0 0 0
0 0 0 0 0 0 0 0 0 0
0 0 0 0 0 0 0 0 0 0
0 0 0 0 0 0 0 0 0 0
0 0 0 0 0 0 0 0 0 0
0 0 0 0 0 0 0 0 0 0
0 0 0 0 0 0 0 0 0 0
0 0 0 0 0 0 0 0 0 0
0 0 0 0 0 0 0 0 0 0
0 0 0 0 0 0 0 0 0 0
0 0 0 0 0 0 0 0 0 0
0 0 0 0 0 0 0 0 0 0
0 0 0 0 0 0 0 0 0 0
0 0 0 0 0 0 0 0 0 0
0 0 0 0 0 0 0 0 0 0
0 0 0 0 0 0 0 0 0 0
0 0 0 0 0 0 0 0 0 0
0 0 -1.37191e-05 1.32274e-05 0 -9.91213e-05 6.35485e-05 0 -0.000268292 0.000115036
0 -0.000509284 0.000156127 0 -0.000804986 0.000185434 0 -0.00113939 0.000204746 0
-0.00149932 0.000216472 0 -0.00187474 0.000222809 0 -0.00225844 0.000225506 0 -0.00264545
0.000225844 0 -0.0030324 0.000224693 0 -0.00341706 0.000222609 0 -0.00379792 0.000219908
0 -0.00417381 0.000216739 0 -0.00454379 0.000213135 0 -0.00490692 0.000209052 0
-0.00526217 0.000204398 0 -0.00560836 0.000199053 0 -0.00594414 0.00019288 0 -0.00626791
0.000185735 0 -0.00657788 0.000177475 0 -0.00687206 0.000167959 0 -0.00714822 0.000157057
0 -0.00740395 0.000144652 0 -0.0076367 0.000130646 0 -0.00784376 0.000114966 0
-0.00802242 9.75683e-05 0 -0.00816987 7.84416e-05 0 -0.00828341 5.76009e-05 0 -0.00836038
3.51489e-05 0 -0.00839837 1.13358e-05 0 -0.00839542 -1.37112e-05 0 -0.0083497 -3.98022e-05
0 -0.00825992 -6.6556e-05 0 -0.00812545 -9.36101e-05 0 -0.00794622 -0.00012054 0
-0.00772291 -0.000146891 0 -0.00745688 -0.000172185 0 -0.00715024 -0.000195938 0 -0.00680591
-0.000217677 0 -0.00642751 -0.000236958 0 -0.00601928 -0.000253379 0 -0.00558606 -0.000266604
0 -0.00513317 -0.000276362 0 -0.00466631 -0.000282466 0 -0.00419139 -0.000284809 0
-0.00371446 -0.000283358 0 -0.0032416 -0.000278154 0 -0.00277879 -0.000269291 0 -0.00233187
-0.000256907 0 -0.00190647 -0.000241162 0 -0.00150802 -0.000222228 0 -0.00114169 -0.000200271
0 -0.000812416 -0.000175462 0 -0.000524846 -0.000147982 0 -0.000283275 -0.000118091 0
-9.14762e-05 -8.62077e-05 0 4.76554e-05 -5.29797e-05 0 0.000132784 -1.96212e-05 0 0.000165143
1.16104e-05 0 0.000150318 3.69567e-05 0 0.000101606 5.01491e-05 0 4.18242e-05 4.19222e-05
0 0 0 0 0 0 0 -6.67625e-05 9.9279e-05 0
-0.000265723 0.000258532 0 -0.000603002 0.000414153 0 -0.00105716 0.000540638 0 -0.0016016
0.000634 0 -0.00221199 0.000698125 0 -0.00286769 0.000739081 0 -0.00355231 0.000762846
0 -0.00425355 0.000774438 0 -0.00496246 0.0007777 0 -0.00567273 0.000775368 0
-0.00637987 0.00076926 0 -0.00708063 0.000760474 0 -0.0077725 0.00074958 0 -0.00845333
0.000736772 0 -0.00912106 0.000721989 0 -0.00977356 0.000704995 0 -0.0104085 0.000685445
0 -0.0110231 0.00066294 0 -0.0116147 0.00063705 0 -0.0121797 0.000607337 0
-0.0127145 0.000573378 0 -0.0132153 0.000534781 0 -0.0136776 0.000491202 0 -0.014097
0.000442358 0 -0.0144689 0.000388052 0 -0.0147884 0.000328188 0 -0.0150508 0.000262785
0 -0.0152514 0.00019198 0 -0.0153859 0.000116121 0 -0.0154503 3.58365e-05 0
-0.0154412 -4.82508e-05 0 -0.0153558 -0.000135377 0 -0.0151922 -0.00022446 0 -0.0149494
-0.000314293 0 -0.0146276 -0.000403532 0 -0.0142281 -0.000490738 0 -0.0137535 -0.00057441
0 -0.0132075 -0.000653035 0 -0.0125953 -0.000725137 0 -0.011923 -0.000789335 0
-0.0111981 -0.000844384 0 -0.0104287 -0.000889223 0 -0.00962388 -0.000923008 0 -0.0087934
-0.000945132 0 -0.00794731 -0.000955225 0 -0.0070959 -0.000953145 0 -0.00624953 -0.000938959
0 -0.00541847 -0.000912898 0 -0.0046128 -0.000875315 0 -0.00384231 -0.000826637 0
-0.00311645 -0.000767332 0 -0.00244434 -0.000697884 0 -0.00183466 -0.000618814 0 -0.00129565
-0.000530755 0 -0.000834852 -0.000434607 0 -0.000458773 -0.000331827 0 -0.000172276 -0.000224832
0 2.24997e-05 -0.000117718 0 0.000127735 -1.7351e-05 0 0.000152352 6.52371e-05 0
0.000116036 0.000112991 0 5.06958e-05 0.00010147 0 0 0 0 0
0 0 -0.000125339 0.000275801 0 -0.000442022 0.00060069 0 -0.000940135 0.000901252
0 -0.00158641 0.00114558 0 -0.00234628 0.00132893 0 -0.0031903 0.0014579 0
-0.0040935 0.00154277 0 -0.00503568 0.00159402 0 -0.00600117 0.00162072 0 -0.00697822
0.00163001 0 -0.0079582 0.00162714 0 -0.0089347 0.00161569 0 -0.00990291 0.00159791
0 -0.0108589 0.00157503 0 -0.0117994 0.00154755 0 -0.0127212 0.00151544 0
-0.013621 0.00147831 0 -0.0144954 0.00143554 0 -0.0153406 0.0013864 0 -0.0161524
0.00133008 0 -0.0169261 0.00126574 0 -0.0176568 0.0011926 0 -0.018339 0.00110992
0 -0.018967 0.00101706 0 -0.0195347 0.000913527 0 -0.020036 0.000798983 0
-0.0204646 0.000673311 0 -0.0208144 0.000536635 0 -0.0210793 0.000389354 0 -0.0212538
0.000232208 0 -0.0213329 6.63322e-05 0 -0.0213122 -0.000106859 0 -0.0211885 -0.00028566
0 -0.0209597 -0.000467974 0 -0.0206248 -0.000651382 0 -0.0201842 -0.00083322 0
-0.0196401 -0.00101065 0 -0.0189961 -0.00118072 0 -0.0182573 -0.00134048 0 -0.0174307
-0.00148706 0 -0.0165245 -0.00161777 0 -0.0155485 -0.00173021 0 -0.0145134 -0.00182233
0 -0.0134311 -0.00189247 0 -0.0123143 -0.00193946 0 -0.0111759 -0.00196254 0
-0.0100295 -0.00196141 0 -0.0088883 -0.00193615 0 -0.00776584 -0.00188713 0 -0.00667515
-0.00181498 0 -0.00562896 -0.00172045 0 -0.00463964 -0.0016044 0 -0.00371905 -0.00146775
0 -0.00287855 -0.00131152 0 -0.00212882 -0.00113705 0 -0.0014796 -0.000946274 0
-0.000939199 -0.000742257 0 -0.00051369 -0.000530045 0 -0.00020562 -0.000317829 0 -1.22827e-05
-0.000118593 0 7.67411e-05 4.78017e-05 0 8.33522e-05 0.000152151 0 4.18402e-05 0.000153535
0 0 0 0 0 0 0 -0.000178246 0.000538137 0
-0.000603392 0.00108065 0 -0.0012486 0.0015593 0 -0.00206707 0.00194483 0 -0.00301569
0.00223569 0 -0.00406062 0.00244284 0 -0.00517389 0.0025816 0 -0.00633284 0.00266741
0 -0.00751967 0.00271377 0 -0.00872078 0.00273147 0 -0.00992586 0.00272857 0
-0.0111271 0.0027107 0 -0.0123183 0.00268147 0 -0.0134945 0.00264293 0 -0.0146511
0.00259595 0 -0.0157841 0.00254058 0 -0.0168891 0.00247628 0 -0.0179615 0.00240217
0 -0.0189967 0.00231712 0 -0.0199893 0.00221989 0 -0.0209335 0.00210922 0
-0.0218232 0.00198387 0 -0.0226518 0.00184275 0 -0.0234124 0.0016849 0 -0.0240976
0.0015096 0 -0.0247002 0.00131642 0 -0.0252127 0.00110525 0 -0.0256279 0.000876422
0 -0.0259388 0.000630692 0 -0.0261391 0.00036936 0 -0.0262229 9.42831e-05 0
-0.0261855 -0.000192185 0 -0.0260234 -0.000487155 0 -0.0257342 -0.000787179 0 -0.0253172
-0.00108835 0 -0.0247735 -0.00138637 0 -0.0241058 -0.0016767 0 -0.0233188 -0.00195464
0 -0.0224189 -0.00221549 0 -0.0214147 -0.00245472 0 -0.020316 -0.00266809 0
-0.0191346 -0.00285181 0 -0.0178835 -0.00300266 0 -0.0165768 -0.00311807 0 -0.0152293
-0.00319618 0 -0.0138566 -0.00323583 0 -0.0124745 -0.00323652 0 -0.0110986 -0.00319837
0 -0.00974461 -0.00312197 0 -0.00842784 -0.00300825 0 -0.00716309 -0.00285841 0
-0.00596465 -0.00267377 0 -0.00484625 -0.00245582 0 -0.0038209 -0.00220626 0 -0.00290079
-0.00192733 0 -0.00209694 -0.0016223 0 -0.00141863 -0.00129627 0 -0.000872526 -0.000957427
0 -0.000461392 -0.000618677 0 -0.000182307 -0.000299779 0 -2.44591e-05 -2.98452e-05 0
3.40074e-05 0.000149919 0 2.65539e-05 0.000183381 0 0 0 0 0
0 0 -0.000223186 0.00087585 0 -0.000743302 0.00168281 0 -0.00151872 0.00236802
0 -0.00248918 0.00291278 0 -0.00360279 0.00332326 0 -0.00482127 0.00361719 0
-0.00611405 0.00381605 0 -0.00745664 0.0039408 0 -0.00882985 0.00400962 0 -0.0102188
0.00403712 0 -0.0116122 0.00403432 0 -0.013001 0.00400897 0 -0.0143782 0.00396611
0 -0.0157378 0.00390868 0 -0.0170744 0.00383798 0 -0.0183829 0.00375417 0
-0.0196581 0.00365657 0 -0.0208946 0.003544 0 -0.0220867 0.00341491 0 -0.0232281
0.00326763 0 -0.0243123 0.00310041 0 -0.0253318 0.00291161 0 -0.0262793 0.00269971
0 -0.0271467 0.00246346 0 -0.0279258 0.00220192 0 -0.0286083 0.00191458 0
-0.0291858 0.00160145 0 -0.0296502 0.00126309 0 -0.0299938 0.000900754 0 -0.0302095
0.000516429 0 -0.030291 0.000112857 0 -0.0302332 -0.000306466 0 -0.0300322 -0.000737276
0 -0.029686 -0.00117456 0 -0.029194 -0.00161266 0 -0.0285577 -0.00204544 0
-0.0277805 -0.00246636 0 -0.0268681 -0.00286874 0 -0.0258283 -0.00324591 0 -0.0246708
-0.00359144 0 -0.0234073 -0.00389935 0 -0.0220514 -0.00416434 0 -0.020618 -0.00438189
0 -0.0191231 -0.00454842 0 -0.0175838 -0.00466136 0 -0.0160176 -0.00471915 0
-0.0144424 -0.00472115 0 -0.0128759 -0.0046676 0 -0.0113354 -0.00455937 0 -0.00983791
-0.00439788 0 -0.00839974 -0.00418486 0 -0.0070365 -0.00392231 0 -0.005763 -0.00361238
0 -0.00459317 -0.00325768 0 -0.00353992 -0.00286152 0 -0.00261477 -0.00242874 0
-0.00182731 -0.00196674 0 -0.00118433 -0.00148711 0 -0.000688514 -0.00100767 0 -0.000336847
-0.00055498 0 -0.000118584 -0.000167148 0 -1.2817e-05 0.000103464 0 1.19177e-05 0.000187626
0 0 0 0 0 0 0 -0.000260598 0.00127788 0
-0.000861831 0.00239101 0 -0.00175004 0.00330853 0 -0.00285273 0.00402805 0 -0.00410957
0.00456766 0 -0.00547782 0.00495438 0 -0.00692437 0.00521726 0 -0.00842319 0.00538345
0 -0.00995403 0.00547619 0 -0.0115012 0.00551403 0 -0.0130526 0.00551097 0
-0.0145986 0.00547694 0 -0.0161315 0.00541843 0 -0.0176444 0.00533927 0 -0.0191313
0.00524119 0 -0.0205863 0.00512445 0 -0.0220036 0.00498823 0 -0.023377 0.00483102
0 -0.0246999 0.00465088 0 -0.0259653 0.00444565 0 -0.0271657 0.0042131 0
-0.028293 0.00395112 0 -0.0293388 0.00365782 0 -0.0302943 0.00333161 0 -0.0311504
0.00297137 0 -0.0318979 0.00257657 0 -0.0325276 0.00214732 0 -0.0330306 0.00168454
0 -0.0333984 0.00119005 0 -0.0336235 0.000666615 0 -0.0336989 0.000118021 0
-0.0336193 -0.000450927 0 -0.0333805 -0.00103441 0 -0.0329804 -0.00162565 0 -0.0324186
-0.00221706 0 -0.0316971 -0.00280035 0 -0.03082 -0.00336682 0 -0.0297938 -0.00390752
0 -0.0286275 -0.00441359 0 -0.0273323 -0.00487651 0 -0.0259214 -0.00528838 0
-0.0244102 -0.00564219 0 -0.0228157 -0.00593204 0 -0.0211558 -0.00615329 0 -0.0194497
-0.00630266 0 -0.0177172 -0.00637821 0 -0.0159778 -0.00637928 0 -0.0142511 -0.00630633
0 -0.0125561 -0.00616075 0 -0.0109112 -0.0059446 0 -0.00933385 -0.0056604 0
-0.00784045 -0.00531099 0 -0.0064464 -0.00489949 0 -0.005166 -0.00442955 0 -0.00401225
-0.00390581 0 -0.0029966 -0.00333483 0 -0.00212839 -0.00272649 0 -0.00141405 -0.00209585
0 -0.000855921 -0.00146565 0 -0.000450715 -0.000869068 0 -0.000187721 -0.000352714 0
-4.69037e-05 2.07659e-05 0 1.47346e-06 0.000170812 0 0 0 0 0
0 0 -0.000291569 0.00173397 0 -0.000961242 0.00318977 0 -0.00194585 0.00436271
0 -0.00316231 0.00527089 0 -0.00454263 0.00594769 0 -0.00603977 0.00643177 0
-0.00761814 0.00676123 0 -0.00925026 0.00697023 0 -0.010915 0.00708744 0 -0.0125961
0.00713553 0 -0.0142809 0.00713157 0 -0.0159594 0.00708763 0 -0.0176234 0.00701167
0 -0.0192655 0.00690834 0 -0.0208792 0.00677982 0 -0.022458 0.00662642 0
-0.0239954 0.00644716 0 -0.0254847 0.0062402 0 -0.0269186 0.00600314 0 -0.0282895
0.00573334 0 -0.029589 0.00542807 0 -0.0308085 0.00508474 0 -0.0319386 0.00470103
0 -0.0329699 0.00427505 0 -0.0338923 0.0038055 0 -0.0346958 0.00329179 0
-0.0353707 0.00273421 0 -0.035907 0.00213407 0 -0.0362957 0.00149379 0 -0.0365282
0.000817041 0 -0.0365974 0.000108758 0 -0.0364971 -0.00062481 0 -0.0362231 -0.00137613
0 -0.0357728 -0.00213646 0 -0.0351461 -0.00289604 0 -0.034345 -0.00364424 0
-0.0333744 -0.00436987 0 -0.0322417 -0.00506152 0 -0.0309568 -0.00570784 0 -0.0295324
-0.00629796 0 -0.0279835 -0.00682186 0 -0.0263274 -0.00727065 0 -0.024583 -0.00763691
0 -0.0227708 -0.00791488 0 -0.0209121 -0.00810056 0 -0.0190287 -0.0081917 0
-0.0171425 -0.00818778 0 -0.0152748 -0.00808969 0 -0.0134465 -0.00789957 0 -0.0116771
-0.00762042 0 -0.00998499 -0.00725585 0 -0.00838725 -0.00680987 0 -0.00689952 -0.00628685
0 -0.00553599 -0.00569175 0 -0.00430932 -0.00503075 0 -0.00323037 -0.00431233 0
-0.00230777 -0.00354892 0 -0.00154718 -0.00275912 0 -0.000950184 -0.00197044 0 -0.000512866
-0.00122249 0 -0.000224129 -0.000569974 0 -6.40499e-05 -8.51934e-05 0 -3.43995e-06 0.000140913
0 0 0 0 0 0 0 -0.000317227 0.00223527 0
-0.00104435 0.00406514 0 -0.00211072 0.00551391 0 -0.00342435 0.00662319 0 -0.00491057
0.00744428 0 -0.00651836 0.00802954 0 -0.00820979 0.00842744 0 -0.00995598 0.00868
0 -0.011735 0.00882176 0 -0.0135302 0.00887975 0 -0.0153287 0.00887415 0
-0.0171201 0.00881921 0 -0.0188957 0.0087243 0 -0.020648 0.00859491 0 -0.0223703
0.00843356 0 -0.0240554 0.00824062 0 -0.0256965 0.0080149 0 -0.0272864 0.00775419
0 -0.0288173 0.00745561 0 -0.0302809 0.007116 0 -0.0316682 0.00673208 0
-0.03297 0.00630076 0 -0.0341762 0.00581926 0 -0.0352767 0.00528536 0 -0.0362604
0.00469753 0 -0.0371169 0.00405515 0 -0.0378351 0.00335866 0 -0.0384044 0.00260977
0 -0.0388149 0.00181156 0 -0.0390573 0.000968608 0 -0.0391233 8.7128e-05 0
-0.0390063 -0.000825078 0 -0.0387013 -0.00175861 0 -0.0382056 -0.00270257 0 -0.0375187
-0.00364477 0 -0.0366427 -0.00457197 0 -0.035583 -0.00547024 0 -0.0343477 -0.00632533
0 -0.0329478 -0.0071231 0 -0.0313976 -0.00785005 0 -0.0297138 -0.0084937 0
-0.0279159 -0.0090431 0 -0.0260251 -0.0094891 0 -0.0240646 -0.00982473 0 -0.0220581
-0.0100453 0 -0.0200301 -0.0101483 0 -0.0180049 -0.0101336 0 -0.0160061 -0.0100027
0 -0.0140562 -0.0097588 0 -0.0121762 -0.00940633 0 -0.0103855 -0.00895038 0
-0.00870164 -0.00839652 0 -0.00714022 -0.00775072 0 -0.00571505 -0.00701963 0 -0.00443806
-0.00621123 0 -0.00331912 -0.00533608 0 -0.00236571 -0.00440929 0 -0.00158224 -0.00345297
0 -0.000969092 -0.0024994 0 -0.000521179 -0.00159442 0 -0.000226329 -0.000800639 0
-6.35841e-05 -0.00019981 0 -2.70681e-06 0.000106868 0 0 0 0 0
0 0 -0.000338565 0.00277432 0 -0.00111387 0.00500504 0 -0.00224935 0.00674749
0 -0.00364568 0.00806894 0 -0.00522246 0.00904075 0 -0.00692516 0.00973058 0
-0.0087137 0.0101985 0 -0.0105579 0.0104952 0 -0.0124352 0.0106614 0 -0.0143286
0.010729 0 -0.0162248 0.0107211 0 -0.0181134 0.0106544 0 -0.0199858 0.0105396
0 -0.0218341 0.0103829 0 -0.0236512 0.0101871 0 -0.02543 0.00995269 0
-0.0271633 0.00967818 0 -0.0288433 0.00936093 0 -0.030462 0.00899756 0 -0.0320105
0.0085843 0 -0.0334795 0.00811731 0 -0.034859 0.00759292 0 -0.0361383 0.00700786
0 -0.0373065 0.00635948 0 -0.0383518 0.00564599 0 -0.0392626 0.00486667 0
-0.0400271 0.00402209 0 -0.0406337 0.00311428 0 -0.0410712 0.002147 0 -0.0413291
0.0011258 0 -0.0413985 5.81742e-05 0 -0.0412713 -0.0010464 0 -0.0409417 -0.00217651
0 -0.0404064 -0.00331888 0 -0.0396644 -0.00445866 0 -0.0387177 -0.00557967 0
-0.0375718 -0.00666485 0 -0.0362355 -0.00769675 0 -0.0347209 -0.00865803 0 -0.0330439
-0.00953213 0 -0.0312233 -0.0103038 0 -0.0292808 -0.0109597 0 -0.0272406 -0.0114886
0 -0.0251286 -0.0118823 0 -0.0229717 -0.0121354 0 -0.0207975 -0.0122453 0
-0.0186332 -0.0122121 0 -0.0165049 -0.0120387 0 -0.0144373 -0.0117297 0 -0.0124532
-0.0112912 0 -0.0105728 -0.0107305 0 -0.00881436 -0.0100552 0 -0.00719322 -0.00927337
0 -0.00572261 -0.00839374 0 -0.00441336 -0.00742644 0 -0.00327395 -0.00638437 0
-0.00231024 -0.00528541 0 -0.00152493 -0.00415525 0 -0.000916613 -0.00303096 0 -0.000478392
-0.00196458 0 -0.000196162 -0.0010267 0 -4.66255e-05 -0.00030873 0 3.20919e-06 7.73195e-05
0 0 0 0 0 0 0 -0.000356408 0.003345 0
-0.00117221 0.00599931 0 -0.00236612 0.00805089 0 -0.00383276 0.00959438 0 -0.00548695
0.0107227 0 -0.00727117 0.0115203 0 -0.00914339 0.0120598 0 -0.0110723 0.0124012
0 -0.0130348 0.0125921 0 -0.0150135 0.0126691 0 -0.0169951 0.0126588 0
-0.0189691 0.01258 0 -0.0209268 0.0124448 0 -0.0228605 0.0122603 0 -0.0247629
0.0120295 0 -0.0266268 0.0117527 0 -0.0284446 0.0114282 0 -0.0302086 0.011053
0 -0.0319103 0.0106229 0 -0.0335405 0.0101337 0 -0.0350894 0.00958074 0
-0.0365464 0.0089598 0 -0.0379002 0.00826697 0 -0.039139 0.00749912 0 -0.0402504
0.00665406 0 -0.0412216 0.00573089 0 -0.0420396 0.00473019 0 -0.0426915 0.0036543
0 -0.0431648 0.00250754 0 -0.0434477 0.00129641 0 -0.0435296 2.97537e-05 0
-0.0434013 -0.00128122 0 -0.0430556 -0.00262292 0 -0.0424879 -0.00397948 0 -0.0416965
-0.00533307 0 -0.0406831 -0.00666419 0 -0.0394531 -0.00795224 0 -0.0380158 -0.00917604
0 -0.0363846 -0.0103146 0 -0.0345768 -0.0113477 0 -0.0326134 -0.012257 0
-0.0305191 -0.0130261 0 -0.0283211 -0.0136417 0 -0.0260486 -0.014094 0 -0.0237325
-0.0143766 0 -0.0214038 -0.0144872 0 -0.0190932 -0.0144265 0 -0.01683 -0.0141988
0 -0.0146417 -0.0138107 0 -0.012553 -0.0132709 0 -0.0105856 -0.0125892 0
-0.00875801 -0.0117761 0 -0.00708574 -0.0108423 0 -0.00558105 -0.00979925 0 -0.00425337
-0.00865959 0 -0.00310938 -0.00743885 0 -0.00215283 -0.00615788 0 -0.00138413 -0.00484611
0 -0.000799462 -0.00354541 0 -0.000389344 -0.00231426 0 -0.000136835 -0.0012315 0
-1.49668e-05 -0.000398761 0 1.36669e-05 6.01109e-05 0 0 0 0 0
0 0 -0.000371424 0.00394226 0 -0.00122139 0.00703947 0 -0.00246481 0.00941353
0 -0.00399137 0.0111878 0 -0.00571191 0.012478 0 -0.00756636 0.0133865 0
-0.0095111 0.0139993 0 -0.0115138 0.0143862 0 -0.013551 0.0146023 0 -0.0156048
0.014689 0 -0.0176622 0.0146766 0 -0.0197127 0.0145861 0 -0.0217475 0.0144309
0 -0.0237592 0.0142188 0 -0.0257405 0.0139533 0 -0.0276842 0.0136344 0
-0.0295826 0.0132601 0 -0.0314279 0.0128267 0 -0.0332114 0.0123296 0 -0.0349235
0.0117636 0 -0.0365543 0.0111234 0 -0.0380924 0.0104041 0 -0.0395259 0.00960088
0 -0.0408423 0.00871007 0 -0.042028 0.00772899 0 -0.0430692 0.00665633 0
-0.0439515 0.00549256 0 -0.0446605 0.00424017 0 -0.045182 0.00290397 0 -0.0455025
0.00149133 0 -0.0456092 1.24205e-05 0 -0.0454913 -0.00151973 0 -0.0451398 -0.0030892
0 -0.0445487 -0.0046773 0 -0.043715 -0.00626282 0 -0.0426395 -0.00782253 0
-0.0413277 -0.00933174 0 -0.0397891 -0.010765 0 -0.038038 -0.0120969 0 -0.0360937
-0.0133032 0 -0.0339797 -0.0143614 0 -0.0317233 -0.0152521 0 -0.0293555 -0.0159593
0 -0.0269094 -0.0164711 0 -0.02442 -0.0167805 0 -0.0219228 -0.0168849 0
-0.0194525 -0.0167861 0 -0.0170425 -0.0164903 0 -0.0147236 -0.0160069 0 -0.012523
-0.0153475 0 -0.0104645 -0.0145254 0 -0.00856731 -0.0135548 0 -0.00684688 -0.0124501
0 -0.00531449 -0.0112258 0 -0.00397789 -0.00989774 0 -0.00284146 -0.00848451 0
-0.0019063 -0.00701021 0 -0.00116988 -0.00550814 0 -0.000625226 -0.00402524 0 -0.000259476
-0.00262669 0 -5.18355e-05 -0.00140012 0 2.95934e-05 -0.000458163 0 2.80703e-05 6.21104e-05
0 0 0 0 0 0 0 -0.000384145 0.00456201 0
-0.00126309 0.00811851 0 -0.00254866 0.0108266 0 -0.00412648 0.0128393 0 -0.00590412
0.0142966 0 -0.00781944 0.015319 0 -0.00982748 0.0160069 0 -0.0118951 0.0164407
0 -0.0139984 0.0166828 0 -0.0161196 0.0167801 0 -0.0182456 0.0167665 0
-0.0203659 0.0166653 0 -0.0224723 0.0164913 0 -0.0245572 0.0162531 0 -0.0266137
0.0159543 0 -0.0286346 0.0155948 0 -0.0306124 0.0151721 0 -0.0325392 0.0146818
0 -0.0344062 0.0141188 0 -0.0362037 0.0134768 0 -0.0379212 0.0127498 0
-0.0395472 0.0119318 0 -0.0410689 0.0110173 0 -0.0424729 0.0100017 0 -0.0437446
0.00888154 0 -0.0448689 0.00765501 0 -0.0458297 0.00632221 0 -0.0466109 0.0048856
0 -0.0471961 0.00335029 0 -0.0475697 0.00172444 0 -0.0477166 1.9492e-05 0
-0.0476236 -0.00174966 0 -0.0472796 -0.0035646 0 -0.0466764 -0.00540347 0 -0.0458096
-0.00724135 0 -0.044679 -0.0090507 0 -0.0432895 -0.0108021 0 -0.0416508 -0.0124652
0 -0.0397784 -0.0140094 0 -0.037693 -0.0154057 0 -0.0354205 -0.0166271 0
-0.0329917 -0.0176502 0 -0.0304407 -0.0184556 0 -0.0278054 -0.0190295 0 -0.0251252
-0.0193634 0 -0.0224405 -0.0194548 0 -0.0197912 -0.0193068 0 -0.0172154 -0.0189278
0 -0.0147483 -0.0183302 0 -0.0124208 -0.0175299 0 -0.0102591 -0.0165447 0
-0.00828409 -0.0153934 0 -0.00651139 -0.0140948 0 -0.00495138 -0.0126678 0 -0.00360984
-0.0111322 0 -0.00248841 -0.00951 0 -0.00158488 -0.00782901 0 -0.000893031 -0.00612671
0 -0.000401888 -0.00445535 0 -9.42978e-05 -0.00288723 0 5.5438e-05 -0.00151943 0
8.53623e-05 -0.000476672 0 4.58967e-05 8.92388e-05 0 0 0 0 0
0 0 -0.00039499 0.00520088 0 -0.00129866 0.00923073 0 -0.0026203 0.0122829
0 -0.0042422 0.0145411 0 -0.0060693 0.0161698 0 -0.00803775 0.0173093 0
-0.0101015 0.0180745 0 -0.012227 0.0185568 0 -0.0143897 0.0188264 0 -0.0165722
0.0189359 0 -0.0187612 0.0189227 0 -0.0209469 0.0188127 0 -0.023121 0.0186221
0 -0.0252765 0.0183602 0 -0.0274065 0.0180306 0 -0.0295043 0.0176332 0
-0.0315625 0.0171649 0 -0.0335733 0.0166207 0 -0.0355279 0.0159943 0 -0.0374166
0.0152789 0 -0.0392284 0.0144672 0 -0.0409515 0.0135521 0 -0.0425725 0.0125271
0 -0.044077 0.0113864 0 -0.0454493 0.0101256 0 -0.0466726 0.00874213 0
-0.0477293 0.00723538 0 -0.0486009 0.00560752 0 -0.0492688 0.00386375 0 -0.0497146
0.00201284 0 -0.0499205 6.74395e-05 0 -0.0498706 -0.00195563 0 -0.049551 -0.00403525
0 -0.0489513 -0.00614611 0 -0.0480652 -0.00825903 0 -0.0468912 -0.0103416 0
-0.0454333 -0.0123591 0 -0.0437015 -0.0142753 0 -0.0417117 -0.016054 0 -0.0394863
-0.0176604 0 -0.0370529 -0.0190623 0 -0.0344451 -0.0202317 0 -0.0317005 -0.0211454
0 -0.028861 -0.0217866 0 -0.0259708 -0.0221454 0 -0.0230758 -0.0222189 0
-0.0202218 -0.0220112 0 -0.0174528 -0.0215333 0 -0.0148098 -0.0208015 0 -0.0123289
-0.0198365 0 -0.0100405 -0.0186618 0 -0.00796802 -0.0173022 0 -0.00612823 -0.0157824
0 -0.00453098 -0.0141269 0 -0.00318009 -0.0123602 0 -0.002074 -0.010509 0
-0.00120646 -0.00860514 0 -0.00056665 -0.00669069 0 -0.000138606 -0.00482357 0 0.000100196
-0.00308369 0 0.000181464 -0.00157832 0 0.00015065 -0.000445469 0 6.66728e-05 0.000146665
0 0 0 0 0 0 0 -0.000404277 0.00585611 0
-0.00132914 0.0103714 0 -0.00268181 0.0137763 0 -0.00434184 0.0162861 0 -0.00621204
0.0180909 0 -0.00822723 0.0193506 0 -0.0103406 0.0201956 0 -0.0125179 0.0207285
0 -0.0147349 0.0210277 0 -0.0169739 0.0211514 0 -0.0192223 0.0211411 0
-0.0214701 0.021025 0 -0.0237098 0.0208209 0 -0.0259346 0.0205387 0 -0.0281383
0.0201821 0 -0.0303141 0.0197509 0 -0.0324554 0.0192412 0 -0.0345544 0.0186474
0 -0.0366024 0.0179623 0 -0.0385898 0.0171777 0 -0.0405055 0.0162851 0
-0.0423371 0.0152764 0 -0.0440708 0.0141434 0 -0.0456911 0.0128791 0 -0.0471811
0.0114779 0 -0.0485224 0.00993585 0 -0.0496953 0.00825144 0 -0.050679 0.00642618
0 -0.0514521 0.0044651 0 -0.0519932 0.00237737 0 -0.0522816 0.000176794 0
-0.052298 -0.00211781 0 -0.0520259 -0.0044824 0 -0.0514523 -0.00688777 0 -0.0505689
-0.0093 0 -0.0493727 -0.0116812 0 -0.047867 -0.0139905 0 -0.0460611 -0.0161855
0 -0.0439713 -0.0182235 0 -0.0416201 -0.0200636 0 -0.0390362 -0.0216676 0
-0.0362543 -0.023002 0 -0.0333143 -0.0240393 0 -0.030261 -0.0247589 0 -0.027143
-0.0251484 0 -0.0240117 -0.0252039 0 -0.0209196 -0.02493 0 -0.0179184 -0.0243399
0 -0.015057 -0.0234542 0 -0.0123792 -0.0222992 0 -0.00992197 -0.0209055 0
-0.00771393 -0.0193054 0 -0.00577461 -0.0175315 0 -0.00411452 -0.0156156 0 -0.00273587
-0.0135888 0 -0.00163369 -0.0114832 0 -0.000796909 -0.00933595 0 -0.000208971 -0.00719417
0 0.000152367 -0.00512191 0 0.000316343 -0.00320714 0 0.000322001 -0.00156811 0
0.000223589 -0.000357334 0 8.99026e-05 0.000238782 0 0 0 0 0
0 0 -0.000412238 0.0065254 0 -0.00135532 0.0115365 0 -0.00273476 0.0153019
0 -0.00442793 0.018069 0 -0.00633591 0.0200539 0 -0.0083925 0.0214373 0
-0.0105503 0.0223648 0 -0.0127749 0.0229507 0 -0.0150418 0.0232821 0 -0.0173338
0.023423 0 -0.0196385 0.0234187 0 -0.0219465 0.0233002 0 -0.0242507 0.0230867
0 -0.0265448 0.0227886 0 -0.028823 0.0224102 0 -0.0310795 0.0219504 0
-0.0333076 0.0214052 0 -0.0355002 0.0207679 0 -0.0376488 0.02003 0 -0.0397439
0.0191824 0 -0.0417745 0.018215 0 -0.0437278 0.0171179 0 -0.0455893 0.0158817
0 -0.0473429 0.0144974 0 -0.0489702 0.0129577 0 -0.0504511 0.0112572 0
-0.0517638 0.00939304 0 -0.052885 0.00736554 0 -0.0537902 0.00517931 0 -0.054455
0.00284375 0 -0.0548556 0.00037379 0 -0.0549695 -0.00220961 0 -0.0547776 -0.00487913
0 -0.0542647 -0.00760122 0 -0.0534206 -0.0103367 0 -0.0522412 -0.0130416 0
-0.0507284 -0.0156688 0 -0.0488908 -0.018169 0 -0.046743 -0.0204932 0 -0.0443058
-0.0225939 0 -0.0416062 -0.0244268 0 -0.0386771 -0.0259525 0 -0.0355575 -0.0271378
0 -0.0322928 -0.0279574 0 -0.0289342 -0.0283944 0 -0.025538 -0.0284422 0
-0.0221645 -0.0281047 0 -0.018875 -0.0273962 0 -0.0157299 -0.026341 0 -0.0127847
-0.0249718 0 -0.0100874 -0.0233272 0 -0.00767575 -0.0214495 0 -0.00557569 -0.0193817
0 -0.00380074 -0.0171655 0 -0.00235279 -0.0148408 0 -0.00122358 -0.0124477 0
-0.00039646 -0.0100296 0 0.000152264 -0.00763973 0 0.000452862 -0.0053488 0 0.0005431
-0.00325341 0 0.000471104 -0.00148348 0 0.000301626 -0.000207231 0 0.00011492 0.000368892
0 0 0 0 0 0 0 -0.000419028 0.00720676 0
-0.00137772 0.0127228 0 -0.00278027 0.0168554 0 -0.00450228 0.019885 0 -0.00644349
0.0220542 0 -0.00853693 0.0235644 0 -0.0107348 0.0245775 0 -0.0130027 0.0252196
0 -0.0153162 0.0255863 0 -0.0176583 0.0257478 0 -0.0200171 0.0257536 0
-0.0223839 0.025637 0 -0.024752 0.0254191 0 -0.027116 0.025111 0 -0.0294707
0.0247169 0 -0.0318107 0.0242355 0 -0.0341302 0.0236621 0 -0.0364226 0.0229889
0 -0.0386798 0.0222063 0 -0.0408926 0.0213036 0 -0.0430501 0.0202694 0
-0.0451395 0.0190917 0 -0.0471457 0.0177591 0 -0.0490519 0.0162608 0 -0.0508384
0.0145871 0 -0.0524835 0.0127306 0 -0.0539631 0.0106865 0 -0.0552515 0.00845399
0 -0.0563216 0.0060368 0 -0.0571457 0.00344444 0 -0.0576974 0.000693099 0
-0.0579521 -0.00219372 0 -0.0578886 -0.00518499 0 -0.0574905 -0.00824233 0 -0.056747
-0.0113209 0 -0.0556529 -0.0143706 0 -0.0542088 -0.0173381 0 -0.0524204 -0.020168
0 -0.0502981 -0.0228057 0 -0.047857 -0.0251977 0 -0.0451168 -0.0272939 0
-0.0421032 -0.0290486 0 -0.0388489 -0.0304219 0 -0.0353949 -0.031381 0 -0.0317919
-0.0319024 0 -0.0281 -0.0319732 0 -0.0243878 -0.031593 0 -0.0207295 -0.0307749
0 -0.0172017 -0.0295451 0 -0.013878 -0.0279424 0 -0.0108246 -0.026015 0
-0.00809524 -0.0238176 0 -0.00572836 -0.0214069 0 -0.00374505 -0.0188387 0 -0.00214961
-0.016166 0 -0.000931414 -0.0134396 0 -6.75933e-05 -0.0107119 0 0.000474398 -0.00804357
0 0.000735303 -0.00551297 0 0.000763908 -0.00322578 0 0.00061992 -0.00132426 0
0.000380969 6.6675e-06 0 0.000140744 0.000538761 0 0 0 0 0
0 0 -0.000424737 0.00789841 0 -0.00139669 0.0139271 0 -0.00281905 0.018433
0 -0.00456606 0.0217298 0 -0.00653645 0.0240873 0 -0.00866275 0.0257279 0
-0.0108969 0.02683 0 -0.0132046 0.0275317 0 -0.0155616 0.0279374 0 -0.0179514
0.0281236 0 -0.0203626 0.0281441 0 -0.0227871 0.0280349 0 -0.0252191 0.0278187
0 -0.0276538 0.0275072 0 -0.0300869 0.0271049 0 -0.0325138 0.0266101 0
-0.0349296 0.0260173 0 -0.0373283 0.0253177 0 -0.0397024 0.0245003 0 -0.0420435
0.023553 0 -0.0443407 0.0224622 0 -0.0465815 0.021214 0 -0.0487505 0.0197947
0 -0.0508303 0.0181909 0 -0.0528002 0.0163904 0 -0.0546371 0.0143832 0
-0.056315 0.0121625 0 -0.0578061 0.00972557 0 -0.0590809 0.00707536 0 -0.0601101
0.00422168 0 -0.0608656 0.00118235 0 -0.0613224 -0.00201591 0 -0.0614597 -0.0053377
0 -0.0612618 -0.00873944 0 -0.0607187 -0.0121706 0 -0.0598249 -0.0155758 0
-0.0585786 -0.018897 0 -0.0569795 -0.0220751 0 -0.0550286 -0.0250519 0 -0.0527276
-0.0277705 0 -0.0500805 -0.030176 0 -0.0470966 -0.0322163 0 -0.0437931 -0.0338424
0 -0.0401998 -0.0350112 0 -0.0363618 -0.0356869 0 -0.0323403 -0.0358449 0
-0.0282133 -0.0354746 0 -0.024072 -0.0345825 0 -0.0200159 -0.0331932 0 -0.0161461
-0.0313499 0 -0.0125574 -0.0291111 0 -0.0093303 -0.0265469 0 -0.00652541 -0.0237329
0 -0.00417926 -0.0207451 0 -0.00230376 -0.0176552 0 -0.000888251 -0.0145304 0
9.65248e-05 -0.011436 0 0.000694084 -0.00844317 0 0.000958911 -0.00563894 0 0.000954401
-0.00313884 0 0.000755481 -0.00109793 0 0.000456042 0.000281439 0 0.000165918 0.000747898
0 0 0 0 0 0 0 -0.000429396 0.00859868 0
-0.00141236 0.0151468 0 -0.00285143 0.0200314 0 -0.00461987 0.0235999 0 -0.0066157
0.0261494 0 -0.00877113 0.0279242 0 -0.0110381 0.0291188 0 -0.0133823 0.0298839
0 -0.0157801 0.0303328 0 -0.0182153 0.0305485 0 -0.0206772 0.030589 0
-0.0231584 0.0304934 0 -0.0256541 0.0302857 0 -0.0281604 0.0299787 0 -0.0306737
0.0295768 0 -0.0331908 0.0290783 0 -0.0357075 0.0284765 0 -0.0382188 0.0277618
0 -0.0407184 0.0269217 0 -0.0431981 0.0259422 0 -0.0456483 0.0248077 0
-0.0480564 0.0235021 0 -0.0504075 0.0220087 0 -0.0526836 0.0203114 0 -0.0548635
0.018395 0 -0.0569233 0.0162466 0 -0.0588357 0.013857 0 -0.0605717 0.0112217
0 -0.0621014 0.008343 0 -0.0633955 0.00523176 0 -0.0644273 0.00190839 0
-0.0651745 -0.00159625 0 -0.0656205 -0.00524158 0 -0.0657538 -0.00897864 0 -0.0655674
-0.0127524 0 -0.0650559 -0.0165046 0 -0.0642119 -0.0201766 0 -0.0630235 -0.0237105
0 -0.0614728 -0.0270494 0 -0.0595368 -0.0301371 0 -0.0571907 -0.0329161 0
-0.0544138 -0.0353273 0 -0.0511965 -0.0373102 0 -0.0475472 -0.0388048 0 -0.0434984
-0.0397555 0 -0.0391098 -0.0401166 0 -0.0344693 -0.0398578 0 -0.0296898 -0.0389703
0 -0.0249027 -0.0374703 0 -0.0202483 -0.0354013 0 -0.0158643 -0.032832 0
-0.0118733 -0.029851 0 -0.00837272 -0.0265596 0 -0.00542678 -0.023062 0 -0.00306386
-0.0194585 0 -0.00127815 -0.0158412 0 -3.49413e-05 -0.0122955 0 0.000722445 -0.00890697
0 0.00106623 -0.00577436 0 0.00108019 -0.00302377 0 0.000859756 -0.000823235 0
0.000519161 0.000607283 0 0.000188434 0.000992542 0 0 0 0 0
0 0 -0.000432986 0.00930594 0 -0.00142471 0.0163791 0 -0.00287744 0.0216472
0 -0.00466382 0.0254916 0 -0.00668144 0.0282371 0 -0.00886238 0.0301496 0
-0.0111586 0.0314406 0 -0.0135363 0.0322732 0 -0.0159719 0.03277 0 -0.0184502
0.0330204 0 -0.0209609 0.033087 0 -0.0234977 0.0330117 0 -0.0260566 0.0328204
0 -0.0286347 0.0325267 0 -0.0312299 0.0321352 0 -0.0338398 0.0316438 0
-0.0364616 0.0310452 0 -0.0390914 0.0303285 0 -0.0417242 0.0294799 0 -0.0443531
0.0284832 0 -0.0469692 0.0273208 0 -0.0495609 0.0259737 0 -0.0521138 0.0244225
0 -0.0546103 0.0226477 0 -0.0570294 0.0206311 0 -0.0593469 0.0183567 0
-0.0615361 0.0158127 0 -0.0635687 0.0129935 0 -0.0654169 0.00990175 0 -0.0670552
0.00655078 0 -0.0684631 0.00296534 0 -0.0696267 -0.000818041 0 -0.0705389 -0.0047529
0 -0.071197 -0.00878585 0 -0.0715991 -0.0128606 0 -0.0717379 -0.016922 0
-0.0715952 -0.0209183 0 -0.0711368 -0.0248013 0 -0.0703119 -0.028524 0 -0.0690558
-0.0320364 0 -0.0672979 -0.0352815 0 -0.0649714 -0.0381921 0 -0.0620255 -0.0406906
0 -0.0584362 -0.0426916 0 -0.0542159 -0.044108 0 -0.0494193 -0.0448597 0
-0.0441447 -0.0448829 0 -0.0385313 -0.0441402 0 -0.0327514 -0.0426288 0 -0.026998
-0.0403851 0 -0.0214688 -0.037485 0 -0.0163484 -0.0340388 0 -0.0117909 -0.0301808
0 -0.00790656 -0.0260557 0 -0.00475447 -0.0218058 0 -0.00234246 -0.0175612 0
-0.000633671 -0.0134385 0 0.000443327 -0.00954604 0 0.000983597 -0.00599847 0 0.00109811
-0.00293421 0 0.000910102 -0.000533998 0 0.000560837 0.000965257 0 0.000205862 0.00126462
0 0 0 0 0 0 0 -0.000435449 0.0100186 0
-0.00143361 0.0176215 0 -0.00289686 0.0232772 0 -0.00469761 0.0274014 0 -0.00673331
0.0303466 0 -0.00893607 0.0324007 0 -0.0112581 0.0337921 0 -0.0136657 0.0346966
0 -0.0161362 0.0352462 0 -0.0186547 0.035537 0 -0.021212 0.0356363 0
-0.0238026 0.0355889 0 -0.0264236 0.0354225 0 -0.0290734 0.0351519 0 -0.031751
0.0347818 0 -0.0344555 0.0343098 0 -0.0371857 0.0337281 0 -0.0399391 0.0330245
0 -0.0427123 0.0321836 0 -0.0454998 0.0311873 0 -0.0482943 0.0300157 0
-0.0510856 0.0286471 0 -0.0538605 0.0270586 0 -0.0566027 0.0252277 0 -0.0592925
0.0231326 0 -0.0619073 0.0207548 0 -0.0644229 0.0180807 0 -0.0668151 0.0151049
0 -0.0690628 0.0118326 0 -0.0711504 0.00828195 0 -0.0730705 0.00448482 0
-0.0748253 0.000485283 0 -0.0764243 -0.00366418 0 -0.0778778 -0.00790911 0 -0.0791894
-0.0121996 0 -0.0803451 -0.0164938 0 -0.0813041 -0.0207598 0 -0.0819938 -0.0249722
0 -0.0823111 -0.0291048 0 -0.0821294 -0.0331216 0 -0.0813123 -0.0369677 0
-0.0797305 -0.0405643 0 -0.0772786 -0.0438085 0 -0.0738906 -0.0465771 0 -0.0695525
-0.0487365 0 -0.0643096 -0.0501548 0 -0.05827 -0.0507169 0 -0.0516015 -0.0503396
0 -0.0445241 -0.0489851 0 -0.0372952 -0.0466707 0 -0.0301902 -0.0434731 0
-0.0234779 -0.0395244 0 -0.0173944 -0.0349996 0 -0.0121212 -0.0300986 0 -0.00776965
-0.0250239 0 -0.00437651 -0.0199639 0 -0.0019104 -0.0150833 0 -0.000285557 -0.0105264
0 0.000621282 -0.00643145 0 0.000956226 -0.00295248 0 0.000879931 -0.000282868 0
0.000570256 0.0013252 0 0.000215577 0.00155093 0 0 0 0 0
0 0 -0.000436698 0.0107348 0 -0.00143882 0.018871 0 -0.00290926 0.0249179
0 -0.00472063 0.0293255 0 -0.00677047 0.0324741 0 -0.00899112 0.0346737 0
-0.011335 0.0361696 0 -0.013769 0.0371508 0 -0.0162708 0.0377585 0 -0.0188263
0.0380957 0 -0.0214272 0.0382346 0 -0.0240692 0.0382231 0 -0.0267503 0.0380909
0 -0.0294704 0.0378539 0 -0.0322301 0.0375172 0 -0.03503 0.0370784 0
-0.0378704 0.0365287 0 -0.0407511 0.0358551 0 -0.0436703 0.0350405 0 -0.0466247
0.0340652 0 -0.0496091 0.0329066 0 -0.0526152 0.0315402 0 -0.0556323 0.0299401
0 -0.0586464 0.0280805 0 -0.0616409 0.0259368 0 -0.0645972 0.0234886 0
-0.0674974 0.0207226 0 -0.0703264 0.0176362 0 -0.0730762 0.0142407 0 -0.0757497
0.0105633 0 -0.0783621 0.00664638 0 -0.0809405 0.00254278 0 -0.0835176 -0.00169142
0 -0.0861203 -0.00600776 0 -0.0887528 -0.0103761 0 -0.0913821 -0.014785 0
-0.0939274 -0.0192411 0 -0.0962555 -0.0237593 0 -0.0981877 -0.0283463 0 -0.0995144
-0.0329859 0 -0.100017 -0.0376244 0 -0.0994906 -0.0421643 0 -0.0977685 -0.0464651
0 -0.0947366 -0.0503505 0 -0.09035 -0.0536226 0 -0.0846414 -0.056079 0
-0.077724 -0.0575332 0 -0.0697917 -0.0578356 0 -0.0611115 -0.0568933 0 -0.0520108
-0.0546861 0 -0.0428551 -0.0512783 0 -0.0340185 -0.0468185 0 -0.0258482 -0.0415275
0 -0.018629 -0.0356752 0 -0.0125558 -0.0295484 0 -0.00771903 -0.0234205 0
-0.00410813 -0.0175307 0 -0.00162807 -0.0120796 0 -0.000123794 -0.00724255 0 0.000595606
-0.00319538 0 0.000740223 -0.000144894 0 0.000536222 0.00164407 0 0.00021513 0.00183265
0 0 0 0 0 0 0 -0.000436623 0.0114526 0
-0.00144001 0.0201246 0 -0.00291408 0.0265657 0 -0.004732 0.03126 0 -0.00679174
0.0346155 0 -0.00902597 0.0369645 0 -0.0113875 0.0385693 0 -0.0138436 0.0396318
0 -0.0163726 0.0403031 0 -0.0189613 0.0406931 0 -0.0216022 0.0408788 0
-0.024292 0.0409116 0 -0.0270303 0.0408235 0 -0.0298181 0.0406313 0 -0.032658
0.040341 0 -0.0355522 0.0399499 0 -0.0385033 0.039449 0 -0.041513 0.0388241
0 -0.0445821 0.0380571 0 -0.0477099 0.037126 0 -0.0508938 0.0360062 0
-0.0541288 0.0346704 0 -0.0574075 0.0330902 0 -0.0607201 0.0312369 0 -0.0640555
0.0290845 0 -0.0674028 0.0266129 0 -0.0707551 0.0238121 0 -0.0741137 0.0206869
0 -0.0774926 0.0172601 0 -0.0809235 0.0135736 0 -0.0844553 0.00968357 0
-0.0881486 0.00565086 0 -0.0920627 0.00152703 0 -0.0962379 -0.00266022 0 -0.100668
-0.00691742 0 -0.105281 -0.0112879 0 -0.109931 -0.0158449 0 -0.114397 -0.0206606
0 -0.118404 -0.0257835 0 -0.121645 -0.0312195 0 -0.12381 -0.036908 0
-0.124619 -0.0427206 0 -0.123845 -0.048464 0 -0.121326 -0.0538929 0 -0.116987
-0.0587283 0 -0.110841 -0.0626799 0 -0.103 -0.0654713 0 -0.0936691 -0.0668654
0 -0.0831518 -0.0666905 0 -0.0718367 -0.0648644 0 -0.0601808 -0.061416 0
-0.0486768 -0.0564946 0 -0.0378103 -0.0503635 0 -0.0280079 -0.0433744 0 -0.0195899
-0.0359243 0 -0.0127393 -0.0284068 0 -0.00749406 -0.0211727 0 -0.00376383 -0.014511
0 -0.00136238 -0.00865673 0 -4.49327e-05 -0.00381871 0 0.000462158 -0.000219963 0
0.000448584 0.00186511 0 0.000202754 0.00208551 0 0 0 0 0
0 0 -0.000435102 0.01217 0 -0.00143683 0.021379 0 -0.00291063 0.0282166
0 -0.00473072 0.0332005 0 -0.00679573 0.0367665 0 -0.0090388 0.0392686 0
-0.0114132 0.0409865 0 -0.0138866 0.0421353 0 -0.0164381 0.0428757 0 -0.0190551
0.0433249 0 -0.0217313 0.0435649 0 -0.0244644 0.0436508 0 -0.0272554 0.0436168
0 -0.0301071 0.0434813 0 -0.0330236 0.0432509 0 -0.0360093 0.0429233 0
-0.0390692 0.0424891 0 -0.0422075 0.0419335 0 -0.0454279 0.0412371 0 -0.048733
0.0403767 0 -0.0521238 0.0393253 0 -0.0555994 0.0380538 0 -0.0591575 0.0365316
0 -0.0627948 0.0347289 0 -0.0665088 0.0326204 0 -0.0703011 0.0301899 0
-0.0741825 0.0274359 0 -0.078179 0.0243772 0 -0.0823378 0.0210555 0 -0.0867307
0.0175328 0 -0.09145 0.0138813 0 -0.0965957 0.0101642 0 -0.102251 0.0064138
0 -0.108453 0.00261196 0 -0.115163 -0.00131467 0 -0.122248 -0.00549454 0
-0.129468 -0.0100832 0 -0.136487 -0.0152239 0 -0.142924 -0.0210202 0 -0.148371
-0.0274894 0 -0.152438 -0.0345469 0 -0.154783 -0.042016 0 -0.155129 -0.0496359
0 -0.153281 -0.0570797 0 -0.149129 -0.063976 0 -0.142662 -0.0699354 0
-0.133974 -0.074578 0 -0.123262 -0.0775625 0 -0.110837 -0.0786145 0 -0.0971211
-0.0775596 0 -0.0826432 -0.0743568 0 -0.0680115 -0.0691241 0 -0.0538674 -0.0621475
0 -0.0408177 -0.053861 0 -0.0293615 -0.0447942 0 -0.0198302 -0.0355025 0
-0.0123576 -0.0264986 0 -0.00688757 -0.018208 0 -0.00321275 -0.010961 0 -0.00102837
-0.00502101 0 1.82755e-05 -0.000634127 0 0.000299127 0.0019182 0 0.000177676 0.00228063
0 0 0 0 0 0 0 -0.000432013 0.0128847 0
-0.00142891 0.0226306 0 -0.00289824 0.0298661 0 -0.0047157 0.0351424 0 -0.00678091
0.038922 0 -0.00902759 0.0415811 0 -0.0114095 0.0434164 0 -0.0138948 0.0446561
0 -0.0164632 0.0454711 0 -0.0191029 0.0459858 0 -0.0218085 0.0462876 0
-0.0245791 0.0464353 0 -0.027417 0.0464658 0 -0.0303267 0.046399 0 -0.0333143
0.0462428 0 -0.0363865 0.045995 0 -0.0395508 0.0456466 0 -0.0428144 0.0451824
0 -0.0461846 0.0445821 0 -0.0496677 0.0438214 0 -0.0532694 0.0428722 0
-0.0569943 0.041704 0 -0.060847 0.0402856 0 -0.0648334 0.0385884 0 -0.0689637
0.0365916 0 -0.0732579 0.0342881 0 -0.0777522 0.0316924 0 -0.0825073 0.0288459
0 -0.0876144 0.0258172 0 -0.0931953 0.0226933 0 -0.0993913 0.0195591 0
-0.106339 0.0164673 0 -0.114133 0.0134064 0 -0.122783 0.0102792 0 -0.132185
0.00690259 0 -0.142102 0.00303213 0 -0.152178 -0.00158154 0 -0.161972 -0.00715765
0 -0.170995 -0.0138343 0 -0.178751 -0.0216222 0 -0.184796 -0.0304004 0
-0.188759 -0.0399232 0 -0.19034 -0.0498513 0 -0.189317 -0.0597718 0 -0.185552
-0.0692193 0 -0.179 -0.0777033 0 -0.169717 -0.0847372 0 -0.157863 -0.0898677
0 -0.143716 -0.0927002 0 -0.127684 -0.0929343 0 -0.110319 -0.0904147 0
-0.0923117 -0.0851759 0 -0.0744528 -0.0774805 0 -0.0575561 -0.0678218 0 -0.0423568
-0.0568699 0 -0.0294099 -0.0453827 0 -0.0190193 -0.034098 0 -0.0112188 -0.0236463
0 -0.00580777 -0.0145117 0 -0.00242378 -0.00704852 0 -0.000620008 -0.00154195 0
8.04545e-05 0.00171948 0 0.000139906 0.00238532 0 0 0 0 0
0 0 -0.000427239 0.0135942 0 -0.00141591 0.0238755 0 -0.00287622 0.0315098
0 -0.00468588 0.0370804 0 -0.00674576 0.0410767 0 -0.00899029 0.0438963 0
-0.0113737 0.045853 0 -0.0138647 0.0471883 0 -0.0164436 0.0480832 0 -0.0190994
0.0486697 0 -0.0218275 0.0490406 0 -0.0246283 0.0492587 0 -0.0275055 0.0493639
0 -0.0304655 0.049378 0 -0.0335164 0.0493101 0 -0.0366674 0.0491592 0
-0.0399288 0.0489165 0 -0.0433114 0.0485667 0 -0.0468261 0.0480898 0 -0.050484
0.0474607 0 -0.0542962 0.0466512 0 -0.0582746 0.0456309 0 -0.0624328 0.0443703
0 -0.066789 0.0428457 0 -0.0713711 0.0410456 0 -0.0762234 0.0389797 0
-0.0814161 0.0366877 0 -0.087054 0.0342432 0 -0.0932811 0.031749 0 -0.100274
0.0293174 0 -0.10822 0.0270353 0 -0.117279 0.0249197 0 -0.127527 0.022879
0 -0.138915 0.0206954 0 -0.151236 0.0180408 0 -0.164119 0.0145334 0
-0.177081 0.0098108 0 -0.189576 0.00359637 0 -0.201045 -0.0042353 0 -0.210962
-0.0136571 0 -0.218865 -0.0244942 0 -0.224389 -0.0364228 0 -0.227243 -0.0490222
0 -0.227192 -0.0618021 0 -0.224072 -0.0742138 0 -0.217795 -0.0856764 0
-0.208359 -0.0956066 0 -0.19586 -0.103445 0 -0.180501 -0.108671 0 -0.162608
-0.110832 0 -0.142681 -0.109608 0 -0.121419 -0.104878 0 -0.0997113 -0.0968032
0 -0.0785744 -0.0858743 0 -0.0590216 -0.0728761 0 -0.041919 -0.0587934 0
-0.027846 -0.0446584 0 -0.0170211 -0.0314002 0 -0.00931181 -0.0197456 0 -0.0043182
-0.010204 0 -0.00148913 -0.00313089 0 -0.000216906 0.00117062 0 8.94897e-05 0.00236354
0 0 0 0 0 0 0 -0.000420681 0.014296 0
-0.00139751 0.0251095 0 -0.00284398 0.0331425 0 -0.00464029 0.0390092 0 -0.00668889
0.0432248 0 -0.00892501 0.0462082 0 -0.0113034 0.0482901 0 -0.0137932 0.0497253
0 -0.0163753 0.0507051 0 -0.0190393 0.0513691 0 -0.0217817 0.051816 0
-0.0246039 0.0521129 0 -0.0275112 0.0523025 0 -0.0305117 0.0524093 0 -0.0336157
0.052444 0 -0.036835 0.0524069 0 -0.0401831 0.0522899 0 -0.0436742 0.0520788
0 -0.0473238 0.0517538 0 -0.0511483 0.0512906 0 -0.0551655 0.0506619 0
-0.0593957 0.0498397 0 -0.0638641 0.0487994 0 -0.0686047 0.0475266 0 -0.0736675
0.0460264 0 -0.0791277 0.0443344 0 -0.0850967 0.0425255 0 -0.0917304 0.0407147
0 -0.0992292 0.0390427 0 -0.107821 0.0376395 0 -0.117724 0.0365713 0
-0.129091 0.0357822 0 -0.141944 0.0350526 0 -0.156131 0.0339996 0 -0.171308
0.0321254 0 -0.186968 0.0289064 0 -0.202507 0.0238896 0 -0.217295 0.0167822
0 -0.230751 0.00749486 0 -0.242389 -0.00386725 0 -0.251798 -0.0170378 0
-0.258656 -0.0316152 0 -0.262715 -0.0471137 0 -0.26375 -0.0629913 0 -0.261577
-0.0786399 0 -0.256051 -0.0934109 0 -0.247082 -0.106639 0 -0.234665 -0.117672
0 -0.218917 -0.125886 0 -0.200029 -0.130677 0 -0.178349 -0.131519 0
-0.154471 -0.128052 0 -0.129273 -0.120225 0 -0.103905 -0.108418 0 -0.0796562
-0.0934425 0 -0.0577766 -0.076492 0 -0.0392489 -0.058947 0 -0.0246211 -0.0421476
0 -0.0139425 -0.0271949 0 -0.00683404 -0.014861 0 -0.00264464 -0.00563189 0
-0.000610603 0.000152099 0 2.42721e-05 0.00217242 0 0 0 0 0
0 0 -0.00041227 0.0149873 0 -0.00137349 0.0263283 0 -0.00280106 0.0347589
0 -0.00457818 0.0409226 0 -0.00660916 0.0453598 0 -0.00883012 0.0485099 0
-0.0111963 0.0507205 0 -0.0136774 0.0522596 0 -0.0162545 0.0533287 0 -0.0189179
0.0540755 0 -0.021665 0.0546046 0 -0.0244984 0.0549878 0 -0.0274246 0.0552711
0 -0.0304536 0.0554818 0 -0.0335979 0.0556327 0 -0.036872 0.0557258 0
-0.0402924 0.0557547 0 -0.0438776 0.0557065 0 -0.0476476 0.0555629 0 -0.0516248
0.0553013 0 -0.0558347 0.0548975 0 -0.0603076 0.0543284 0 -0.0650823 0.0535785
0 -0.0702119 0.0526487 0 -0.0757727 0.0515689 0 -0.0818757 0.0504102 0
-0.088678 0.0492928 0 -0.0963887 0.0483791 0 -0.10526 0.0478438 0 -0.115555
0.0478163 0 -0.127497 0.0483067 0 -0.14119 0.0491364 0 -0.156559 0.049908
0 -0.17331 0.0500361 0 -0.190942 0.0488422 0 -0.208814 0.0456834 0
-0.226235 0.0400735 0 -0.242555 0.0317606 0 -0.25723 0.0207378 0 -0.26985
0.0072181 0 -0.280125 -0.00842317 0 -0.287867 -0.0257135 0 -0.292916 -0.0441545
0 -0.295081 -0.0632029 0 -0.294179 -0.0822217 0 -0.290004 -0.100514 0
-0.282304 -0.117319 0 -0.270867 -0.131852 0 -0.255747 -0.143449 0 -0.237051
-0.151467 0 -0.214902 -0.155193 0 -0.189642 -0.153946 0 -0.161956 -0.147322
0 -0.132985 -0.135422 0 -0.104201 -0.118924 0 -0.0772479 -0.0991225 0
-0.0536263 -0.0777477 0 -0.0343985 -0.0566564 0 -0.0199831 -0.0374991 0 -0.0101448
-0.0214825 0 -0.0041732 -0.00933695 0 -0.00113379 -0.00148976 0 -6.40283e-05 0.00175598
0 0 0 0 0 0 0 -0.000401968 0.0156652 0
-0.00134371 0.0275273 0 -0.00274716 0.0363533 0 -0.00449902 0.0428145 0 -0.00650574
0.0474751 0 -0.00870441 0.0507944 0 -0.0110508 0.0531366 0 -0.0135147 0.0547828
0 -0.0160779 0.0559451 0 -0.0187309 0.0567791 0 -0.021472 0.0573959 0
-0.0243046 0.0578719 0 -0.0272368 0.0582572 0 -0.0302801 0.0585819 0 -0.0334492
0.0588617 0 -0.0367612 0.0591005 0 -0.040236 0.0592945 0 -0.0438959 0.0594329
0 -0.0477662 0.0594999 0 -0.0518757 0.0594765 0 -0.0562583 0.0593434 0
-0.0609554 0.0590861 0 -0.0660213 0.0587027 0 -0.0715303 0.0582165 0 -0.0775881
0.0576906 0 -0.0843434 0.0572412 0 -0.0919992 0.0570409 0 -0.100812 0.0572993
0 -0.111071 0.0582114 0 -0.123051 0.0598753 0 -0.136938 0.062197 0
-0.152747 0.0648213 0 -0.170262 0.0671275 0 -0.189022 0.0683094 0 -0.208372
0.0675234 0 -0.227561 0.064056 0 -0.245854 0.0574524 0 -0.262632 0.0475693
0 -0.27744 0.0345492 0 -0.289985 0.0187465 0 -0.300106 0.00064095 0
-0.307769 -0.0192381 0 -0.312988 -0.0403761 0 -0.315756 -0.0622457 0 -0.31604
-0.0842695 0 -0.313688 -0.105847 0 -0.308367 -0.126283 0 -0.29959 -0.144715
0 -0.286885 -0.160217 0 -0.269953 -0.17192 0 -0.248939 -0.179176 0
-0.224039 -0.181157 0 -0.195543 -0.176959 0 -0.164357 -0.166193 0 -0.131934
-0.149146 0 -0.100203 -0.127002 0 -0.0712136 -0.101722 0 -0.0467187 -0.0757223
0 -0.0277638 -0.0513954 0 -0.0144776 -0.0306355 0 -0.00620067 -0.0146162 0
-0.00183999 -0.00395265 0 -0.000188512 0.00104161 0 0 0 0 0
0 0 -0.000389785 0.0163269 0 -0.00130819 0.0287018 0 -0.00268225 0.0379201
0 -0.00440267 0.0446785 0 -0.00637829 0.0495636 0 -0.00854723 0.0530541 0
-0.0108657 0.0555301 0 -0.0133037 0.057286 0 -0.0158431 0.0585444 0 -0.0184751
0.0594691 0 -0.0211981 0.0601778 0 -0.0240167 0.060752 0 -0.02694 0.061246
0 -0.0299811 0.0616935 0 -0.0331567 0.0621131 0 -0.0364865 0.0625118 0
-0.0399935 0.0628885 0 -0.0437041 0.0632357 0 -0.0476488 0.0635414 0 -0.0518629
0.063792 0 -0.0563891 0.0639759 0 -0.0612809 0.0640903 0 -0.0666087 0.0641527
0 -0.0724691 0.0642154 0 -0.0789971 0.0643829 0 -0.086378 0.0648236 0
-0.0948542 0.0657645 0 -0.104716 0.0674537 0 -0.116267 0.0700822 0 -0.129757
0.0736738 0 -0.145296 0.0779769 0 -0.162771 0.0824089 0 -0.1818 0.0860965
0 -0.201755 0.0880184 0 -0.22185 0.0872093 0 -0.24127 0.0829538 0
-0.2593 0.0749018 0 -0.275406 0.063081 0 -0.289266 0.0478231 0 -0.300747
0.0296484 0 -0.309853 0.0091474 0 -0.316671 -0.0130988 0 -0.321377 -0.0364829
0 -0.324169 -0.0604538 0 -0.32513 -0.0845848 0 -0.324205 -0.108483 0
-0.321207 -0.131723 0 -0.315724 -0.153732 0 -0.306973 -0.17353 0 -0.294085
-0.189858 0 -0.276482 -0.201602 0 -0.254005 -0.207737 0 -0.226859 -0.20726
0 -0.195547 -0.199207 0 -0.161219 -0.183157 0 -0.125828 -0.159843 0
-0.091846 -0.131179 0 -0.0617874 -0.100028 0 -0.0375941 -0.0696627 0 -0.0200878
-0.0429854 0 -0.00888164 -0.0219317 0 -0.00279868 -0.00749526 0 -0.000368551 -7.30698e-05
0 0 0 0 0 0 0 -0.000375783 0.0169695 0
-0.00126707 0.0298473 0 -0.00260657 0.0394535 0 -0.00428939 0.046508 0 -0.00622702
0.0516181 0 -0.00835863 0.0552809 0 -0.0106408 0.0578923 0 -0.0130436 0.0597596
0 -0.0155489 0.0611159 0 -0.0181482 0.0621336 0 -0.0208402 0.062937 0
-0.02363 0.0636132 0 -0.0265279 0.064221 0 -0.0295483 0.064798 0 -0.0327095
0.0653663 0 -0.0360337 0.0659365 0 -0.0395468 0.0665113 0 -0.0432791 0.0670871
0 -0.0472659 0.0676574 0 -0.0515492 0.0682155 0 -0.0561803 0.0687602 0
-0.0612245 0.0693048 0 -0.0667683 0.0698908 0 -0.0729293 0.0706058 0 -0.079869
0.0716017 0 -0.0878027 0.073102 0 -0.0970003 0.0753835 0 -0.107766 0.078715
0 -0.120387 0.0832489 0 -0.135055 0.0888863 0 -0.151772 0.0951663 0
-0.170271 0.101242 0 -0.19001 0.105984 0 -0.210223 0.108188 0 -0.230049
0.106836 0 -0.248683 0.101291 0 -0.265498 0.0913805 0 -0.280109 0.0773533
0 -0.292367 0.0597503 0 -0.30232 0.0392569 0 -0.310143 0.0165775 0
-0.316056 -0.00764723 0 -0.320287 -0.0328065 0 -0.323049 -0.058408 0 -0.324436
-0.0841219 0 -0.324437 -0.109649 0 -0.322971 -0.134704 0 -0.319807 -0.158962
0 -0.314427 -0.181894 0 -0.306039 -0.202607 0 -0.293462 -0.219627 0
-0.275699 -0.2312 0 -0.252306 -0.235829 0 -0.22333 -0.232174 0 -0.189507
-0.219113 0 -0.152442 -0.196506 0 -0.114711 -0.165787 0 -0.0794471 -0.129919
0 -0.0496444 -0.0929976 0 -0.027205 -0.0592517 0 -0.0123798 -0.0318356 0
-0.00409002 -0.0124532 0 -0.000628054 -0.00173442 0 0 0 0 0
0 0 -0.000360083 0.0175904 0 -0.0012207 0.0309593 0 -0.00252068 0.0409479
0 -0.00415995 0.0482964 0 -0.00605281 0.0536313 0 -0.00813949 0.057467 0
-0.0103768 0.0602143 0 -0.0127348 0.0621936 0 -0.0151953 0.0636484 0 -0.0177495
0.0647598 0 -0.0203966 0.0656592 0 -0.0231418 0.0664392 0 -0.0259963 0.0671637
0 -0.0289754 0.0678745 0 -0.0320989 0.0685978 0 -0.0353911 0.0693484 0
-0.0388805 0.0701331 0 -0.0426006 0.0709538 0 -0.0465912 0.0718105 0 -0.0509005
0.0727054 0 -0.0555876 0.0736504 0 -0.0607285 0.074678 0 -0.0664239 0.0758582
0 -0.0728092 0.0773185 0 -0.0800661 0.0792608 0 -0.0884292 0.0819613 0
-0.0981787 0.0857347 0 -0.109608 0.0908447 0 -0.122962 0.0973655 0 -0.138347
0.10503 0 -0.155636 0.113128 0 -0.174421 0.120536 0 -0.194027 0.125891
0 -0.21361 0.127868 0 -0.232305 0.125473 0 -0.249388 0.118228 0
-0.264373 0.106195 0 -0.277037 0.0898666 0 -0.287391 0.0699874 0 -0.295609
0.0473843 0 -0.301964 0.0228452 0 -0.306745 -0.00294903 0 -0.310224 -0.0294682
0 -0.312629 -0.0563261 0 -0.314133 -0.0832417 0 -0.314829 -0.11 0
-0.314686 -0.136411 0 -0.313507 -0.162237 0 -0.310881 -0.187196 0 -0.306201
-0.21081 0 -0.298509 -0.23201 0 -0.286459 -0.249145 0 -0.268702 -0.260034
0 -0.244456 -0.262435 0 -0.213755 -0.254465 0 -0.177606 -0.234953 0
-0.138233 -0.204349 0 -0.0989859 -0.165127 0 -0.0637985 -0.121816 0 -0.0359557
-0.0801116 0 -0.0168377 -0.044937 0 -0.00579481 -0.0192269 0 -0.000990076 -0.0041269
0 0 0 0 0 0 0 -0.000342871 0.0181869 0
-0.00116961 0.0320335 0 -0.00242552 0.0423979 0 -0.00401566 0.0500376 0 -0.00585727
0.0555962 0 -0.00789162 0.0596041 0 -0.0100756 0.0624871 0 -0.0123792 0.0645777
0 -0.0147838 0.0661302 0 -0.0172803 0.0673344 0 -0.0198677 0.0683289 0
-0.0225517 0.0692125 0 -0.0253434 0.070054 0 -0.0282591 0.0709002 0 -0.0313196
0.0717815 0 -0.0345506 0.0727174 0 -0.0379828 0.07372 0 -0.0416524 0.0747972
0 -0.045603 0.0759566 0 -0.0498875 0.0772113 0 -0.0545717 0.0785882 0
-0.0597402 0.0801419 0 -0.0655043 0.0819737 0 -0.0720117 0.0842528 0 -0.0794552
0.0872295 0 -0.0880746 0.0912252 0 -0.0981415 0.0965742 0 -0.109917 0.103506
0 -0.12358 0.111979 0 -0.139138 0.12152 0 -0.156347 0.131157 0
-0.174684 0.1395 0 -0.193396 0.144998 0 -0.211627 0.146279 0 -0.228574
0.142449 0 -0.243631 0.133241 0 -0.25646 0.118974 0 -0.266977 0.100373
0 -0.275297 0.0783603 0 -0.281668 0.0538704 0 -0.286401 0.0277413 0
-0.289809 0.0006634 0 -0.292199 -0.0268554 0 -0.293849 -0.0544643 0 -0.294997
-0.0819445 0 -0.29584 -0.109198 0 -0.296481 -0.136206 0 -0.29688 -0.162966
0 -0.296773 -0.189376 0 -0.295588 -0.215099 0 -0.292372 -0.239384 0
-0.285834 -0.261078 0 -0.27441 -0.278105 0 -0.256507 -0.287537 0 -0.231179
-0.286469 0 -0.198595 -0.272518 0 -0.160225 -0.244784 0 -0.119066 -0.204555
0 -0.0795229 -0.156013 0 -0.0462759 -0.10605 0 -0.0223332 -0.0618346 0
-0.00797728 -0.0282593 0 -0.00147585 -0.00746625 0 0 0 0 0
0 0 -0.000324408 0.018757 0 -0.00111454 0.0330665 0 -0.00232245 0.0437989
0 -0.00385848 0.0517258 0 -0.00564288 0.057506 0 -0.0076179 0.0616846 0
-0.00974046 0.0647014 0 -0.0119801 0.0669013 0 -0.0143176 0.0685491 0 -0.0167434
0.0698434 0 -0.0192562 0.0709302 0 -0.0218614 0.0719146 0 -0.0245702 0.0728708
0 -0.0273991 0.0738504 0 -0.0303696 0.0748891 0 -0.0335083 0.0760112 0
-0.0368471 0.0772344 0 -0.0404243 0.0785737 0 -0.0442859 0.0800454 0 -0.0484883
0.0816743 0 -0.0531018 0.0835041 0 -0.0582166 0.085613 0 -0.0639496 0.0881343
0 -0.0704533 0.0912773 0 -0.0779208 0.095336 0 -0.0865822 0.100664 0
-0.0966823 0.107594 0 -0.108432 0.116294 0 -0.121936 0.126576 0 -0.137108
0.137748 0 -0.15361 0.148574 0 -0.170854 0.157436 0 -0.188071 0.162656
0 -0.204449 0.162878 0 -0.219292 0.157363 0 -0.232129 0.146076 0
-0.242751 0.129583 0 -0.251183 0.108819 0 -0.257616 0.0848508 0 -0.262341
0.0586956 0 -0.265684 0.0312236 0 -0.267962 0.0031195 0 -0.269452 -0.025124
0 -0.270402 -0.0531807 0 -0.271049 -0.0808636 0 -0.271627 -0.108116 0
-0.272346 -0.135004 0 -0.273353 -0.161694 0 -0.274639 -0.188386 0 -0.275897
-0.21515 0 -0.276386 -0.241687 0 -0.274855 -0.267042 0 -0.269578 -0.289391
0 -0.25855 -0.305882 0 -0.240001 -0.312813 0 -0.213107 -0.306468 0
-0.178355 -0.284434 0 -0.137873 -0.246264 0 -0.0958188 -0.194762 0 -0.0578352
-0.137172 0 -0.0288393 -0.0830152 0 -0.0106699 -0.0400017 0 -0.00210138 -0.0119986
0 0 0 0 0 0 0 -0.000305031 0.0192987 0
-0.00105649 0.034055 0 -0.00221325 0.0451466 0 -0.00369102 0.0533559 0 -0.00541304
0.0593543 0 -0.00732237 0.0637011 0 -0.00937582 0.0668488 0 -0.0115423 0.0691544
0 -0.0138019 0.0708933 0 -0.0161442 0.0722729 0 -0.0185672 0.0734467 0
-0.0210759 0.0745263 0 -0.023681 0.0755916 0 -0.026399 0.0766995 0 -0.0292515
0.0778906 0 -0.0322651 0.0791949 0 -0.0354723 0.080636 0 -0.0389123 0.0822361
0 -0.0426324 0.0840212 0 -0.0466904 0.0860285 0 -0.0511586 0.0883188 0
-0.0561284 0.0909941 0 -0.0617172 0.094218 0 -0.0680736 0.0982361 0 -0.0753796
0.103376 0 -0.0838417 0.11001 0 -0.0936639 0.118448 0 -0.104998 0.128774
0 -0.117875 0.140642 0 -0.132135 0.153137 0 -0.147389 0.164789 0
-0.163033 0.1738 0 -0.178339 0.178421 0 -0.192591 0.177366 0 -0.205219
0.170071 0 -0.215886 0.156736 0 -0.2245 0.138153 0 -0.231171 0.115436
0 -0.236143 0.0897634 0 -0.239725 0.0622093 0 -0.242223 0.0336444 0
-0.243893 0.0047199 0 -0.244932 -0.0241078 0 -0.245499 -0.0525321 0 -0.245764
-0.0803594 0 -0.245939 -0.10751 0 -0.246291 -0.134043 0 -0.247115 -0.160185
0 -0.248654 -0.186315 0 -0.250948 -0.212856 0 -0.253641 -0.240043 0
-0.255787 -0.267566 0 -0.255737 -0.294103 0 -0.251233 -0.316978 0 -0.239853
-0.332117 0 -0.219876 -0.334641 0 -0.190757 -0.320646 0 -0.1535 -0.287756
0 -0.11132 -0.236472 0 -0.0699999 -0.173033 0 -0.0361932 -0.108741 0
-0.0138625 -0.0548582 0 -0.00287422 -0.0179728 0 0 0 0 0
0 0 -0.00028516 0.019811 0 -0.000996701 0.0349969 0 -0.00210021 0.0464379
0 -0.00351665 0.0549236 0 -0.00517211 0.0611361 0 -0.00701033 0.0656469 0
-0.00898778 0.068921 0 -0.0110726 0.0713271 0 -0.0132437 0.0731509 0 -0.01549
0.0746087 0 -0.0178083 0.0758619 0 -0.0202029 0.0770284 0 -0.0226837 0.0781941
0 -0.0252665 0.0794211 0 -0.0279723 0.0807553 0 -0.0308274 0.0822323 0
-0.033864 0.0838822 0 -0.0371207 0.0857347 0 -0.0406445 0.0878249 0 -0.0444928
0.0902029 0 -0.0487365 0.0929462 0 -0.0534644 0.0961784 0 -0.0587877 0.100091
0 -0.0648433 0.104957 0 -0.0717914 0.111128 0 -0.0798037 0.118978 0
-0.0890348 0.128781 0 -0.0995758 0.140522 0 -0.111396 0.153698 0 -0.124294
0.167194 0 -0.137871 0.179346 0 -0.151559 0.188221 0 -0.164718 0.192054
0 -0.176758 0.189656 0 -0.187247 0.180649 0 -0.195974 0.165447 0
-0.202942 0.145039 0 -0.208322 0.120683 0 -0.212381 0.0936417 0 -0.21541
0.0650024 0 -0.217648 0.035596 0 -0.219255 0.00600905 0 -0.220312 -0.0233527
0 -0.220866 -0.0521915 0 -0.220992 -0.0802733 0 -0.220847 -0.10744 0
-0.220698 -0.133666 0 -0.220922 -0.15914 0 -0.221948 -0.184305 0 -0.224132
-0.209827 0 -0.22755 -0.236419 0 -0.231728 -0.264457 0 -0.23539 -0.293432
0 -0.236327 -0.321303 0 -0.23167 -0.344052 0 -0.2189 -0.35582 0
-0.196508 -0.351349 0 -0.16443 -0.326505 0 -0.124559 -0.278991 0 -0.0818743
-0.212559 0 -0.0440757 -0.138926 0 -0.0174978 -0.0731205 0 -0.0037943 -0.025614
0 0 0 0 0 0 0 -0.0002653 0.0202933 0
-0.000936673 0.035891 0 -0.0019861 0.0476708 0 -0.00333951 0.056426 0 -0.00492553
0.062847 0 -0.00668837 0.0675164 0 -0.00858395 0.0709108 0 -0.0105794 0.0734102
0 -0.0126525 0.0753107 0 -0.0147908 0.0768375 0 -0.0169901 0.0781597 0
-0.0192533 0.0794018 0 -0.0215894 0.0806556 0 -0.0240131 0.0819886 0 -0.0265441
0.0834522 0 -0.0292077 0.0850873 0 -0.0320345 0.0869303 0 -0.0350618 0.0890183
0 -0.0383345 0.0913957 0 -0.041907 0.0941242 0 -0.0458462 0.0972965 0
-0.0502338 0.101055 0 -0.0551692 0.105612 0 -0.0607698 0.111262 0 -0.0671661
0.118368 0 -0.0744873 0.127291 0 -0.0828353 0.138257 0 -0.0922457 0.151156
0 -0.102646 0.165341 0 -0.113824 0.179533 0 -0.125414 0.19192 0
-0.136927 0.20048 0 -0.147842 0.20347 0 -0.157713 0.19982 0 -0.166247
0.189313 0 -0.173341 0.172551 0 -0.179068 0.150684 0 -0.183626 0.125079
0 -0.187267 0.0970419 0 -0.190224 0.0676306 0 -0.192648 0.0376023 0
-0.194585 0.00745881 0 -0.196007 -0.0224478 0 -0.196858 -0.0518181 0 -0.197126
-0.0803556 0 -0.196894 -0.107788 0 -0.196386 -0.133952 0 -0.195986 -0.158908
0 -0.196214 -0.183046 0 -0.19764 -0.207136 0 -0.20071 -0.232237 0
-0.205465 -0.259384 0 -0.211188 -0.288994 0 -0.216074 -0.320043 0 -0.217138
-0.349194 0 -0.211191 -0.369751 0 -0.195751 -0.375316 0 -0.169912 -0.360471
0 -0.134317 -0.320029 0 -0.0924482 -0.254142 0 -0.0520146 -0.173042 0
-0.0214624 -0.0948992 0 -0.00485514 -0.0351065 0 0 0 0 0
0 0 -0.000246042 0.0207458 0 -0.000878191 0.0367375 0 -0.00187425 0.0488448
0 -0.00316452 0.0578615 0 -0.00467983 0.0644842 0 -0.0063645 0.069305 0
-0.00817366 0.0728118 0 -0.0100732 0.0753956 0 -0.0120397 0.0773624 0 -0.0140591
0.0789466 0 -0.0161259 0.0803247 0 -0.0182415 0.0816281 0 -0.0204135 0.0829544
0 -0.0226549 0.0843765 0 -0.0249841 0.0859509 0 -0.0274241 0.087724 0
-0.0300036 0.0897381 0 -0.0327568 0.092037 0 -0.0357252 0.0946736 0 -0.0389582
0.09772 0 -0.0425155 0.101281 0 -0.046468 0.105513 0 -0.0508985 0.110645
0 -0.0558992 0.116981 0 -0.061565 0.124882 0 -0.0679796 0.134692 0
-0.0751928 0.146582 0 -0.083194 0.160355 0 -0.0918875 0.175251 0 -0.101081
0.189872 0 -0.110483 0.202305 0 -0.119713 0.210481 0 -0.128371 0.212698
0 -0.136172 0.208005 0 -0.142962 0.196326 0 -0.148715 0.178401 0
-0.153541 0.155499 0 -0.157629 0.129056 0 -0.16118 0.100379 0 -0.164346
0.0704705 0 -0.167182 0.039997 0 -0.169636 0.00937209 0 -0.171598 -0.0211003
0 -0.172945 -0.0511099 0 -0.173596 -0.0802896 0 -0.17357 -0.108245 0
-0.173023 -0.134651 0 -0.172289 -0.159395 0 -0.171878 -0.182724 0 -0.172446
-0.205366 0 -0.174674 -0.22855 0 -0.179035 -0.253808 0 -0.185418 -0.28245
0 -0.192674 -0.314669 0 -0.198199 -0.348379 0 -0.198182 -0.377 0
-0.189352 -0.392456 0 -0.170103 -0.38833 0 -0.139922 -0.357609 0 -0.100817
-0.295915 0 -0.0594423 -0.210132 0 -0.0255796 -0.120057 0 -0.00603657 -0.0465608
0 0 0 0 0 0 0 -0.000228076 0.0211699 0
-0.00082334 0.0375378 0 -0.00176853 0.049961 0 -0.00299754 0.0592302 0 -0.00444273
0.0660464 0 -0.00604817 0.07101 0 -0.00776793 0.0746194 0 -0.00956657 0.0772763
0 -0.0114191 0.0792968 0 -0.0133098 0.0809241 0 -0.0152317 0.0823425 0
-0.0171846 0.08369 0 -0.0191744 0.0850699 0 -0.0212122 0.0865603 0 -0.0233142
0.0882227 0 -0.0255008 0.0901086 0 -0.0277977 0.0922654 0 -0.0302354 0.0947431
0 -0.0328501 0.0976017 0 -0.0356847 0.100921 0 -0.038789 0.104816 0
-0.0422203 0.109453 0 -0.0460409 0.115065 0 -0.0503145 0.12196 0 -0.0550979
0.13049 0 -0.0604283 0.140968 0 -0.0663083 0.153518 0 -0.0726909 0.167875
0 -0.0794725 0.183197 0 -0.086507 0.198021 0 -0.0936357 0.210409 0
-0.10051 0.218198 0 -0.10691 0.219786 0 -0.112767 0.214376 0 -0.117982
0.201919 0 -0.122603 0.183268 0 -0.126741 0.159763 0 -0.130542 0.132867
0 -0.134136 0.103861 0 -0.137584 0.0736781 0 -0.140854 0.0428973 0
-0.143831 0.0118591 0 -0.146356 -0.0191716 0 -0.148275 -0.0498679 0 -0.149474
-0.0797926 0 -0.149919 -0.108441 0 -0.149704 -0.135336 0 -0.149076 -0.160183
0 -0.148472 -0.183036 0 -0.148516 -0.204482 0 -0.149972 -0.225747 0
-0.15358 -0.248644 0 -0.159726 -0.275184 0 -0.167976 -0.306733 0 -0.176483
-0.34271 0 -0.181411 -0.378418 0 -0.178657 -0.403314 0 -0.165758 -0.409575
0 -0.141391 -0.390281 0 -0.106385 -0.336087 0 -0.0657991 -0.248941 0
-0.0296175 -0.14819 0 -0.00729761 -0.059991 0 0 0 0 0
0 0 -0.000212195 0.0215679 0 -0.000774531 0.0382955 0 -0.00167345 0.0510228
0 -0.00284531 0.0605346 0 -0.00422318 0.0675344 0 -0.00575035 0.0726302 0
-0.00737957 0.0763303 0 -0.00907382 0.0790469 0 -0.0108064 0.081106 0 -0.0125603
0.0827598 0 -0.0143265 0.0842001 0 -0.0161032 0.0855716 0 -0.0178944 0.086983
0 -0.0197091 0.0885176 0 -0.0215608 0.0902413 0 -0.0234673 0.0922099 0
-0.0254501 0.0944756 0 -0.0275351 0.0970934 0 -0.0297524 0.100129 0 -0.0321367
0.103667 0 -0.0347266 0.107828 0 -0.0375632 0.112783 0 -0.0406867 0.118764
0 -0.0441309 0.126073 0 -0.0479141 0.135042 0 -0.0520298 0.145955 0
-0.0564389 0.158894 0 -0.0610679 0.173547 0 -0.0658174 0.189037 0 -0.0706054
0.203896 0 -0.0754238 0.2162 0 -0.0798858 0.223612 0 -0.0840329 0.224774
0 -0.0880485 0.219052 0 -0.091777 0.206238 0 -0.0953591 0.187299 0
-0.0988764 0.163598 0 -0.102415 0.136588 0 -0.106019 0.107507 0 -0.109664
0.0772227 0 -0.113253 0.0462464 0 -0.116638 0.0148695 0 -0.119651 -0.0166634
0 -0.122129 -0.0480075 0 -0.123953 -0.0786697 0 -0.125068 -0.108056 0
-0.12551 -0.135567 0 -0.12544 -0.16074 0 -0.125185 -0.183437 0 -0.125264
-0.204046 0 -0.1264 -0.223665 0 -0.129423 -0.244183 0 -0.13504 -0.268068
0 -0.143395 -0.297654 0 -0.153472 -0.333853 0 -0.162311 -0.37436 0
-0.164809 -0.408412 0 -0.157812 -0.424929 0 -0.139362 -0.417122 0 -0.109015
-0.373175 0 -0.070655 -0.288115 0 -0.0333285 -0.178676 0 -0.00858259 -0.0753062
0 0 0 0 0 0 0 -0.000199311 0.0219433 0
-0.000734538 0.0390157 0 -0.00159421 0.0520356 0 -0.00271561 0.0617792 0 -0.00403146
0.0689512 0 -0.00548365 0.0741665 0 -0.00702323 0.077943 0 -0.0086115 0.0807035
0 -0.0102201 0.0827837 0 -0.0118304 0.0844448 0 -0.0134317 0.0858862 0
-0.0150205 0.0872589 0 -0.0165988 0.088677 0 -0.0181733 0.0902284 0 -0.0197548
0.091983 0 -0.0213576 0.0940005 0 -0.0229992 0.0963367 0 -0.0247002 0.0990503
0 -0.0264836 0.10221 0 -0.0283751 0.105905 0 -0.0304009 0.110256 0
-0.0325854 0.115432 0 -0.0349463 0.12166 0 -0.0374879 0.129224 0 -0.0401924
0.138436 0 -0.0430136 0.149547 0 -0.0458773 0.162607 0 -0.0486916 0.177285
0 -0.0513679 0.192709 0 -0.0538811 0.20746 0 -0.0563155 0.219607 0
-0.0584064 0.226726 0 -0.0603645 0.227737 0 -0.062512 0.222068 0 -0.0647622
0.209319 0 -0.0672799 0.190509 0 -0.0701167 0.166981 0 -0.0732903 0.140148
0 -0.0767609 0.111201 0 -0.0804312 0.0809588 0 -0.0841599 0.0498921 0
-0.087789 0.0182712 0 -0.0911625 -0.0136563 0 -0.0941372 -0.0455277 0 -0.0966074
-0.0768156 0 -0.0985145 -0.106863 0 -0.0998559 -0.134978 0 -0.100717 -0.160571
0 -0.101311 -0.183331 0 -0.102021 -0.203436 0 -0.103444 -0.221789 0
-0.106373 -0.240197 0 -0.111645 -0.261344 0 -0.119801 -0.288275 0 -0.130527
-0.323213 0 -0.141921 -0.365753 0 -0.148996 -0.408083 0 -0.147334 -0.435153
0 -0.134366 -0.438248 0 -0.109054 -0.406094 0 -0.0738156 -0.326405 0
-0.0365026 -0.210768 0 -0.00983302 -0.092318 0 0 0 0 0
0 0 -0.000190473 0.0223014 0 -0.00070656 0.0397063 0 -0.00153679 0.0530078
0 -0.00261738 0.0629715 0 -0.00387933 0.0703024 0 -0.00526237 0.0756221 0
-0.00671548 0.0794584 0 -0.00819817 0.0822442 0 -0.00968048 0.0843254 0 -0.0111421
0.085972 0 -0.0125712 0.0873911 0 -0.0139622 0.0887398 0 -0.0153154 0.0901373
0 -0.0166354 0.0916756 0 -0.01793 0.093428 0 -0.01921 0.0954574 0
-0.0204885 0.0978222 0 -0.0217803 0.100583 0 -0.0231016 0.103811 0 -0.0244682
0.107594 0 -0.025894 0.112053 0 -0.0273868 0.117348 0 -0.0289431 0.123695
0 -0.0305398 0.131357 0 -0.0321272 0.140616 0 -0.033625 0.151694 0
-0.0349292 0.164621 0 -0.0359336 0.179068 0 -0.0365615 0.194205 0 -0.0368169
0.208679 0 -0.036828 0.220597 0 -0.036629 0.227605 0 -0.0364663 0.228715
0 -0.0366666 0.223375 0 -0.0373581 0.211098 0 -0.0386885 0.192803 0
-0.0406879 0.169778 0 -0.0433096 0.143379 0 -0.0464437 0.114756 0 -0.0499367
0.0846945 0 -0.0536161 0.053655 0 -0.0573239 0.0219189 0 -0.0609291 -0.0102497
0 -0.0643241 -0.0424697 0 -0.0674291 -0.0741915 0 -0.0701914 -0.104721 0
-0.0725868 -0.133314 0 -0.074643 -0.159288 0 -0.0764748 -0.182198 0 -0.0783279
-0.202041 0 -0.0806367 -0.219495 0 -0.0840649 -0.236187 0 -0.089443 -0.254818
0 -0.0975192 -0.278878 0 -0.108472 -0.311612 0 -0.121205 -0.354196 0
-0.132091 -0.40249 0 -0.135126 -0.440375 0 -0.127233 -0.454532 0 -0.107143
-0.434227 0 -0.0753762 -0.36281 0 -0.0390104 -0.243701 0 -0.010991 -0.110766
0 0 0 0 0 0 0 -0.000186898 0.0226489 0
-0.000694298 0.0403775 0 -0.00150806 0.0539505 0 -0.00256085 0.0641218 0 -0.00378018
0.0715964 0 -0.00510269 0.077003 0 -0.00647492 0.0808792 0 -0.00785448 0.0836689
0 -0.00920996 0.0857282 0 -0.0105198 0.0873362 0 -0.0117708 0.0887072 0
-0.0129562 0.0900044 0 -0.0140746 0.0913519 0 -0.0151284 0.0928451 0 -0.0161228
0.0945603 0 -0.0170652 0.0965623 0 -0.017964 0.0989114 0 -0.0188288 0.101669
0 -0.0196682 0.104906 0 -0.0204891 0.108708 0 -0.0212933 0.113189 0
-0.0220735 0.118501 0 -0.0228068 0.12484 0 -0.0234468 0.132446 0 -0.0239168
0.141568 0 -0.0241087 0.1524 0 -0.0238936 0.16496 0 -0.0231519 0.178942
0 -0.0218132 0.193576 0 -0.0198994 0.207592 0 -0.0175703 0.219221 0
-0.0151065 0.226288 0 -0.0128208 0.227701 0 -0.0110276 0.222894 0 -0.010027
0.21142 0 -0.00999097 0.193988 0 -0.0109343 0.171776 0 -0.0127683 0.146063
0 -0.0153371 0.117953 0 -0.0184505 0.0882251 0 -0.0219064 0.057362 0
-0.0255515 0.0256755 0 -0.0292854 -0.00654175 0 -0.0330345 -0.0388881 0 -0.0367481
-0.0707985 0 -0.0403907 -0.101564 0 -0.0439264 -0.13042 0 -0.0473382 -0.156631
0 -0.0506691 -0.179656 0 -0.0540434 -0.199355 0 -0.0577274 -0.216199 0
-0.0622121 -0.231581 0 -0.0682211 -0.248086 0 -0.0765603 -0.269413 0 -0.0877146
-0.299578 0 -0.101181 -0.341131 0 -0.11461 -0.392642 0 -0.121934 -0.440561
0 -0.11896 -0.466204 0 -0.10363 -0.457561 0 -0.0756172 -0.396586 0
-0.0408185 -0.276777 0 -0.0120072 -0.130354 0 0 0 0 0
0 0 -0.000190022 0.0229945 0 -0.000702084 0.041043 0 -0.00151604 0.0548788
0 -0.00255781 0.065244 0 -0.00374928 0.0728447 0 -0.00502288 0.0783174 0
-0.0063223 0.0822105 0 -0.00760328 0.0849796 0 -0.0088332 0.0869913 0 -0.00998963
0.0885336 0 -0.0110584 0.0898285 0 -0.0120322 0.0910449 0 -0.0129081 0.0923112
0 -0.0136869 0.093726 0 -0.0143714 0.0953676 0 -0.0149655 0.0973022 0
-0.0154738 0.0995902 0 -0.0159003 0.102293 0 -0.0162472 0.105479 0 -0.0165125
0.10923 0 -0.0166876 0.113651 0 -0.0167518 0.118881 0 -0.0166661 0.125095
0 -0.0163653 0.132502 0 -0.0157514 0.141321 0 -0.0146954 0.151719 0
-0.0130481 0.163704 0 -0.0106761 0.177005 0 -0.00750822 0.190938 0 -0.00357873
0.204339 0 0.000922968 0.215593 0 0.00560285 0.22277 0 0.0100386 0.22463
0 0.013851 0.220539 0 0.0166778 0.210117 0 0.0182961 0.193838 0
0.0186555 0.172728 0 0.0178589 0.147957 0 0.0160874 0.120571 0 0.013557
0.0913654 0 0.0104822 0.0608662 0 0.00701165 0.0294276 0 0.00322595 -0.00261423
0 -0.000827575 -0.0348338 0 -0.0051231 -0.0666575 0 -0.0096512 -0.0973752 0
-0.0143683 -0.126218 0 -0.0192144 -0.152439 0 -0.0241907 -0.175453 0 -0.0293275
-0.195017 0 -0.0347311 -0.211433 0 -0.0407102 -0.225859 0 -0.0478257 -0.240666
0 -0.0568282 -0.259578 0 -0.0683658 -0.287129 0 -0.0823979 -0.327074 0
-0.0973978 -0.379775 0 -0.108486 -0.435981 0 -0.109985 -0.473474 0 -0.0989143
-0.476701 0 -0.0749165 -0.427233 0 -0.0420353 -0.309427 0 -0.0128734 -0.150798
0 0 0 0 0 0 0 -0.000201566 0.0233496 0
-0.000735068 0.0417197 0 -0.00157012 0.0558114 0 -0.00262195 0.066356 0 -0.00380413
0.0740623 0 -0.0050436 0.0795766 0 -0.00628079 0.08346 0 -0.00746969 0.0861801
0 -0.00857691 0.0881151 0 -0.00957966 0.0895621 0 -0.0104637 0.0907507 0
-0.0112212 0.0918554 0 -0.0118489 0.0930084 0 -0.0123464 0.0943106 0 -0.0127144
0.0958418 0 -0.012954 0.0976686 0 -0.013066 0.0998508 0 -0.0130499 0.102448
0 -0.0129016 0.105525 0 -0.0126121 0.109158 0 -0.0121633 0.113442 0
-0.011524 0.118498 0 -0.0106431 0.12448 0 -0.0094408 0.131564 0 -0.00780427
0.139937 0 -0.00559164 0.149739 0 -0.00263843 0.160976 0 0.00120511 0.173413
0 0.00601612 0.18646 0 0.0117564 0.199093 0 0.0182211 0.209871 0
0.0249788 0.217084 0 0.0315172 0.219441 0 0.0373694 0.216212 0 0.0421385
0.207016 0 0.0455335 0.192129 0 0.0474346 0.172386 0 0.0479223 0.148815
0 0.0471788 0.122405 0 0.0454296 0.0939566 0 0.0428833 0.0640453 0
0.0396854 0.0330879 0 0.0359099 0.00147378 0 0.0315878 -0.0303453 0 0.0267312
-0.0617909 0 0.0213368 -0.0921617 0 0.0154448 -0.120688 0 0.00913224 -0.146649
0 0.00244498 -0.169465 0 -0.00456872 -0.188818 0 -0.0118889 -0.204884 0
-0.0196518 -0.218617 0 -0.0282385 -0.232141 0 -0.038272 -0.249052 0 -0.0504381
-0.274159 0 -0.0649966 -0.312123 0 -0.0810011 -0.364856 0 -0.0950714 -0.427222
0 -0.100666 -0.4764 0 -0.0937505 -0.492003 0 -0.0736881 -0.454529 0
-0.042873 -0.341277 0 -0.0136293 -0.171886 0 0 0 0 0
0 0 -0.000223649 0.0237279 0 -0.000799491 0.0424289 0 -0.00168154 0.0567718
0 -0.00276934 0.0674796 0 -0.00396494 0.0752676 0 -0.00518832 0.0807948 0
-0.00637625 0.084637 0 -0.0074813 0.087276 0 -0.00846997 0.0891016 0 -0.00931985
0.0904208 0 -0.0100172 0.0914707 0 -0.0105551 0.0924314 0 -0.0109306 0.0934383
0 -0.0111426 0.0945937 0 -0.0111904 0.095978 0 -0.0110727 0.0976575 0
-0.0107876 0.0996909 0 -0.0103303 0.102135 0 -0.00969195 0.105048 0 -0.00885727
0.108501 0 -0.00780124 0.112576 0 -0.00648413 0.117377 0 -0.00484802 0.123034
0 -0.00280352 0.129692 0 -0.000225903 0.137504 0 0.00303092 0.146585 0
0.0071379 0.156938 0 0.0122591 0.168366 0 0.0184835 0.180368 0 0.0257805
0.192074 0 0.0339507 0.202238 0 0.0425681 0.209363 0 0.0510747 0.212174
0 0.0589394 0.209853 0 0.0657006 0.201974 0 0.0709918 0.188654 0
0.0746274 0.170502 0 0.0766238 0.148394 0 0.0771271 0.12324 0 0.0763431
0.0958268 0 0.0744691 0.0667747 0 0.0716491 0.0365716 0 0.0679505 0.00566693
0 0.0633995 -0.0254577 0 0.0580103 -0.056218 0 0.0517843 -0.0859262 0
0.0447533 -0.113844 0 0.0369938 -0.139279 0 0.0286061 -0.161669 0 0.0197092
-0.180677 0 0.0104122 -0.196394 0 0.000723718 -0.209607 0 -0.00955635 -0.222199
0 -0.0208882 -0.237554 0 -0.033911 -0.260563 0 -0.0490597 -0.296551 0
-0.0658524 -0.348784 0 -0.0820523 -0.414923 0 -0.0912426 -0.475068 0 -0.0885555
-0.503585 0 -0.0722755 -0.478406 0 -0.0435559 -0.372117 0 -0.0143439 -0.193494
0 0 0 0 0 0 0 -0.000258942 0.0241469 0
-0.000903082 0.0431969 0 -0.00186393 0.0577886 0 -0.00301917 0.0686416 0 -0.00425538
0.0764828 0 -0.00548391 0.0819888 0 -0.00663765 0.0857532 0 -0.00766843 0.088274
0 -0.00854362 0.0899539 0 -0.00924224 0.09111 0 -0.00975204 0.0919875 0
-0.0100671 0.0927718 0 -0.0101866 0.0935992 0 -0.0101107 0.0945732 0 -0.00983683
0.0957748 0 -0.00936234 0.0972694 0 -0.00868299 0.0991131 0 -0.00779106 0.101358
0 -0.00667385 0.10406 0 -0.00531148 0.107276 0 -0.00367421 0.11108 0
-0.00171657 0.115557 0 0.000624838 0.120812 0 0.00344237 0.126965 0 0.00686353
0.134133 0 0.0110369 0.142402 0 0.0161327 0.151775 0 0.0223183 0.162087
0 0.0296983 0.172924 0 0.0382629 0.183564 0 0.0478359 0.19296 0
0.0580255 0.199828 0 0.0682767 0.202965 0 0.0780116 0.201504 0 0.0867046
0.194954 0 0.0939232 0.18328 0 0.0994017 0.16689 0 0.103067 0.146484
0 0.104996 0.122866 0 0.105347 0.0967944 0 0.104291 0.0689165 0
0.101965 0.0397786 0 0.0984297 0.009883 0 0.0937142 -0.0202358 0 0.0878507
-0.0499858 0 0.0808468 -0.0787167 0 0.0727369 -0.105733 0 0.0636139 -0.130378
0 0.0536156 -0.152113 0 0.0429165 -0.170617 0 0.0316986 -0.185937 0
0.0200834 -0.198734 0 0.00803543 -0.210665 0 -0.00473128 -0.224864 0 -0.0187579
-0.246148 0 -0.0345758 -0.280266 0 -0.052096 -0.331678 0 -0.069791 -0.399949
0 -0.0821925 -0.46984 0 -0.0834962 -0.511532 0 -0.0707484 -0.499241 0
-0.0443393 -0.401818 0 -0.0151263 -0.215589 0 0 0 0 0
0 0 -0.000310918 0.0246281 0 -0.00105565 0.0440563 0 -0.00213425 0.058897
0 -0.00339473 0.069874 0 -0.00470345 0.0777342 0 -0.00596139 0.083178 0
-0.00709763 0.0868216 0 -0.00806431 0.0891818 0 -0.00883126 0.0906759 0 -0.00938055
0.091631 0 -0.00970832 0.092296 0 -0.00979934 0.0928643 0 -0.00965475 0.0934815
0 -0.00928741 0.0942453 0 -0.00869043 0.095232 0 -0.00786098 0.096507 0
-0.00679322 0.098124 0 -0.00547716 0.100131 0 -0.00389729 0.102576 0 -0.00203067
0.105509 0 0.000155632 0.10899 0 0.0027099 0.113089 0 0.00569899 0.117885
0 0.00921351 0.123473 0 0.0133746 0.129939 0 0.0183295 0.137343 0
0.024244 0.14568 0 0.0312811 0.154813 0 0.0395558 0.164408 0 0.049083
0.173877 0 0.0597236 0.182363 0 0.0711395 0.188788 0 0.0828143 0.192064
0 0.0941587 0.191324 0 0.104602 0.18602 0 0.113654 0.175987 0
0.120963 0.161451 0 0.126359 0.142933 0 0.129823 0.121114 0 0.13144
0.0966958 0 0.131332 0.0703285 0 0.129613 0.042597 0 0.126354 0.0140449
0 0.121596 -0.0147442 0 0.115359 -0.0431737 0 0.107669 -0.070633 0
0.0985947 -0.0964653 0 0.0882479 -0.120059 0 0.0767974 -0.140921 0 0.0644615
-0.15876 0 0.0514811 -0.173608 0 0.0380673 -0.186036 0 0.0243162 -0.197509
0 0.0101055 -0.210904 0 -0.00497764 -0.230861 0 -0.0214917 -0.263321 0
-0.0396212 -0.313613 0 -0.0583618 -0.382968 0 -0.073651 -0.460965 0 -0.0787146
-0.515729 0 -0.0693826 -0.517245 0 -0.0454752 -0.430295 0 -0.0161305 -0.238237
0 0 0 0 0 0 0 -0.000384224 0.0251986 0
-0.00126999 0.0450472 0 -0.00251401 0.0601392 0 -0.0039248 0.0712147 0 -0.00534286
0.0790517 0 -0.00665704 0.0843838 0 -0.00779313 0.0878556 0 -0.00870484 0.0900066
0 -0.00936525 0.0912703 0 -0.00976121 0.0919833 0 -0.00989697 0.0923999 0
-0.00976459 0.0927186 0 -0.00936266 0.0930891 0 -0.00870276 0.0936089 0 -0.00778313
0.0943506 0 -0.00660254 0.0953754 0 -0.00515458 0.0967333 0 -0.00342782 0.0984675
0 -0.001405 0.100619 0 0.000938678 0.103229 0 0.0036381 0.106347 0
0.00674178 0.110025 0 0.0103151 0.114323 0 0.0144451 0.119307 0 0.0192448
0.125039 0 0.024852 0.131555 0 0.0314217 0.138841 0 0.0391083 0.14678
0 0.0480301 0.155104 0 0.0582228 0.163342 0 0.0695885 0.170805 0
0.0818523 0.176611 0 0.0945612 0.179816 0 0.107152 0.179598 0 0.11904
0.17538 0 0.129691 0.166897 0 0.138682 0.154218 0 0.145741 0.137702
0 0.150746 0.117891 0 0.15369 0.0954071 0 0.154629 0.0708766 0
0.153635 0.0448988 0 0.15078 0.0180514 0 0.146114 -0.00908246 0 0.139647
-0.0359085 0 0.131434 -0.0618191 0 0.121578 -0.0862057 0 0.110216 -0.108514
0 0.0975452 -0.128302 0 0.0838208 -0.145321 0 0.0693297 -0.159607 0
0.0543514 -0.171672 0 0.0390854 -0.182828 0 0.0235463 -0.195703 0 0.00745701
-0.214697 0 -0.00971135 -0.245768 0 -0.0283267 -0.294848 0 -0.0478197 -0.364587
0 -0.0654979 -0.448848 0 -0.0741849 -0.516156 0 -0.0684253 -0.532327 0
-0.0471356 -0.45751 0 -0.0175091 -0.261626 0 0 0 0 0
0 0 -0.000485272 0.0258931 0 -0.00156321 0.0462196 0 -0.00303117 0.0615666
0 -0.00464576 0.0727078 0 -0.00621501 0.080469 0 -0.00761443 0.0856289 0
-0.00876779 0.0888687 0 -0.009631 0.0907531 0 -0.0101811 0.0917319 0 -0.0104171
0.092158 0 -0.0103453 0.0922977 0 -0.00998151 0.0923401 0 -0.00932793 0.0924272
0 -0.00837778 0.0926677 0 -0.00714002 0.0931349 0 -0.00561508 0.093882 0
-0.00379744 0.0949532 0 -0.00167564 0.0963857 0 0.000768302 0.0982138 0 0.00355981
0.100471 0 0.00673369 0.103194 0 0.0103369 0.106422 0 0.0144315 0.110195
0 0.0190983 0.114557 0 0.0244397 0.119547 0 0.0305796 0.125181 0
0.0376573 0.131434 0 0.0458134 0.138205 0 0.055162 0.145275 0 0.0657519
0.152272 0 0.077522 0.158649 0 0.0902601 0.1637 0 0.103588 0.166636
0 0.116999 0.166717 0 0.129928 0.163373 0 0.141824 0.156275 0
0.152211 0.145375 0 0.16073 0.130883 0 0.167161 0.113209 0 0.171399
0.0928762 0 0.173421 0.0704602 0 0.173248 0.0465454 0 0.170923 0.0217163
0 0.166486 -0.00345611 0 0.159975 -0.0283886 0 0.151464 -0.052486 0
0.141075 -0.0751891 0 0.128974 -0.0960011 0 0.115386 -0.114538 0 0.100595
-0.130593 0 0.084924 -0.144224 0 0.0687021 -0.155907 0 0.0522081 -0.166838
0 0.0355673 -0.179414 0 0.0186297 -0.197752 0 0.00093416 -0.227684 0
-0.0180212 -0.275519 0 -0.0381205 -0.345189 0 -0.0577243 -0.433633 0 -0.0697976
-0.512757 0 -0.0678607 -0.544439 0 -0.0494511 -0.483336 0 -0.0194065 -0.286002
0 0 0 0 0 0 0 -0.000623177 0.0267558 0
-0.0019588 0.0476357 0 -0.00372285 0.063241 0 -0.00560436 0.0744047 0 -0.00737153
0.0820232 0 -0.00888631 0.0869368 0 -0.0100717 0.0898714 0 -0.0108864 0.0914188
0 -0.0113214 0.0920547 0 -0.0113947 0.092149 0 -0.0111168 0.0919701 0
-0.0105083 0.091703 0 -0.00958313 0.0914845 0 -0.00833931 0.0914228 0 -0.00678549
0.0915903 0 -0.0049227 0.0920358 0 -0.00274663 0.0927972 0 -0.000246411 0.0939054
0 0.00259581 0.0953877 0 0.00580477 0.0972699 0 0.00941388 0.0995769 0
0.0134676 0.102335 0 0.018023 0.105571 0 0.023153 0.109309 0 0.0289476
0.113568 0 0.0355145 0.118347 0 0.0429741 0.123613 0 0.0514487 0.129273
0 0.0610413 0.135148 0 0.0718051 0.140942 0 0.0837058 0.146226 0
0.0965855 0.150444 0 0.110141 0.152957 0 0.123937 0.153129 0 0.137459
0.150431 0 0.150166 0.144512 0 0.161558 0.135239 0 0.17122 0.122709
0 0.178844 0.107205 0 0.184235 0.0891507 0 0.18729 0.0690479 0
0.187968 0.0474379 0 0.186274 0.0248798 0 0.18223 0.00193111 0 0.175885
-0.0208455 0 0.16733 -0.0428947 0 0.156703 -0.0637072 0 0.144191 -0.0828428
0 0.130045 -0.0999728 0 0.114567 -0.114937 0 0.0981055 -0.12782 0
0.0810263 -0.139086 0 0.0636647 -0.14984 0 0.0462338 -0.162279 0 0.0286913
-0.180213 0 0.0106541 -0.209235 0 -0.00847206 -0.255811 0 -0.0289853 -0.324887
0 -0.049959 -0.415697 0 -0.0652731 -0.505862 0 -0.0674235 -0.55355 0
-0.0522728 -0.507729 0 -0.0219454 -0.311622 0 0 0 0 0
0 0 -0.000811276 0.0278447 0 -0.00248978 0.0493744 0 -0.00463923 0.0652374
0 -0.00686148 0.0763638 0 -0.00887712 0.0837532 0 -0.0105354 0.0883289 0
-0.0117583 0.0908668 0 -0.0125159 0.0919989 0 -0.0128295 0.0922363 0 -0.0127306
0.0919528 0 -0.0122359 0.0914107 0 -0.0113712 0.0908004 0 -0.0101596 0.0902546
0 -0.00861372 0.0898713 0 -0.00674173 0.08972 0 -0.00454534 0.0898454 0
-0.00202112 0.0902794 0 0.00084114 0.0910466 0 0.00405872 0.0921673 0 0.007655
0.0936588 0 0.0116614 0.0955375 0 0.0161189 0.0978187 0 0.0210791 0.100516
0 0.0266057 0.10364 0 0.0327759 0.107193 0 0.03968 0.111161 0
0.0474183 0.115502 0 0.056092 0.120133 0 0.0657882 0.124902 0 0.0765558
0.129573 0 0.0883761 0.133811 0 0.101132 0.137181 0 0.114587 0.139178
0 0.128381 0.139279 0 0.142062 0.137021 0 0.155131 0.13206 0
0.167094 0.124222 0 0.177505 0.113518 0 0.186002 0.100131 0 0.192316
0.0843843 0 0.19627 0.0666965 0 0.197762 0.0475466 0 0.19675 0.0274486
0 0.193236 0.00692361 0 0.187265 -0.0135034 0 0.178929 -0.0333241 0
0.168376 -0.0520835 0 0.155809 -0.0693974 0 0.141492 -0.0849922 0 0.125741
-0.0987561 0 0.108919 -0.110807 0 0.0914131 -0.121608 0 0.0735971 -0.132202
0 0.055747 -0.144606 0 0.0379056 -0.162326 0 0.0197554 -0.190626 0
0.000635672 -0.235937 0 -0.020052 -0.303888 0 -0.0418719 -0.395571 0 -0.0602542
-0.495263 0 -0.0668157 -0.559075 0 -0.0554862 -0.530594 0 -0.0251704 -0.338693
0 0 0 0 0 0 0 -0.00106969 0.0292377 0
-0.00320378 0.0515364 0 -0.00584964 0.067646 0 -0.00849781 0.0786508 0 -0.010814
0.0856986 0 -0.0126341 0.0898162 0 -0.0138843 0.0918471 0 -0.0145731 0.0924856
0 -0.0147511 0.0922651 0 -0.0144537 0.0915513 0 -0.0137168 0.0906084 0
-0.0125794 0.089625 0 -0.0110721 0.0887282 0 -0.00921588 0.0880074 0 -0.0070224
0.0875241 0 -0.00449531 0.0873173 0 -0.00163208 0.0874128 0 0.00157676 0.0878288
0 0.00514752 0.0885784 0 0.00910229 0.0896718 0 0.0134703 0.0911176 0
0.0182887 0.092922 0 0.023603 0.095089 0 0.0294678 0.0976174 0 0.0359474
0.100498 0 0.0431155 0.103708 0 0.051052 0.107201 0 0.0598364 0.110897
0 0.0695368 0.114669 0 0.0801919 0.118325 0 0.0917884 0.121602 0
0.104237 0.124166 0 0.11735 0.125621 0 0.130838 0.125553 0 0.144318
0.123571 0 0.157348 0.119369 0 0.169465 0.112762 0 0.180224 0.103707
0 0.189237 0.0923121 0 0.196187 0.078812 0 0.200843 0.0635423 0
0.203047 0.0469095 0 0.202712 0.0293678 0 0.199815 0.0113854 0 0.194388
-0.00657087 0 0.186514 -0.0240494 0 0.176339 -0.0406474 0 0.164072 -0.0560369
0 0.14998 -0.0700015 0 0.134382 -0.0824794 0 0.117646 -0.0936252 0
0.100169 -0.103913 0 0.0823439 -0.114337 0 0.0644855 -0.126759 0 0.0466951
-0.144385 0 0.0287017 -0.172094 0 0.00980314 -0.216109 0 -0.010811 -0.282469
0 -0.0331052 -0.373777 0 -0.0543062 -0.48073 0 -0.065549 -0.560009 0
-0.0586931 -0.551206 0 -0.0289022 -0.367296 0 0 0 0 0
0 0 -0.00142973 0.0310411 0 -0.00417113 0.0542517 0 -0.00745142 0.0705754
0 -0.0106217 0.0813366 0 -0.0132849 0.0878896 0 -0.0152669 0.0913942 0
-0.0165219 0.0927986 0 -0.0171185 0.0928603 0 -0.0171267 0.0921113 0 -0.016592
0.0909151 0 -0.0155819 0.0895366 0 -0.0141474 0.0881563 0 -0.0123275 0.0868926
0 -0.0101498 0.085824 0 -0.00762978 0.0850018 0 -0.00477331 0.0844573 0
-0.00157875 0.0842096 0 0.00196269 0.0842702 0 0.00586633 0.0846457 0 0.0101531
0.08534 0 0.0148501 0.0863549 0 0.0199908 0.0876897 0 0.0256147 0.0893407
0 0.0317677 0.0912989 0 0.0385025 0.0935475 0 0.0458767 0.0960573 0
0.0539514 0.0987801 0 0.0627855 0.101642 0 0.0724273 0.104532 0 0.0829017
0.107297 0 0.0941933 0.109728 0 0.106228 0.111566 0 0.118855 0.112508
0 0.131838 0.112231 0 0.144861 0.110422 0 0.157544 0.106822 0
0.169471 0.101257 0 0.180223 0.0936612 0 0.189415 0.0840894 0 0.196709
0.0727071 0 0.201845 0.0597767 0 0.204604 0.0456155 0 0.204886 0.0306198
0 0.202659 0.0152064 0 0.197903 -0.00023971 0 0.190698 -0.0153285 0
0.181179 -0.029713 0 0.169547 -0.0431245 0 0.156062 -0.055404 0 0.14104
-0.066541 0 0.124841 -0.0767288 0 0.107859 -0.0864577 0 0.0904872 -0.0966849
0 0.0730524 -0.109136 0 0.055686 -0.126725 0 0.0381496 -0.153911 0
0.0197282 -0.196563 0 -0.000546407 -0.260892 0 -0.0231026 -0.350901 0 -0.0468053
-0.462478 0 -0.0628812 -0.555857 0 -0.0612438 -0.568771 0 -0.0328179 -0.39724
0 0 0 0 0 0 0 -0.0019415 0.0334043 0
-0.00549815 0.0576903 0 -0.00958357 0.0741544 0 -0.013379 0.0844921 0 -0.0164156
0.0903379 0 -0.0185291 0.0930429 0 -0.0197574 0.0936936 0 -0.0202158 0.0930814
0 -0.0199892 0.0917287 0 -0.0191673 0.0900041 0 -0.0178408 0.0881625 0
-0.0160748 0.08637 0 -0.0139175 0.0847313 0 -0.0114016 0.0833113 0 -0.00854572
0.0821498 0 -0.00535744 0.0812687 0 -0.00183572 0.0806794 0 0.00202787 0.0803867
0 0.00624803 0.0803912 0 0.0108447 0.0806912 0 0.0158431 0.081283 0
0.0212732 0.0821605 0 0.0271694 0.0833148 0 0.0335697 0.0847319 0 0.0405161
0.0863906 0 0.0480526 0.0882588 0 0.0562234 0.0902893 0 0.0650687 0.0924144
0 0.0746184 0.0945396 0 0.0848824 0.0965383 0 0.0958388 0.0982464 0
0.107419 0.0994636 0 0.119498 0.0999591 0 0.13188 0.0994846 0 0.144303
0.0977981 0 0.156446 0.094691 0 0.167947 0.0900141 0 0.178431 0.0836979
0 0.187534 0.0757649 0 0.194926 0.0663289 0 0.200333 0.0555905 0
0.203537 0.043805 0 0.204387 0.0312736 0 0.202817 0.0183418 0 0.198821
0.00535295 0 0.192453 -0.00737449 0 0.183831 -0.019561 0 0.173142 -0.0309997
0 0.16063 -0.0415897 0 0.146597 -0.0513707 0 0.131387 -0.0605747 0
0.115371 -0.0697078 0 0.0989217 -0.0796973 0 0.0823485 -0.0921443 0 0.0657821
-0.109689 0 0.0490013 -0.136355 0 0.0313016 -0.177562 0 0.0116113 -0.239442
0 -0.0109844 -0.327101 0 -0.0366711 -0.440421 0 -0.0575993 -0.546882 0
-0.0622398 -0.582942 0 -0.0366132 -0.428014 0 0 0 0 0
0 0 -0.00268779 0.0365431 0 -0.00734948 0.0620754 0 -0.0124478 0.0785318
0 -0.0169615 0.0881704 0 -0.0203555 0.0930244 0 -0.0225464 0.0947227 0
-0.0236813 0.0944758 0 -0.0239088 0.0930772 0 -0.0233592 0.0910531 0 -0.0221772
0.0887634 0 -0.0204729 0.0864417 0 -0.0183263 0.084232 0 -0.0157936 0.0822197
0 -0.0129112 0.0804534 0 -0.00969959 0.0789594 0 -0.00616693 0.0777494 0
-0.00231225 0.0768265 0 0.00187293 0.0761889 0 0.00640312 0.0758315 0 0.0112976
0.0757476 0 0.0165799 0.075929 0 0.0222772 0.076366 0 0.0284193 0.0770464
0 0.0350378 0.0779537 0 0.0421654 0.0790653 0 0.0498344 0.0803491 0
0.0580749 0.0817609 0 0.0669114 0.0832403 0 0.0763578 0.0847076 0 0.0864103
0.0860595 0 0.0970389 0.0871667 0 0.108177 0.087875 0 0.119712 0.0880086
0 0.13148 0.0873808 0 0.143262 0.085808 0 0.154786 0.0831291 0
0.165746 0.0792248 0 0.175813 0.0740324 0 0.184662 0.0675573 0 0.191989
0.059877 0 0.197524 0.0511392 0 0.201076 0.0415545 0 0.202468 0.0313386
0 0.201596 0.0207527 0 0.198463 0.0100967 0 0.193099 -0.000374858 0
0.185612 -0.0104513 0 0.17617 -0.0199896 0 0.164998 -0.0289431 0 0.152373
-0.0373993 0 0.138607 -0.0456237 0 0.124032 -0.0541346 0 0.108974 -0.0638284
0 0.0936938 -0.0761904 0 0.078288 -0.0936042 0 0.0625274 -0.11967 0
0.0457177 -0.159313 0 0.0267192 -0.218387 0 0.00426249 -0.302544 0 -0.0227008
-0.414353 0 -0.0484523 -0.532041 0 -0.0605836 -0.592052 0 -0.0396998 -0.458714
0 0 0 0 0 0 0 -0.0038093 0.0407772 0
-0.00998604 0.0677001 0 -0.016337 0.0838643 0 -0.0216177 0.0923875 0 -0.0252926
0.0958959 0 -0.0274576 0.0963502 0 -0.0283573 0.0950337 0 -0.0281997 0.0927382
0 -0.0272025 0.0899865 0 -0.0255486 0.0871103 0 -0.0233718 0.0843065 0
-0.0207649 0.0816879 0 -0.0177893 0.0793151 0 -0.0144833 0.0772176 0 -0.0108677
0.0754066 0 -0.00695043 0.0738827 0 -0.00272982 0.0726409 0 0.00180322 0.0716728
0 0.00666333 0.0709684 0 0.0118693 0.0705164 0 0.0174433 0.0703054 0
0.0234101 0.0703231 0 0.0297957 0.0705559 0 0.0366264 0.0709869 0 0.0439268
0.0715944 0 0.0517199 0.0723485 0 0.0600245 0.0732096 0 0.068853 0.074126
0 0.0782066 0.0750315 0 0.0880706 0.0758434 0 0.0984078 0.0764609 0
0.109151 0.0767658 0 0.120199 0.076626 0 0.131407 0.0759021 0 0.14259
0.0744576 0 0.153522 0.072172 0 0.163942 0.0689552 0 0.173571 0.0647572
0 0.182131 0.0595744 0 0.189357 0.0534565 0 0.195006 0.0465039 0
0.198905 0.0388519 0 0.200901 0.0307135 0 0.200852 0.0223191 0 0.198717
0.013845 0 0.194541 0.00546924 0 0.188442 -0.00265046 0 0.18057 -0.0104254
0 0.171123 -0.0178567 0 0.160336 -0.0250656 0 0.148475 -0.0323426 0
0.135812 -0.040209 0 0.122599 -0.0495243 0 0.109019 -0.0616626 0 0.0951004
-0.0787695 0 0.080575 -0.104046 0 0.0647393 -0.141913 0 0.046395 -0.197831
0 0.0240452 -0.277608 0 -0.0037983 -0.385267 0 -0.0341753 -0.510239 0
-0.0548148 -0.593522 0 -0.0411248 -0.487991 0 0 0 0 0
0 0 -0.00555295 0.0465947 0 -0.0138302 0.0749524 0 -0.0216569 0.0902816
0 -0.0276432 0.0970851 0 -0.0314392 0.0988211 0 -0.0333543 0.0977477 0
-0.0337458 0.0951902 0 -0.03296 0.0919291 0 -0.0312927 0.088431 0 -0.0289689
0.0849684 0 -0.026147 0.081692 0 -0.0229261 0.0786792 0 -0.0193684 0.0759635
0 -0.0155109 0.0735535 0 -0.0113738 0.0714451 0 -0.00696418 0.0696281 0
-0.00227843 0.0680881 0 0.0026945 0.0668098 0 0.00796933 0.0657784 0 0.0135636
0.0649797 0 0.0194978 0.0643993 0 0.0257946 0.0640237 0 0.0324766 0.0638393
0 0.039565 0.0638308 0 0.0470784 0.0639786 0 0.0550322 0.0642569 0
0.0634369 0.0646313 0 0.0722963 0.0650591 0 0.0816037 0.0654875 0 0.0913372
0.065852 0 0.101456 0.0660757 0 0.111893 0.0660695 0 0.122556 0.0657354
0 0.133319 0.0649705 0 0.144025 0.0636746 0 0.154484 0.0617589 0
0.164481 0.0591563 0 0.173797 0.055819 0 0.182204 0.0517384 0 0.189465
0.0469592 0 0.195366 0.0415601 0 0.199724 0.0356537 0 0.202389 0.0293909
0 0.203267 0.0229269 0 0.202339 0.0163901 0 0.199635 0.00989072 0
0.195244 0.0035205 0 0.189306 -0.00267859 0 0.181993 -0.00874482 0 0.173484
-0.0148178 0 0.163974 -0.021193 0 0.153657 -0.0283822 0 0.14269 -0.0371981
0 0.131153 -0.048903 0 0.118976 -0.0654226 0 0.105815 -0.0895889 0
0.0909349 -0.125331 0 0.0730871 -0.177639 0 0.0506498 -0.252235 0 0.0217091
-0.354273 0 -0.0129267 -0.481391 0 -0.0428572 -0.585514 0 -0.0396143 -0.514051
0 0 0 0 0 0 0 -0.00835553 0.0547706 0
-0.0195307 0.0842902 0 -0.0289279 0.0978037 0 -0.0353698 0.102099 0 -0.03887
0.101591 0 -0.0399912 0.0986798 0 -0.0393322 0.0946712 0 -0.0374226 0.0902749
0 -0.0346321 0.0859442 0 -0.0312486 0.081916 0 -0.027439 0.0782242 0
-0.023293 0.074878 0 -0.0188641 0.0718747 0 -0.0141835 0.0692022 0 -0.00926711
0.0668418 0 -0.00411765 0.0647711 0 0.001272 0.0629679 0 0.00691334 0.0614131
0 0.0128193 0.0600896 0 0.0190048 0.0589799 0 0.0254883 0.0580674 0
0.0322898 0.057338 0 0.0394291 0.0567794 0 0.0469231 0.0563789 0 0.0547853
0.0561208 0 0.0630256 0.0559832 0 0.0716496 0.0559371 0 0.0806565 0.055948
0 0.0900363 0.0559757 0 0.0997647 0.055972 0 0.109801 0.05588 0
0.120085 0.0556341 0 0.130534 0.0551629 0 0.141041 0.054392 0 0.151473
0.0532489 0 0.161674 0.0516692 0 0.17147 0.049601 0 0.180674 0.0470113
0 0.189093 0.043898 0 0.196528 0.040292 0 0.202807 0.0362493 0
0.207755 0.0318673 0 0.211262 0.027219 0 0.213307 0.0223769 0 0.213885
0.0174585 0 0.213005 0.0125415 0 0.210711 0.00766115 0 0.207102 0.00282104
0 0.202305 -0.00204042 0 0.196448 -0.00707996 0 0.189642 -0.0125842 0
0.181985 -0.0190297 0 0.173532 -0.0271675 0 0.164237 -0.038142 0 0.153905
-0.0536688 0 0.142076 -0.0762377 0 0.127945 -0.109316 0 0.110184 -0.15739
0 0.0871095 -0.225895 0 0.0563836 -0.320783 0 0.0175043 -0.445023 0
-0.0227897 -0.566138 0 -0.0337439 -0.533542 0 0 0 0 0
0 0 -0.012941 0.0665275 0 -0.0279947 0.0961584 0 -0.0385988 0.106269
0 -0.044564 0.106922 0 -0.0464919 0.103259 0 -0.0454913 0.0979714 0
-0.0427768 0.0924525 0 -0.0390137 0.0871182 0 -0.0345263 0.0821605 0 -0.0295501
0.0776728 0 -0.0242078 0.073635 0 -0.0185804 0.0700106 0 -0.0127212 0.066769
0 -0.00666342 0.0638807 0 -0.000422963 0.0613112 0 0.00599978 0.0590256 0
0.0126119 0.0569971 0 0.0194207 0.0552064 0 0.0264339 0.0536359 0 0.0336622
0.0522643 0 0.0411206 0.0510711 0 0.0488262 0.0500419 0 0.0567949 0.0491669
0 0.0650393 0.0484367 0 0.0735683 0.0478396 0 0.0823891 0.0473578 0
0.0915054 0.0469666 0 0.100914 0.0466389 0 0.110604 0.0463457 0 0.120553
0.0460529 0 0.130724 0.0457199 0 0.141067 0.0453002 0 0.151513 0.0447431
0 0.161974 0.0439962 0 0.172345 0.0430082 0 0.1825 0.0417336 0
0.192303 0.0401336 0 0.201594 0.0381928 0 0.210211 0.0359127 0 0.218011
0.0333016 0 0.224871 0.030386 0 0.230683 0.0272165 0 0.235371 0.0238468
0 0.238901 0.0203278 0 0.241261 0.0167228 0 0.242451 0.0130826 0
0.242492 0.00942468 0 0.241427 0.00572997 0 0.239315 0.00192895 0 0.236223
-0.00214155 0 0.232199 -0.00675518 0 0.227248 -0.0123329 0 0.221307 -0.0195426
0 0.21419 -0.0293915 0 0.20556 -0.0433759 0 0.194782 -0.0636477 0
0.180926 -0.0932302 0 0.162487 -0.136107 0 0.137727 -0.197332 0 0.103936
-0.283153 0 0.0599773 -0.400489 0 0.00779966 -0.533464 0 -0.021347 -0.541918
0 0 0 0 0 0 0 -0.020426 0.0836554 0
-0.0397567 0.110292 0 -0.0491919 0.114022 0 -0.05158 0.109277 0 -0.0495727
0.102091 0 -0.0451022 0.0947346 0 -0.0391367 0.0879386 0 -0.0322928 0.081856
0 -0.024886 0.0764193 0 -0.0170888 0.071545 0 -0.00900768 0.0672027 0
-0.00072685 0.0633393 0 0.00769352 0.059906 0 0.0162127 0.0568552 0 0.0248115
0.0541332 0 0.0334876 0.0516929 0 0.0422459 0.0495038 0 0.0510889 0.0475479
0 0.0600203 0.0458072 0 0.06905 0.0442559 0 0.0781895 0.0428689 0
0.0874508 0.0416317 0 0.0968444 0.0405368 0 0.106379 0.039577 0 0.116061
0.0387418 0 0.125905 0.038015 0 0.135921 0.0373781 0 0.146097 0.0368141
0 0.156422 0.0363033 0 0.166876 0.0358212 0 0.177436 0.0353387 0
0.188062 0.0348233 0 0.198705 0.0342397 0 0.209305 0.0335515 0 0.219783
0.0327234 0 0.230049 0.0317234 0 0.240004 0.0305251 0 0.249539 0.0291132
0 0.258543 0.0274829 0 0.266909 0.0256386 0 0.274544 0.023596 0
0.281368 0.0213827 0 0.287316 0.0190269 0 0.292343 0.0165562 0 0.296418
0.0140069 0 0.299527 0.0114102 0 0.301678 0.00877177 0 0.302881 0.00606228
0 0.303149 0.00321194 0 0.302479 7.76313e-05 0 0.300862 -0.00358009 0
0.298216 -0.00811748 0 0.294371 -0.0140959 0 0.288988 -0.0223516 0 0.281577
-0.0341251 0 0.271271 -0.0511939 0 0.256943 -0.0761035 0 0.236753 -0.112302
0 0.208809 -0.164442 0 0.169895 -0.238743 0 0.118581 -0.34525 0
0.0521886 -0.483743 0 0.00067207 -0.533024 0 0 0 0 0
0 0 -0.0309063 0.108454 0 -0.0500208 0.123828 0 -0.0517766 0.116827
0 -0.0462018 0.106298 0 -0.036862 0.0961543 0 -0.0258425 0.0871868 0
-0.0136878 0.0793183 0 -0.00090945 0.0725202 0 0.0121175 0.0666487 0 0.0252088
0.0615314 0 0.038247 0.0570526 0 0.0511643 0.0531202 0 0.0639147 0.0496641
0 0.0764751 0.0466201 0 0.0888458 0.0439142 0 0.101034 0.041486 0
0.113052 0.0393026 0 0.124908 0.0373436 0 0.136625 0.0355862 0 0.148238
0.0340044 0 0.159749 0.0325792 0 0.171153 0.0312999 0 0.182458 0.0301578
0 0.193675 0.0291436 0 0.204818 0.0282442 0 0.215905 0.0274435 0
0.226946 0.02673 0 0.237947 0.0260939 0 0.248912 0.0255208 0 0.259839
0.024992 0 0.270722 0.0244862 0 0.281544 0.0239806 0 0.292279 0.0234512
0 0.302891 0.0228735 0 0.313333 0.0222239 0 0.323546 0.0214811 0
0.333466 0.0206278 0 0.343019 0.0196528 0 0.35213 0.0185509 0 0.360725
0.0173222 0 0.36873 0.0159728 0 0.37608 0.0145163 0 0.382721 0.0129683
0 0.388601 0.0113463 0 0.39368 0.00966958 0 0.397941 0.00795386 0
0.401376 0.00619733 0 0.403982 0.00437152 0 0.405732 0.00240862 0 0.406571
0.000201115 0 0.40645 -0.00242794 0 0.405198 -0.00575429 0 0.402566 -0.0102095
0 0.39807 -0.0164217 0 0.391093 -0.0253232 0 0.380485 -0.0382425 0
0.3649 -0.0571409 0 0.341948 -0.0847747 0 0.309403 -0.125254 0 0.263086
-0.184615 0 0.201211 -0.274709 0 0.116832 -0.409381 0 0.0388358 -0.495288
0 0 0 0 0 0 0 -0.0309737 0.13682 0
-0.0366088 0.128713 0 -0.0160366 0.109146 0 0.00777325 0.0943177 0 0.032059
0.0820067 0 0.0562347 0.0716957 0 0.0798722 0.0632103 0 0.102679 0.0562566
0 0.124499 0.0504862 0 0.14532 0.0456099 0 0.165163 0.0414412 0
0.184078 0.0378519 0 0.202103 0.0347479 0 0.219341 0.0320453 0 0.235877
0.0296696 0 0.251723 0.0275695 0 0.26692 0.0257093 0 0.281511 0.0240588
0 0.295551 0.022587 0 0.309086 0.02127 0 0.32215 0.0200961 0
0.334778 0.0190556 0 0.347008 0.0181363 0 0.35888 0.0173254 0 0.37043
0.0166089 0 0.38169 0.0159744 0 0.392682 0.0154124 0 0.403439 0.0149133
0 0.413989 0.0144661 0 0.424348 0.0140579 0 0.434528 0.0136751 0
0.444533 0.0133033 0 0.454355 0.0129281 0 0.463981 0.0125348 0 0.473384
0.0121094 0 0.482532 0.0116393 0 0.491382 0.0111143 0 0.499886 0.0105275
0 0.507994 0.0098752 0 0.515651 0.00915711 0 0.522804 0.00837595 0
0.529405 0.00753843 0 0.535411 0.00665316 0 0.540784 0.00573028 0 0.545497
0.00477698 0 0.549528 0.00379926 0 0.552854 0.00279358 0 0.555444 0.00175672
0 0.557261 0.000639791 0 0.558234 -0.000647299 0 0.558286 -0.00222161 0
0.557176 -0.00424937 0 0.554627 -0.00701343 0 0.550026 -0.010917 0 0.542722
-0.0165441 0 0.531317 -0.0247196 0 0.514364 -0.0366958 0 0.48883 -0.0542886
0 0.4521 -0.0805352 0 0.398194 -0.120638 0 0.324785 -0.186029 0
0.219212 -0.300018 0 0.110036 -0.404462 0 0 0 0 0
0 0 0.0858175 0.125185 0 0.123158 0.101531 0 0.187517 0.0770611
0 0.24244 0.0617679 0 0.286799 0.0507265 0 0.32489 0.0420855 0
0.358429 0.0353383 0 0.388198 0.0300819 0 0.414779 0.0259285 0 0.438686
0.0225763 0 0.460339 0.0198256 0 0.480061 0.0175429 0 0.498114 0.0156287
0 0.514741 0.0140006 0 0.530128 0.0126054 0 0.544401 0.0114119 0
0.557684 0.0103907 0 0.570091 0.00951295 0 0.581714 0.00875264 0 0.592624
0.00809157 0 0.602901 0.00751777 0 0.612624 0.00702079 0 0.621861 0.00659047
0 0.63067 0.00621748 0 0.639103 0.00589341 0 0.647206 0.00561143 0
0.655015 0.00536547 0 0.662566 0.00514923 0 0.669884 0.00495669 0 0.676992
0.00478205 0 0.683906 0.00461939 0 0.690633 0.00446263 0 0.697176 0.00430568
0 0.703528 0.00414259 0 0.709677 0.00396766 0 0.715603 0.00377597 0
0.72128 0.00356349 0 0.72668 0.00332774 0 0.731768 0.00306739 0 0.736513
0.00278304 0 0.740881 0.00247576 0 0.744843 0.00214949 0 0.748369 0.00180631
0 0.751444 0.00145248 0 0.754045 0.00108446 0 0.756174 0.000709843 0
0.757802 0.000313002 0 0.758888 -7.93722e-05 0 0.759439 -0.000465484 0 0.759361
-0.000933538 0 0.75855 -0.00154201 0 0.75676 -0.00235723 0 0.753768 -0.00349325
0 0.74895 -0.00513365 0 0.741765 -0.00751157 0 0.730824 -0.0109884 0
0.714962 -0.0160542 0 0.691031 -0.0235139 0 0.656698 -0.0346877 0 0.604501
-0.0524421 0 0.5308 -0.0833333 0 0.413705 -0.143723 0 0.274994 -0.218711
0 0 0 0 0.5 0 0 1 0 0
1 0 0 1 0 0 1 0 0 1
0 0 1 0 0 1 0 0 1 0
0 1 0 0 1 0 0 1 0 0
1 0 0 1 0 0 1 0 0 1
0 0 1 0 0 1 0 0 1 0
0 1 0 0 1 0 0 1 0 0
1 0 0 1 0 0 1 0 0 1
0 0 1 0 0 1 0 0 1 0
0 1 0 0 1 0 0 1 0 0
1 0 0 1 0 0 1 0 0 1
0 0 1 0 0 1 0 0 1 0
0 1 0 0 1 0 0 1 0 0
1 0 0 1 0 0 1 0 0 1
0 0 1 0 0 1 0 0 1 0
0 1 0 0 1 0 0 1 0 0
1 0 0 1 0 0 1 0 0 1
0 0 1 0 0 1 0 0 1 0
0 1 0 0 1 0 0 1 0 0
1 0 0 1 0 0 0.5 0 0 
